frame;person_id;nose_x;nose_y;nose_conf;left_eye_x;left_eye_y;left_eye_conf;right_eye_x;right_eye_y;right_eye_conf;left_ear_x;left_ear_y;left_ear_conf;right_ear_x;right_ear_y;right_ear_conf;left_shoulder_x;left_shoulder_y;left_shoulder_conf;right_shoulder_x;right_shoulder_y;right_shoulder_conf;left_elbow_x;left_elbow_y;left_elbow_conf;right_elbow_x;right_elbow_y;right_elbow_conf;left_wrist_x;left_wrist_y;left_wrist_conf;right_wrist_x;right_wrist_y;right_wrist_conf;left_hip_x;left_hip_y;left_hip_conf;right_hip_x;right_hip_y;right_hip_conf;left_knee_x;left_knee_y;left_knee_conf;right_knee_x;right_knee_y;right_knee_conf;left_ankle_x;left_ankle_y;left_ankle_conf;right_ankle_x;right_ankle_y;right_ankle_conf;left_elbow_angle_2d_proj;right_elbow_angle_2d_proj;left_knee_angle_2d_proj;right_knee_angle_2d_proj;left_hip_angle_2d_proj;right_hip_angle_2d_proj;left_shoulder_angle_2d_proj;right_shoulder_angle_2d_proj;left_wrist_apparent_velocity_px_s;right_wrist_apparent_velocity_px_s;detected_event
0;0;1491.78;586.15;0.94;1494.13;581.45;0.9;1491.78;579.88;0.83;1506.66;585.36;0.91;1514.49;585.36;0.74;1512.92;626.87;0.86;1529.37;619.82;0.84;1516.84;677.77;0.78;1516.84;673.85;0.75;1510.58;731.02;0.79;1484.73;701.26;0.74;1517.62;727.1;0.77;1534.07;727.1;0.75;1508.23;782.7;0.85;1520.76;778.79;0.81;1540.33;852.4;0.89;1547.38;839.08;0.85;168.89;143.54;145.67;141.73;167.72;163.05;1.71;15.56;;;
0;1;1145.0;570.89;0.9;1148.68;566.16;0.88;1141.33;566.16;0.88;1156.55;568.26;0.9;1137.65;569.84;0.78;1168.1;592.93;0.85;1129.25;595.56;0.85;1175.98;622.33;0.89;1122.96;621.81;0.77;1152.35;627.06;0.77;1130.3;627.06;0.69;1160.23;654.35;0.75;1140.8;654.88;0.75;1158.65;696.87;0.8;1145.0;697.92;0.8;1158.65;741.49;0.83;1152.88;738.87;0.83;86.31;112.04;177.88;174.69;174.82;174.56;22.3;24.51;;;
1;0;1490.43;585.93;0.98;1493.57;580.44;0.93;1491.22;578.87;0.86;1505.34;585.15;0.93;1510.83;584.36;0.73;1513.19;625.16;0.87;1529.66;618.89;0.86;1516.33;676.16;0.79;1515.54;672.24;0.77;1508.48;730.3;0.79;1486.51;702.84;0.77;1518.68;723.24;0.79;1533.59;722.45;0.77;1510.83;781.3;0.85;1518.68;774.24;0.8;1541.43;852.7;0.89;1543.79;833.87;0.83;168.23;151.33;149.11;141.11;169.1;161.77;0.32;17.0;66.68;71.5;
1;1;1144.43;570.6;0.9;1148.09;565.89;0.88;1141.29;565.89;0.88;1156.45;568.51;0.89;1137.63;569.55;0.78;1167.44;593.09;0.85;1128.74;595.7;0.86;1175.28;622.37;0.89;1122.46;622.37;0.79;1153.32;627.08;0.78;1130.31;626.55;0.7;1160.11;654.27;0.75;1140.24;654.79;0.76;1158.02;696.63;0.8;1144.43;697.15;0.81;1158.55;741.6;0.83;1152.79;738.99;0.83;87.1;104.83;176.51;174.33;176.0;174.62;21.82;24.26;29.0;15.09;
2;0;1489.85;582.98;0.96;1492.24;577.41;0.93;1489.85;576.61;0.84;1504.18;581.39;0.91;1508.96;581.39;0.7;1513.74;622.01;0.85;1528.08;615.64;0.83;1513.74;673.78;0.77;1518.52;669.0;0.71;1505.78;724.75;0.72;1490.64;704.04;0.68;1522.5;719.97;0.77;1532.06;718.38;0.74;1514.54;777.31;0.75;1513.74;769.35;0.71;1542.41;853.77;0.86;1543.21;834.66;0.79;171.12;151.65;152.06;135.95;166.98;158.01;5.11;12.37;185.77;129.55;
2;1;1144.42;570.68;0.9;1148.09;565.97;0.87;1140.76;565.97;0.88;1155.94;568.59;0.89;1137.62;569.64;0.78;1166.94;593.2;0.85;1128.72;595.81;0.86;1174.79;622.52;0.89;1122.43;621.99;0.78;1152.28;627.23;0.79;1130.29;626.18;0.71;1160.13;654.45;0.75;1140.24;655.5;0.76;1158.04;696.86;0.8;1144.42;697.91;0.81;1158.04;741.89;0.84;1152.8;739.27;0.83;86.83;104.58;177.17;174.19;176.49;174.72;21.34;24.42;31.6;11.26;
3;0;1486.92;572.38;0.94;1490.24;567.4;0.9;1488.58;566.57;0.8;1502.67;570.72;0.91;1511.79;570.72;0.72;1513.45;612.17;0.85;1527.55;605.54;0.8;1513.45;662.75;0.79;1536.67;656.95;0.64;1499.36;710.02;0.79;1529.21;706.7;0.5;1525.89;712.5;0.74;1524.23;710.02;0.7;1520.09;773.03;0.76;1505.99;759.77;0.73;1539.16;848.49;0.84;1540.82;828.59;0.78;163.39;161.41;160.34;133.02;167.46;161.68;7.07;11.88;483.61;1163.19;
3;1;1143.33;570.36;0.92;1147.57;566.12;0.88;1140.14;566.12;0.89;1155.54;568.77;0.91;1136.96;569.3;0.79;1166.15;593.19;0.86;1127.93;595.84;0.86;1174.11;622.92;0.9;1122.09;622.38;0.78;1151.82;627.69;0.79;1129.52;626.63;0.7;1159.25;654.76;0.76;1139.61;655.3;0.77;1157.66;696.7;0.8;1143.86;697.76;0.81;1157.66;741.82;0.83;1151.82;739.7;0.83;87.1;107.34;177.83;174.96;175.78;174.6;21.39;23.52;19.63;26.66;
4;0;1486.94;572.46;0.94;1490.26;567.49;0.9;1488.6;566.66;0.8;1502.7;570.8;0.91;1510.99;570.8;0.72;1513.47;612.25;0.85;1527.57;605.62;0.8;1513.47;662.83;0.79;1536.69;657.02;0.64;1499.38;710.08;0.79;1528.4;706.77;0.51;1525.91;712.57;0.74;1524.25;710.08;0.7;1519.28;773.09;0.76;1506.01;759.82;0.73;1539.17;848.53;0.83;1540.83;829.46;0.77;163.39;160.48;158.97;133.3;166.68;161.68;7.07;11.88;2.11;24.47;
4;1;1143.38;570.51;0.92;1147.62;566.27;0.88;1140.2;566.27;0.89;1155.57;568.39;0.91;1137.02;569.45;0.79;1166.17;593.29;0.86;1128.02;595.94;0.86;1174.12;622.44;0.9;1122.19;622.44;0.78;1151.33;627.74;0.79;1129.61;626.68;0.7;1159.28;654.24;0.76;1139.67;655.3;0.76;1157.16;696.63;0.8;1143.91;697.69;0.8;1157.69;741.67;0.83;1151.86;739.55;0.83;87.84;107.34;176.46;174.96;176.41;174.6;21.7;23.52;14.72;2.82;
5;0;1486.99;572.45;0.94;1490.3;567.48;0.91;1488.64;566.65;0.8;1502.73;570.8;0.91;1511.02;570.8;0.72;1513.5;612.23;0.85;1527.59;605.6;0.8;1513.5;663.6;0.79;1535.87;657.8;0.64;1499.42;710.83;0.79;1528.42;707.52;0.52;1525.1;712.49;0.74;1524.27;710.0;0.7;1519.3;772.98;0.76;1506.04;759.72;0.73;1539.19;848.38;0.84;1540.85;829.32;0.77;163.39;162.45;159.75;133.3;167.92;161.68;6.6;10.84;22.55;22.58;
5;1;1143.88;570.56;0.92;1147.6;566.31;0.88;1140.16;566.31;0.89;1155.56;568.97;0.91;1136.98;569.5;0.8;1166.17;593.38;0.86;1127.96;595.51;0.86;1174.13;622.58;0.89;1122.12;622.05;0.78;1151.31;627.35;0.78;1129.55;626.82;0.69;1159.27;654.42;0.76;1139.63;654.95;0.76;1157.68;696.89;0.79;1143.88;697.42;0.8;1157.68;742.0;0.83;1151.84;739.88;0.83;86.57;110.33;177.85;175.09;175.7;174.6;21.7;23.52;11.63;4.62;
6;0;1486.72;569.62;0.93;1490.01;564.68;0.9;1488.37;563.85;0.8;1502.38;568.8;0.9;1509.8;568.8;0.72;1513.92;609.19;0.86;1524.63;603.42;0.8;1514.74;659.47;0.8;1532.05;654.52;0.65;1495.78;703.16;0.78;1525.46;702.33;0.52;1526.28;707.28;0.74;1523.81;705.63;0.7;1518.86;769.1;0.74;1507.32;760.03;0.75;1538.65;846.58;0.83;1537.82;830.1;0.8;155.6;163.89;158.83;139.62;165.97;163.6;6.25;8.72;255.46;179.59;
6;1;1143.74;570.88;0.92;1147.43;566.14;0.89;1140.58;566.67;0.89;1155.33;568.78;0.9;1136.9;569.83;0.8;1165.86;593.53;0.85;1127.94;596.16;0.86;1174.29;623.02;0.89;1121.1;622.5;0.78;1151.64;627.24;0.78;1129.52;626.71;0.7;1159.54;654.62;0.75;1139.53;655.15;0.76;1157.44;696.76;0.79;1144.27;697.28;0.8;1157.96;741.52;0.82;1152.17;739.42;0.83;84.59;101.99;176.46;175.8;176.96;175.31;21.85;25.69;10.57;3.47;
7;0;1486.97;569.28;0.99;1490.24;565.19;0.92;1487.79;564.37;0.85;1503.32;569.28;0.89;1506.59;569.28;0.74;1514.76;608.52;0.88;1523.76;603.61;0.82;1513.95;659.2;0.81;1532.75;653.48;0.64;1489.42;699.26;0.78;1527.03;696.81;0.49;1527.03;706.62;0.77;1527.03;704.16;0.73;1518.03;769.57;0.77;1509.86;762.21;0.77;1541.74;846.41;0.86;1533.57;833.33;0.84;149.45;162.25;154.72;145.09;164.74;161.66;8.05;8.36;224.58;172.85;
7;1;1142.75;570.58;0.92;1146.95;565.86;0.89;1139.61;565.86;0.89;1154.82;568.48;0.9;1135.93;569.53;0.79;1165.32;593.67;0.85;1127.01;595.77;0.85;1173.19;623.06;0.89;1120.71;622.01;0.77;1151.15;627.26;0.78;1128.06;626.21;0.7;1159.02;654.55;0.75;1139.08;655.07;0.75;1156.92;696.53;0.79;1143.8;697.58;0.81;1157.45;741.66;0.83;1151.68;740.09;0.83;85.79;106.25;176.47;175.85;176.96;174.84;20.9;25.0;14.82;46.53;
8;0;1486.81;572.4;1.03;1490.05;567.54;0.94;1487.62;567.54;0.89;1503.82;572.4;0.89;1503.82;573.21;0.76;1514.34;610.45;0.9;1523.25;606.4;0.84;1518.39;657.42;0.84;1532.16;656.61;0.67;1482.77;694.66;0.8;1524.06;697.09;0.49;1525.68;709.24;0.8;1526.49;706.81;0.74;1516.77;771.58;0.78;1510.3;765.92;0.79;1543.49;848.51;0.88;1533.78;837.17;0.86;131.35;158.63;152.71;146.44;165.32;162.83;1.62;8.21;243.41;89.64;
8;1;1142.29;570.45;0.91;1146.48;565.73;0.89;1139.14;565.73;0.88;1154.35;568.88;0.89;1135.47;569.93;0.8;1164.84;594.06;0.85;1126.55;595.63;0.86;1172.71;623.43;0.89;1120.26;621.86;0.77;1149.11;627.63;0.76;1127.6;627.1;0.69;1158.55;654.9;0.74;1138.62;655.43;0.75;1156.98;696.87;0.78;1143.34;697.92;0.8;1156.98;741.98;0.82;1151.73;739.88;0.82;85.09;112.04;177.85;175.03;176.24;174.93;20.9;24.9;62.48;30.23;
9;0;1486.86;577.14;1.05;1490.9;572.29;0.94;1487.67;571.48;0.9;1503.83;577.94;0.91;1503.83;577.94;0.77;1517.56;615.11;0.91;1520.79;611.88;0.85;1521.6;661.97;0.87;1527.26;661.97;0.68;1478.78;691.86;0.85;1519.99;698.32;0.44;1524.83;714.48;0.82;1523.22;712.87;0.75;1515.14;778.31;0.81;1511.91;774.27;0.79;1545.84;852.64;0.89;1536.14;838.9;0.9;119.99;161.34;148.92;149.01;167.18;168.19;0.74;5.98;146.54;128.11;
9;1;1142.71;570.45;0.91;1146.37;565.74;0.9;1139.04;565.74;0.89;1154.23;568.88;0.89;1135.38;569.4;0.8;1164.7;594.01;0.85;1126.47;595.59;0.86;1172.03;623.34;0.89;1120.19;621.77;0.76;1148.47;627.01;0.77;1127.52;627.01;0.7;1158.42;654.76;0.75;1138.52;655.81;0.76;1156.85;696.65;0.79;1142.71;697.7;0.8;1156.85;742.21;0.82;1151.61;739.59;0.83;84.81;112.04;177.85;173.71;176.24;174.4;19.94;24.81;26.89;3.84;
10;0;1487.57;580.15;1.03;1491.53;576.19;0.95;1488.36;575.4;0.88;1504.98;581.73;0.96;1501.03;582.53;0.75;1518.44;621.32;0.89;1519.24;617.36;0.81;1520.03;669.61;0.86;1523.99;664.86;0.68;1475.69;692.57;0.87;1516.07;690.99;0.43;1523.19;719.49;0.79;1523.99;717.91;0.72;1512.9;781.25;0.82;1510.53;778.08;0.79;1546.95;853.3;0.87;1536.65;843.0;0.89;115.5;157.43;145.25;145.47;167.77;164.69;0.89;3.01;95.47;250.18;
10;1;1141.53;570.12;0.91;1145.71;565.94;0.89;1138.39;565.94;0.89;1153.55;568.55;0.89;1134.74;569.59;0.79;1163.99;594.15;0.85;1126.38;595.72;0.86;1172.35;623.41;0.89;1120.11;621.84;0.77;1148.32;627.07;0.77;1127.42;627.07;0.7;1158.25;654.76;0.75;1138.39;655.28;0.76;1156.68;696.56;0.79;1143.1;697.61;0.81;1156.68;742.02;0.82;1151.46;739.4;0.83;82.71;112.04;177.85;175.03;176.73;174.93;21.36;24.9;4.83;3.58;
11;0;1487.57;580.5;1.03;1491.56;576.5;0.95;1488.37;575.7;0.88;1505.16;582.1;0.96;1502.76;582.1;0.75;1517.96;620.48;0.89;1519.56;617.28;0.82;1520.36;669.27;0.86;1523.55;665.27;0.68;1475.57;692.46;0.86;1516.36;690.06;0.43;1523.55;719.65;0.79;1523.55;718.05;0.72;1512.36;781.23;0.81;1510.76;778.83;0.79;1546.75;853.21;0.87;1537.15;842.81;0.9;114.56;159.05;144.16;145.7;166.46;165.84;0.42;2.49;5.0;29.3;
11;1;1142.02;570.11;0.91;1145.68;565.93;0.89;1138.36;565.93;0.89;1153.52;568.54;0.89;1134.71;569.59;0.79;1163.98;594.15;0.85;1126.34;595.72;0.86;1172.34;623.43;0.89;1120.07;621.86;0.77;1148.3;627.09;0.77;1127.39;627.09;0.7;1158.23;654.79;0.75;1138.36;655.31;0.76;1156.66;696.61;0.79;1143.07;697.65;0.81;1156.66;742.09;0.82;1151.43;739.47;0.83;82.71;112.04;177.85;175.03;176.73;174.93;21.36;24.9;0.88;1.12;
12;0;1487.1;583.66;1.03;1491.03;579.72;0.94;1487.88;578.93;0.88;1505.2;585.23;0.97;1510.71;585.23;0.75;1517.79;624.58;0.89;1517.0;620.65;0.81;1520.94;674.17;0.87;1523.3;667.87;0.67;1473.72;693.84;0.88;1513.86;690.7;0.42;1522.51;722.18;0.78;1524.09;720.6;0.71;1509.13;782.78;0.79;1506.77;780.42;0.8;1546.13;852.83;0.85;1538.25;844.96;0.86;108.99;149.93;139.71;137.85;164.78;159.8;0.86;3.54;69.62;77.66;
12;1;1142.04;570.28;0.91;1145.69;565.59;0.89;1138.39;565.59;0.88;1153.51;568.71;0.88;1134.74;569.24;0.79;1163.94;594.26;0.84;1125.88;595.83;0.85;1171.24;623.46;0.89;1119.62;621.9;0.76;1147.78;627.63;0.76;1126.92;627.11;0.69;1158.21;654.75;0.74;1138.39;655.27;0.75;1156.64;696.46;0.78;1142.56;697.5;0.8;1156.64;741.82;0.82;1151.43;740.26;0.82;86.04;112.04;177.85;173.93;176.73;173.75;19.45;25.38;22.69;14.07;
13;0;1486.58;583.97;0.98;1490.52;579.24;0.92;1487.37;579.24;0.84;1504.7;584.76;0.94;1509.43;585.54;0.73;1518.1;626.51;0.86;1515.73;622.57;0.77;1519.67;677.72;0.84;1522.04;669.84;0.64;1473.98;696.63;0.85;1514.16;698.2;0.41;1521.25;721.05;0.74;1520.46;719.47;0.68;1506.28;781.71;0.74;1502.34;778.56;0.76;1543.31;850.25;0.83;1536.22;843.95;0.83;110.72;156.88;137.76;135.56;164.23;160.16;0.15;4.8;84.11;226.07;
13;1;1140.36;570.18;0.91;1144.54;566.0;0.89;1137.22;566.0;0.89;1152.91;568.61;0.89;1133.56;569.66;0.79;1162.85;594.24;0.85;1125.19;596.34;0.85;1170.17;623.54;0.89;1118.91;623.01;0.77;1147.68;628.77;0.76;1126.24;627.72;0.7;1157.1;654.92;0.74;1137.74;655.44;0.75;1155.53;696.77;0.79;1141.93;697.81;0.8;1156.05;741.75;0.83;1150.3;740.7;0.83;89.06;109.49;177.19;174.6;176.73;173.65;19.45;25.23;34.22;27.55;
14;0;1485.89;581.21;0.97;1490.64;576.45;0.9;1486.68;575.66;0.85;1503.33;582.79;0.94;1505.71;583.58;0.71;1517.6;623.22;0.85;1517.6;620.05;0.78;1518.39;673.17;0.83;1519.18;668.41;0.66;1477.17;697.75;0.81;1481.13;700.12;0.44;1517.6;718.36;0.77;1526.32;717.57;0.71;1499.36;777.82;0.83;1516.01;776.23;0.78;1539.0;844.41;0.84;1535.83;845.21;0.81;119.89;127.93;132.19;154.0;162.95;164.93;0.91;3.23;101.65;995.57;
14;1;1140.26;569.87;0.9;1144.44;565.16;0.89;1137.12;565.16;0.88;1152.29;568.83;0.89;1133.46;569.87;0.78;1162.75;594.46;0.83;1124.56;596.55;0.84;1170.07;623.75;0.88;1118.29;623.23;0.76;1147.06;628.46;0.75;1125.09;628.46;0.69;1156.47;654.61;0.73;1137.12;655.66;0.74;1154.9;696.46;0.77;1141.3;697.5;0.79;1155.43;741.96;0.83;1150.19;740.39;0.82;87.52;114.33;177.19;174.0;176.19;173.72;19.99;25.23;21.02;41.07;
15;0;1484.99;578.61;0.97;1488.95;573.06;0.92;1484.99;573.06;0.87;1504.01;578.61;0.94;1500.84;579.4;0.7;1516.69;619.03;0.84;1516.69;615.86;0.77;1518.28;668.17;0.82;1515.9;665.0;0.66;1481.82;699.08;0.78;1488.16;704.62;0.48;1517.48;715.72;0.75;1525.41;714.14;0.69;1500.05;773.58;0.82;1517.48;772.79;0.79;1538.09;843.32;0.84;1535.71;840.15;0.81;128.44;145.93;134.62;157.16;162.76;167.23;1.38;5.99;145.59;251.13;
15;1;1139.82;570.25;0.91;1144.02;565.51;0.89;1136.66;565.51;0.89;1151.91;568.67;0.89;1132.46;569.72;0.8;1161.9;594.43;0.84;1123.52;596.54;0.85;1168.74;623.88;0.88;1118.26;623.88;0.77;1145.6;629.66;0.76;1126.15;630.71;0.68;1156.64;654.38;0.74;1136.66;655.43;0.75;1154.01;696.44;0.78;1140.87;697.49;0.79;1155.07;742.19;0.83;1149.28;740.61;0.83;90.97;120.03;175.11;174.67;178.56;173.13;18.08;23.47;56.88;75.05;
16;0;1484.31;578.59;0.97;1489.07;573.04;0.92;1485.1;572.24;0.87;1503.35;578.59;0.94;1500.97;579.39;0.71;1516.84;619.07;0.85;1516.84;615.89;0.77;1518.43;667.48;0.81;1515.26;665.1;0.67;1481.93;699.22;0.77;1486.69;703.98;0.49;1517.64;715.89;0.76;1525.57;714.3;0.7;1500.18;773.82;0.82;1517.64;773.03;0.79;1538.27;842.87;0.84;1535.89;840.48;0.81;129.13;145.54;134.34;157.16;162.76;167.23;1.41;6.92;5.46;48.27;
16;1;1139.87;569.79;0.91;1144.08;565.59;0.89;1136.72;565.59;0.89;1151.95;568.74;0.89;1132.52;569.79;0.8;1161.93;594.47;0.84;1123.6;596.57;0.85;1168.76;623.87;0.89;1117.82;624.4;0.77;1145.65;629.65;0.76;1125.7;631.22;0.67;1156.68;654.33;0.73;1136.2;655.38;0.74;1154.05;696.34;0.78;1140.92;697.91;0.79;1155.1;742.02;0.83;1148.8;740.44;0.83;90.97;119.19;175.11;175.85;178.56;174.25;18.08;23.82;1.54;20.45;
17;0;1484.73;575.86;1.01;1487.94;571.06;0.95;1485.53;570.26;0.88;1501.54;575.06;0.94;1503.94;575.86;0.74;1515.95;614.28;0.87;1518.35;611.08;0.79;1518.35;663.09;0.84;1520.75;661.49;0.69;1487.14;699.91;0.8;1496.74;706.31;0.52;1517.55;712.71;0.78;1525.55;710.31;0.73;1501.54;771.93;0.81;1518.35;770.33;0.81;1539.15;843.16;0.88;1534.35;839.96;0.81;136.89;149.1;137.04;160.21;163.94;169.01;1.88;1.42;158.12;310.46;
17;1;1139.39;570.2;0.92;1143.08;565.45;0.89;1136.22;565.98;0.89;1150.98;569.14;0.88;1132.01;569.67;0.8;1161.53;594.97;0.84;1123.05;596.55;0.85;1168.38;624.49;0.89;1118.3;623.96;0.77;1145.71;630.82;0.76;1123.57;632.4;0.69;1155.73;654.54;0.74;1135.7;655.59;0.75;1153.62;697.23;0.78;1140.44;698.29;0.8;1154.67;742.56;0.83;1148.88;740.45;0.82;92.52;138.18;175.84;175.03;177.27;174.25;18.63;21.91;35.16;72.98;
18;0;1137.92;569.72;0.91;1141.6;565.51;0.87;1134.76;565.51;0.89;1149.49;568.67;0.87;1131.07;569.72;0.79;1159.49;594.45;0.84;1122.65;596.56;0.85;1167.91;624.45;0.89;1117.92;623.4;0.8;1145.28;633.4;0.76;1122.65;634.45;0.72;1155.28;654.45;0.75;1135.28;655.5;0.76;1152.65;696.55;0.79;1139.5;697.6;0.8;1154.23;742.34;0.84;1148.44;739.71;0.83;95.89;146.79;174.45;173.71;179.56;173.62;19.69;22.1;10480.02;11462.93;
18;1;1484.09;573.92;1.03;1487.33;569.07;0.94;1484.9;569.88;0.87;1504.31;573.11;0.92;1505.12;574.73;0.74;1516.44;613.55;0.88;1521.29;609.51;0.82;1516.44;660.45;0.84;1525.34;659.65;0.71;1496.22;704.93;0.82;1508.35;704.13;0.57;1521.29;712.21;0.81;1523.72;709.79;0.76;1508.35;772.87;0.78;1509.97;769.63;0.78;1545.55;845.65;0.87;1531.0;838.37;0.88;155.56;154.49;140.89;150.05;165.14;165.68;2.82;3.22;10780.93;11778.41;
19;0;1138.13;569.53;0.91;1141.79;565.34;0.87;1134.99;565.34;0.89;1149.64;569.0;0.87;1130.8;569.53;0.79;1159.59;594.65;0.84;1122.43;596.74;0.85;1167.96;624.48;0.89;1117.72;623.44;0.8;1145.46;633.38;0.76;1122.43;634.43;0.72;1155.4;654.32;0.74;1134.99;655.36;0.76;1152.78;696.19;0.79;1139.7;697.76;0.8;1154.35;742.25;0.84;1148.6;739.63;0.83;95.89;146.79;174.47;174.34;179.56;174.25;19.69;22.1;5.21;6.89;
19;1;1484.29;573.96;1.04;1487.53;569.11;0.95;1485.1;569.92;0.88;1503.71;573.15;0.92;1504.52;574.77;0.74;1515.85;612.81;0.88;1521.52;608.76;0.82;1516.66;660.56;0.84;1524.75;659.75;0.71;1496.43;705.07;0.82;1508.57;705.07;0.57;1520.71;712.35;0.81;1523.13;710.73;0.77;1507.76;773.05;0.78;1510.19;769.81;0.78;1545.79;845.88;0.87;1531.23;839.41;0.88;154.59;156.71;140.38;150.82;165.16;166.73;1.82;2.72;7.38;29.05;
20;0;1137.48;569.34;0.91;1141.14;565.15;0.88;1133.81;565.15;0.9;1149.0;568.82;0.87;1130.14;569.34;0.79;1158.96;594.49;0.84;1121.76;596.59;0.85;1167.86;624.36;0.89;1116.52;623.84;0.8;1144.29;634.32;0.75;1119.66;634.32;0.74;1154.77;654.75;0.74;1134.86;655.8;0.76;1152.67;696.67;0.79;1139.57;698.24;0.8;1153.72;742.25;0.83;1148.48;740.15;0.83;96.28;152.42;175.82;174.34;178.88;173.87;20.59;23.36;45.06;83.3;
20;1;1484.61;576.54;1.04;1487.0;570.97;0.95;1485.41;571.76;0.87;1502.94;575.75;0.94;1506.92;576.54;0.77;1514.89;615.58;0.88;1522.06;611.6;0.82;1515.69;664.98;0.85;1525.25;662.59;0.69;1495.77;706.41;0.81;1500.55;704.02;0.58;1520.47;713.58;0.8;1521.26;712.79;0.75;1510.91;776.53;0.81;1508.52;771.75;0.8;1550.74;848.24;0.9;1530.03;840.27;0.92;153.4;145.62;142.31;150.37;168.11;168.25;2.33;4.03;45.15;243.38;
21;0;1136.64;569.31;0.9;1140.29;565.13;0.87;1132.98;565.13;0.9;1148.64;568.79;0.87;1129.33;569.31;0.79;1158.04;594.37;0.84;1121.5;596.45;0.84;1166.92;624.12;0.89;1116.8;623.6;0.79;1143.42;635.61;0.74;1118.89;635.61;0.72;1154.91;654.4;0.74;1134.55;655.44;0.75;1152.3;695.64;0.79;1139.25;697.2;0.8;1153.34;742.1;0.82;1148.64;740.01;0.83;99.45;160.31;175.09;174.04;179.37;173.94;19.59;22.29;46.71;45.24;
21;1;1484.53;580.1;1.05;1486.93;574.5;1.0;1485.33;574.5;0.88;1502.93;578.5;0.94;1507.73;580.1;0.75;1514.93;620.9;0.86;1523.73;615.3;0.81;1514.13;669.7;0.83;1518.13;666.5;0.72;1498.13;715.3;0.8;1492.53;700.1;0.66;1518.93;719.3;0.79;1521.33;716.9;0.73;1512.53;780.9;0.81;1509.33;774.5;0.79;1558.13;849.7;0.92;1531.73;841.7;0.93;161.6;148.94;140.53;149.8;171.74;169.58;3.27;4.89;276.81;268.61;
22;0;1136.53;569.25;0.91;1140.18;565.08;0.87;1133.4;565.08;0.9;1148.53;568.73;0.87;1129.23;569.77;0.78;1158.44;594.29;0.85;1121.4;596.38;0.85;1166.79;624.55;0.89;1116.71;623.51;0.79;1143.31;635.51;0.74;1118.79;635.51;0.72;1154.79;654.29;0.74;1134.97;655.33;0.75;1152.18;695.51;0.79;1139.14;697.59;0.8;1153.23;742.46;0.83;1148.53;740.37;0.83;99.59;160.31;175.11;173.26;179.86;172.68;18.91;22.78;4.41;4.09;
22;1;1484.66;580.15;1.05;1487.07;574.55;1.0;1485.46;574.55;0.88;1503.08;578.55;0.95;1507.88;580.15;0.75;1514.29;620.18;0.86;1523.89;614.58;0.8;1514.29;669.82;0.84;1517.49;665.82;0.72;1497.47;714.65;0.8;1492.67;700.24;0.66;1519.09;718.65;0.79;1520.69;717.05;0.73;1512.68;780.3;0.81;1509.48;774.7;0.79;1557.52;849.15;0.92;1531.9;841.94;0.93;159.44;151.34;141.0;150.56;171.28;170.79;2.79;5.34;27.81;5.94;
23;0;1484.03;583.42;1.06;1487.22;577.85;1.02;1485.62;577.85;0.89;1503.15;581.03;0.95;1510.32;582.63;0.74;1513.5;624.04;0.84;1525.45;618.47;0.78;1513.5;672.63;0.82;1526.24;669.44;0.69;1496.77;715.64;0.78;1493.59;704.49;0.62;1519.08;721.21;0.76;1522.26;718.82;0.68;1514.3;783.34;0.78;1509.52;775.37;0.76;1562.88;851.04;0.93;1531.02;843.08;0.93;158.75;136.13;139.94;149.68;172.32;169.12;3.28;2.71;10906.38;11467.9;
23;1;1135.29;569.39;0.92;1139.52;565.16;0.87;1132.11;565.16;0.9;1147.46;568.86;0.88;1128.4;569.39;0.79;1158.05;594.27;0.84;1120.46;596.39;0.84;1166.52;624.45;0.89;1116.23;623.92;0.8;1143.76;636.1;0.75;1118.87;636.63;0.72;1154.34;653.57;0.74;1134.23;655.15;0.75;1150.64;694.86;0.78;1138.46;696.98;0.79;1152.76;741.97;0.81;1147.99;739.86;0.81;101.42;159.49;172.3;173.25;178.45;172.6;19.26;21.93;10903.55;11410.14;
24;0;1484.36;585.45;1.08;1486.73;579.93;1.07;1485.15;580.72;0.91;1502.49;583.87;0.96;1510.38;584.66;0.71;1513.53;627.23;0.83;1522.99;620.13;0.77;1511.95;678.47;0.81;1510.38;672.16;0.69;1498.55;724.98;0.79;1493.82;708.43;0.67;1519.05;726.56;0.75;1521.41;723.41;0.68;1516.68;787.26;0.78;1506.44;774.65;0.75;1566.35;852.69;0.94;1530.09;842.45;0.91;165.69;169.09;140.57;144.48;174.59;164.58;4.94;12.75;286.24;118.78;
24;1;1134.48;568.87;0.91;1138.72;564.63;0.86;1131.31;564.63;0.9;1147.2;568.87;0.88;1127.6;569.4;0.78;1157.26;594.29;0.84;1119.65;596.41;0.84;1166.26;623.95;0.89;1115.42;624.48;0.81;1144.02;637.2;0.75;1118.59;638.78;0.74;1154.08;653.62;0.74;1133.95;655.2;0.75;1149.31;694.4;0.78;1138.19;697.05;0.79;1152.49;741.54;0.81;1147.73;739.95;0.81;103.88;158.89;169.48;173.25;176.4;172.11;19.95;22.25;34.02;65.53;
25;0;1483.25;586.08;1.08;1486.43;580.51;1.11;1484.04;581.3;0.91;1500.77;585.28;0.99;1509.53;586.08;0.68;1511.12;628.29;0.83;1520.68;621.92;0.77;1510.33;681.65;0.81;1514.31;673.68;0.68;1495.99;729.43;0.77;1495.99;711.11;0.64;1522.27;727.84;0.74;1518.29;723.86;0.69;1519.88;789.16;0.78;1506.34;775.62;0.78;1570.06;856.86;0.92;1529.44;843.32;0.87;164.16;160.94;141.22;148.17;171.38;168.35;7.25;5.67;154.47;103.9;
25;1;1133.54;568.41;0.92;1137.76;564.72;0.87;1130.38;564.72;0.91;1145.67;568.41;0.88;1126.69;568.94;0.79;1156.22;594.25;0.84;1118.78;596.36;0.84;1165.19;623.79;0.88;1115.08;623.79;0.8;1144.09;638.03;0.76;1118.78;640.67;0.73;1153.59;652.8;0.74;1133.54;654.38;0.75;1147.78;692.88;0.78;1137.24;696.05;0.78;1150.42;740.88;0.81;1147.26;739.82;0.8;107.13;159.99;168.62;172.17;174.34;170.78;19.47;21.95;25.19;56.9;
26;0;1483.17;586.55;1.05;1485.55;581.81;1.08;1483.17;582.6;0.87;1499.77;584.97;0.95;1507.68;584.97;0.65;1510.84;628.45;0.83;1521.91;619.76;0.78;1508.47;682.21;0.81;1527.44;671.93;0.63;1493.45;727.27;0.81;1511.63;717.78;0.5;1522.7;726.48;0.74;1521.12;724.11;0.69;1523.49;789.72;0.8;1506.1;773.12;0.8;1572.5;859.29;0.91;1529.82;842.69;0.86;164.09;154.92;145.55;144.14;173.82;163.4;9.42;6.49;100.39;511.7;
26;1;1131.61;568.96;0.91;1136.32;564.77;0.87;1128.99;564.77;0.91;1144.69;569.48;0.89;1125.85;569.48;0.78;1155.16;594.6;0.84;1117.48;596.69;0.84;1164.05;624.95;0.88;1114.34;624.95;0.8;1143.12;639.6;0.76;1116.95;642.74;0.7;1153.06;652.69;0.73;1132.65;654.78;0.74;1146.78;691.94;0.77;1135.79;696.12;0.77;1148.35;740.6;0.8;1147.31;739.03;0.76;108.66;165.29;169.06;169.32;172.97;169.7;18.4;20.98;55.69;83.15;
27;0;1483.11;586.52;1.05;1485.49;581.78;1.08;1483.11;582.57;0.87;1499.72;584.94;0.95;1507.63;584.94;0.65;1510.79;628.44;0.83;1521.87;619.74;0.78;1508.42;682.22;0.81;1527.4;671.94;0.63;1493.39;727.3;0.81;1512.38;718.6;0.5;1522.66;726.51;0.74;1521.08;724.14;0.7;1523.45;789.78;0.8;1506.05;773.17;0.8;1572.48;859.38;0.91;1529.78;842.77;0.86;164.09;156.1;145.55;144.14;173.82;163.4;9.42;6.49;1.93;33.22;
27;1;1131.58;568.53;0.91;1136.29;564.87;0.87;1128.96;564.87;0.91;1144.66;569.57;0.89;1125.3;569.57;0.78;1155.12;594.69;0.84;1117.45;596.78;0.84;1164.01;625.03;0.88;1114.31;625.03;0.8;1143.09;639.68;0.75;1116.93;642.82;0.7;1153.03;652.76;0.73;1132.62;654.85;0.74;1146.75;692.0;0.77;1135.76;696.18;0.77;1148.32;740.13;0.79;1147.27;738.56;0.76;108.66;165.29;169.04;169.15;172.97;169.7;18.4;20.98;2.43;2.33;
28;0;1481.92;586.42;1.09;1485.14;581.59;1.13;1482.72;583.2;0.91;1498.81;584.81;0.99;1501.23;584.81;0.67;1511.69;627.45;0.84;1520.54;618.6;0.79;1510.08;680.55;0.85;1529.39;670.1;0.62;1493.18;724.0;0.82;1514.1;716.76;0.48;1522.95;724.81;0.76;1521.34;722.39;0.72;1530.19;790.78;0.81;1506.05;773.08;0.81;1574.44;862.39;0.93;1529.39;843.08;0.87;160.49;152.11;154.55;144.78;179.66;162.77;8.34;9.31;99.45;75.88;
28;1;1130.59;569.16;0.93;1134.71;565.03;0.87;1127.5;565.03;0.92;1143.48;569.67;0.88;1124.4;569.67;0.78;1153.79;594.42;0.85;1116.67;596.48;0.86;1162.55;625.87;0.88;1113.06;624.84;0.83;1140.38;642.88;0.75;1117.18;643.91;0.75;1152.76;652.16;0.74;1131.1;654.23;0.75;1146.06;691.35;0.78;1134.71;695.99;0.78;1146.06;740.32;0.8;1146.57;738.26;0.78;111.93;160.55;170.29;169.27;171.32;170.9;16.6;21.29;126.15;33.89;
29;0;1481.21;586.93;1.1;1483.63;581.28;1.14;1481.21;582.09;0.91;1497.35;584.51;1.02;1500.58;583.7;0.68;1511.88;626.47;0.85;1518.34;618.4;0.78;1511.07;678.93;0.87;1529.64;668.44;0.61;1491.71;720.09;0.84;1519.15;715.25;0.46;1524.79;723.32;0.77;1523.18;720.9;0.72;1535.29;790.31;0.83;1506.23;773.36;0.83;1575.64;862.94;0.95;1529.64;842.76;0.88;155.68;154.64;159.85;143.46;178.69;159.39;8.48;10.02;125.75;158.47;
29;1;1129.61;569.87;0.93;1134.23;565.77;0.87;1126.53;565.77;0.92;1142.44;570.39;0.89;1123.45;570.9;0.78;1152.7;595.54;0.86;1116.26;597.08;0.86;1161.94;626.85;0.89;1112.67;625.82;0.84;1139.36;645.32;0.76;1116.78;646.35;0.78;1151.68;652.51;0.74;1130.63;654.56;0.74;1145.0;691.52;0.79;1133.71;696.65;0.78;1143.46;740.79;0.81;1146.03;737.71;0.78;112.85;161.57;172.08;167.49;171.33;170.15;17.47;21.16;79.64;74.3;
30;0;1478.99;586.55;1.09;1481.42;580.89;1.12;1478.99;581.7;0.89;1495.15;584.12;1.03;1499.19;583.32;0.67;1510.5;625.32;0.85;1516.15;617.24;0.77;1512.11;677.02;0.84;1530.7;666.52;0.61;1490.3;718.22;0.83;1521.0;713.38;0.45;1528.27;722.26;0.75;1519.39;719.84;0.71;1541.2;788.51;0.82;1504.84;773.16;0.83;1577.55;862.83;0.92;1529.08;842.63;0.87;150.31;151.87;164.98;145.51;179.35;162.94;8.6;14.64;70.28;79.34;
30;1;1128.75;570.51;0.92;1132.83;566.94;0.87;1125.69;566.94;0.92;1141.5;571.53;0.9;1122.13;571.53;0.78;1151.69;596.51;0.85;1115.5;597.53;0.85;1161.89;627.6;0.89;1111.93;627.09;0.84;1139.97;647.48;0.76;1117.03;649.01;0.79;1151.18;653.6;0.73;1129.77;655.13;0.73;1144.56;691.83;0.78;1132.32;697.44;0.77;1141.5;740.77;0.79;1145.58;737.2;0.79;114.05;160.03;173.74;165.01;170.68;169.53;18.66;20.8;67.57;80.53;
31;0;1477.49;586.49;1.06;1479.92;580.82;1.08;1476.68;581.63;0.86;1493.69;584.06;1.01;1497.74;583.25;0.66;1509.08;626.18;0.84;1513.94;618.89;0.75;1512.32;677.2;0.82;1530.14;666.67;0.61;1488.02;718.51;0.81;1521.23;712.03;0.44;1532.57;722.56;0.74;1516.37;720.94;0.7;1545.53;789.79;0.81;1501.79;775.21;0.82;1577.93;862.68;0.92;1526.9;840.81;0.86;145.9;150.16;166.95;144.02;177.22;163.6;10.06;17.36;69.25;41.09;
31;1;1127.99;572.42;0.92;1132.04;568.37;0.87;1124.44;568.37;0.93;1140.64;572.92;0.9;1121.41;572.92;0.78;1150.26;597.73;0.84;1114.82;599.25;0.85;1160.39;628.61;0.87;1112.29;628.61;0.84;1139.63;650.89;0.74;1116.85;653.42;0.79;1151.27;654.43;0.73;1129.0;655.95;0.71;1144.19;693.41;0.77;1131.02;697.97;0.76;1139.12;741.51;0.78;1145.2;737.46;0.8;118.87;164.67;175.7;163.01;168.67;168.72;17.13;18.96;102.88;132.64;
32;0;1477.8;585.74;1.04;1480.24;580.87;1.06;1476.99;580.87;0.85;1494.02;584.12;1.0;1498.08;583.31;0.65;1509.43;625.48;0.83;1514.3;618.99;0.74;1511.87;677.39;0.82;1530.52;666.84;0.61;1488.35;718.75;0.8;1521.6;712.26;0.44;1532.14;722.8;0.73;1516.73;721.18;0.69;1545.12;789.31;0.81;1502.13;775.52;0.81;1578.37;862.3;0.91;1527.27;841.21;0.85;147.69;150.16;166.55;144.02;177.91;163.6;10.45;17.36;12.12;13.07;
32;1;1127.97;571.91;0.92;1132.03;568.36;0.87;1124.42;568.36;0.92;1140.66;572.93;0.9;1121.38;572.93;0.78;1149.79;597.28;0.84;1114.78;599.31;0.84;1160.45;628.75;0.86;1112.24;628.75;0.84;1139.14;651.07;0.73;1116.81;653.1;0.79;1150.81;654.12;0.72;1128.99;655.64;0.71;1144.21;693.19;0.77;1131.02;697.76;0.76;1139.64;741.4;0.79;1145.23;736.83;0.79;117.62;164.45;175.83;162.78;169.39;168.6;17.69;19.08;15.92;9.53;
33;0;1470.49;586.24;1.0;1472.93;580.54;1.0;1470.49;580.54;0.79;1486.78;584.61;0.95;1494.1;584.61;0.6;1503.88;625.33;0.83;1508.76;620.44;0.73;1510.39;675.81;0.8;1529.93;665.23;0.62;1485.15;718.97;0.78;1522.6;709.2;0.4;1533.19;721.42;0.71;1513.65;719.79;0.65;1547.85;786.56;0.78;1491.66;775.16;0.81;1577.98;862.29;0.91;1522.6;840.3;0.84;142.32;145.24;170.99;132.94;175.71;155.53;9.61;22.49;96.5;96.9;
33;1;1125.78;575.57;0.91;1130.32;572.04;0.88;1122.26;572.04;0.92;1138.88;576.57;0.91;1118.73;576.57;0.8;1148.45;602.27;0.82;1111.68;602.27;0.85;1158.02;632.49;0.85;1110.67;635.01;0.83;1139.38;655.67;0.77;1117.22;660.2;0.76;1149.96;657.68;0.7;1126.79;658.19;0.68;1142.41;695.47;0.76;1128.8;701.51;0.76;1135.35;743.83;0.8;1145.43;736.78;0.8;123.62;163.66;176.99;157.42;167.13;167.54;16.01;16.89;138.47;213.99;
34;0;1466.59;587.56;0.97;1469.02;581.89;0.98;1465.78;581.89;0.78;1482.79;585.13;0.95;1490.08;585.13;0.6;1499.8;625.63;0.81;1503.04;621.58;0.72;1507.9;675.04;0.79;1524.91;666.13;0.6;1483.6;719.59;0.76;1519.24;710.68;0.4;1531.39;720.4;0.7;1511.14;718.78;0.63;1549.21;786.81;0.76;1487.65;775.47;0.8;1578.37;862.14;0.91;1518.43;844.32;0.83;142.08;146.6;173.86;133.41;176.58;152.73;9.13;21.38;50.06;110.57;
34;1;1124.85;576.94;0.9;1129.32;573.46;0.87;1121.36;573.46;0.91;1137.28;577.94;0.9;1117.88;577.94;0.79;1146.73;602.81;0.81;1110.92;603.31;0.84;1156.68;634.64;0.84;1109.43;636.13;0.83;1137.78;659.51;0.75;1116.89;663.49;0.76;1150.21;658.02;0.7;1127.33;659.01;0.66;1141.26;696.32;0.74;1127.33;702.29;0.76;1134.3;745.06;0.79;1145.24;737.6;0.8;125.41;162.14;174.97;153.11;163.23;163.58;13.75;19.02;125.29;99.39;
35;0;1466.58;587.61;0.98;1469.01;581.94;0.98;1465.77;581.94;0.79;1482.78;585.18;0.95;1490.07;585.18;0.6;1499.79;625.68;0.81;1503.03;621.63;0.71;1508.7;675.09;0.79;1524.9;665.37;0.6;1483.59;719.64;0.76;1518.42;710.73;0.4;1531.38;720.45;0.7;1511.13;718.83;0.63;1549.2;786.87;0.76;1487.64;775.53;0.8;1578.36;862.21;0.91;1518.42;844.39;0.83;140.37;145.3;173.86;133.41;176.58;152.73;8.21;21.8;1.78;24.75;
35;1;1124.82;576.96;0.9;1129.29;573.48;0.87;1121.34;573.48;0.9;1137.74;577.95;0.9;1117.86;577.95;0.79;1146.69;602.8;0.81;1110.91;603.3;0.84;1156.63;634.61;0.84;1109.42;636.1;0.83;1137.74;658.96;0.76;1116.87;663.93;0.75;1150.17;657.96;0.7;1127.31;658.96;0.66;1141.22;696.23;0.74;1127.31;702.19;0.76;1134.76;744.93;0.78;1145.2;737.47;0.8;124.85;162.4;174.4;153.11;163.23;163.58;13.75;19.02;16.7;13.14;
36;0;1460.81;588.23;0.95;1464.04;582.57;0.95;1460.81;582.57;0.78;1477.76;586.61;0.92;1485.03;586.61;0.63;1494.71;626.98;0.82;1495.52;622.94;0.72;1503.6;677.03;0.78;1516.51;667.35;0.59;1479.37;721.44;0.75;1514.9;711.75;0.4;1530.24;719.82;0.7;1508.44;719.02;0.63;1549.61;786.83;0.75;1484.22;776.34;0.8;1577.87;861.92;0.91;1511.67;847.39;0.83;141.33;152.62;175.5;135.97;175.19;149.44;10.88;17.64;137.81;110.26;
36;1;1123.56;578.21;0.91;1128.04;574.72;0.88;1120.58;574.72;0.93;1136.5;579.7;0.91;1116.6;579.2;0.8;1145.95;604.57;0.82;1109.63;605.07;0.85;1155.4;635.91;0.83;1108.64;638.4;0.84;1137.0;660.29;0.74;1116.1;666.76;0.75;1149.43;659.29;0.71;1126.55;659.79;0.67;1140.48;697.6;0.74;1126.05;703.07;0.77;1133.51;746.85;0.79;1144.46;738.39;0.8;126.16;163.55;174.89;151.82;163.2;162.17;13.14;18.89;45.98;88.27;
37;0;1455.72;590.59;0.96;1458.93;584.17;0.97;1455.72;584.17;0.81;1472.58;588.18;0.92;1480.6;588.18;0.65;1488.63;629.12;0.82;1494.25;623.5;0.73;1498.26;679.68;0.79;1515.12;668.45;0.6;1475.79;724.63;0.77;1513.51;713.39;0.4;1527.96;720.62;0.69;1505.49;720.62;0.61;1550.43;788.84;0.73;1480.6;778.4;0.8;1578.52;863.48;0.91;1507.09;852.25;0.84;142.65;153.05;177.61;136.97;174.97;150.11;12.47;18.3;144.45;64.68;
37;1;1122.95;579.87;0.91;1127.45;575.87;0.89;1119.45;575.87;0.94;1135.96;580.87;0.9;1115.94;580.37;0.8;1144.96;606.89;0.82;1108.94;605.89;0.84;1152.47;640.41;0.82;1108.44;639.91;0.82;1134.45;662.92;0.74;1115.44;668.92;0.74;1148.96;659.92;0.7;1126.45;660.42;0.66;1139.96;697.44;0.74;1125.45;704.95;0.76;1133.45;745.97;0.79;1143.46;738.47;0.78;128.72;165.59;174.14;150.46;162.19;160.91;8.3;18.64;110.09;68.21;
38;0;1450.6;592.14;0.99;1453.8;586.54;0.99;1449.8;585.74;0.85;1465.79;591.34;0.9;1476.19;590.54;0.66;1481.79;630.52;0.82;1490.58;624.13;0.77;1492.18;681.7;0.8;1510.58;669.71;0.62;1472.19;728.09;0.78;1508.98;713.69;0.41;1523.37;723.29;0.69;1500.98;722.49;0.59;1547.36;789.66;0.71;1475.39;781.66;0.77;1577.75;864.03;0.87;1504.98;855.23;0.83;145.2;154.24;177.65;134.71;175.73;150.58;12.66;17.65;150.1;136.75;
38;1;1122.56;579.82;0.9;1127.09;576.3;0.89;1119.55;576.3;0.93;1135.13;580.82;0.88;1115.53;580.32;0.79;1143.67;605.95;0.82;1107.99;605.45;0.84;1150.21;639.12;0.81;1106.98;640.13;0.81;1133.62;662.74;0.72;1114.52;669.78;0.74;1147.69;660.73;0.7;1125.58;661.74;0.66;1139.65;698.42;0.75;1124.57;705.96;0.78;1131.61;747.17;0.81;1143.67;736.62;0.79;133.78;164.08;177.32;146.78;163.76;161.34;6.95;19.01;25.67;37.74;
39;0;1436.74;594.9;0.99;1439.91;589.35;0.99;1437.54;588.56;0.87;1451.8;593.32;0.92;1464.48;592.52;0.7;1467.65;632.15;0.86;1478.75;625.81;0.83;1479.54;684.45;0.8;1497.77;674.94;0.64;1464.48;732.8;0.81;1496.97;720.91;0.44;1506.48;727.25;0.7;1486.67;725.66;0.63;1528.67;793.03;0.75;1470.03;786.69;0.77;1573.05;862.77;0.85;1505.69;858.8;0.8;149.9;157.85;166.17;138.43;176.43;160.21;9.41;16.62;271.92;421.48;
39;1;1121.53;575.86;0.88;1126.04;572.35;0.88;1118.03;572.35;0.88;1134.55;577.86;0.88;1114.52;577.36;0.75;1143.06;604.4;0.82;1106.51;604.4;0.84;1145.07;638.44;0.77;1105.01;638.44;0.8;1127.04;662.48;0.71;1110.02;666.98;0.76;1146.57;658.47;0.71;1124.54;658.97;0.66;1137.05;696.02;0.73;1122.54;704.03;0.76;1130.05;747.09;0.78;1142.06;736.07;0.78;139.76;167.52;173.6;146.1;162.08;159.18;0.34;20.8;198.14;159.53;
40;0;1436.63;594.92;0.99;1439.8;589.37;0.99;1437.42;588.58;0.86;1452.48;593.33;0.92;1464.37;592.54;0.7;1467.55;632.97;0.86;1478.64;625.83;0.83;1479.44;684.49;0.8;1497.67;674.98;0.64;1464.37;732.84;0.81;1485.78;720.95;0.44;1506.39;727.29;0.7;1487.36;725.71;0.62;1528.58;793.09;0.75;1469.92;786.74;0.76;1572.97;862.84;0.85;1505.59;858.88;0.8;149.7;144.34;166.17;137.74;176.26;159.07;9.39;16.17;3.49;336.95;
40;1;1121.52;576.1;0.89;1126.02;572.1;0.88;1118.01;572.6;0.88;1134.52;578.1;0.88;1114.51;578.1;0.76;1143.02;604.6;0.82;1106.01;604.6;0.84;1145.02;638.61;0.78;1105.01;638.61;0.81;1127.02;662.12;0.71;1110.01;667.12;0.76;1146.52;658.12;0.71;1124.52;659.12;0.66;1137.02;695.63;0.73;1122.52;704.13;0.76;1130.02;747.14;0.79;1142.02;736.14;0.79;139.18;168.36;173.52;146.1;162.04;158.71;0.38;20.43;10.71;4.22;
41;0;1436.67;594.88;0.99;1439.84;589.33;0.99;1437.46;588.54;0.86;1451.73;593.29;0.92;1464.42;592.5;0.7;1467.59;632.14;0.86;1478.69;625.8;0.83;1479.48;684.47;0.8;1497.72;674.95;0.64;1464.42;732.83;0.81;1485.82;720.94;0.44;1506.44;727.28;0.7;1487.41;725.69;0.62;1528.63;793.08;0.75;1469.97;786.74;0.77;1573.03;862.85;0.85;1505.64;858.88;0.8;149.9;144.34;166.17;137.74;176.43;159.07;9.41;16.17;1.38;1.5;
41;1;1121.52;576.22;0.89;1126.01;572.23;0.88;1118.02;572.73;0.89;1134.49;577.72;0.89;1114.53;577.72;0.77;1142.98;604.67;0.82;1106.05;604.67;0.84;1144.97;638.6;0.78;1105.05;638.6;0.81;1127.01;662.06;0.71;1110.04;667.05;0.76;1146.47;658.06;0.71;1124.51;659.06;0.66;1136.99;695.99;0.74;1122.52;704.47;0.76;1130.0;746.89;0.8;1141.98;736.41;0.78;139.18;168.36;173.78;146.13;162.22;158.73;0.38;20.43;1.94;2.4;
42;0;1421.5;593.08;1.05;1423.89;587.5;0.99;1421.5;586.71;0.91;1435.86;589.89;0.94;1448.61;589.89;0.73;1453.4;630.56;0.88;1458.18;624.18;0.85;1468.55;680.8;0.82;1474.93;674.42;0.62;1453.4;731.03;0.83;1462.97;722.26;0.52;1485.29;727.05;0.75;1477.32;726.25;0.69;1494.86;794.83;0.85;1468.55;788.45;0.82;1555.47;849.85;0.85;1506.82;859.42;0.85;146.43;147.53;140.27;143.63;169.74;161.35;1.51;7.82;335.96;688.95;
42;1;1122.48;570.67;0.91;1127.16;566.51;0.89;1119.36;566.51;0.91;1134.43;572.23;0.87;1114.68;571.19;0.75;1142.23;597.7;0.81;1106.88;599.26;0.8;1140.15;628.9;0.67;1101.16;628.38;0.72;1121.44;650.22;0.44;1102.72;652.3;0.64;1142.23;658.02;0.71;1121.44;658.54;0.71;1134.43;698.58;0.74;1122.48;700.14;0.75;1129.23;745.89;0.8;1140.67;733.41;0.77;142.53;165.16;175.39;152.76;169.11;167.63;3.81;24.91;393.67;495.47;
43;0;1421.56;593.86;1.04;1424.75;588.27;0.98;1421.56;587.47;0.9;1435.91;590.66;0.94;1448.68;590.66;0.73;1453.47;630.55;0.88;1458.25;624.17;0.85;1468.62;680.81;0.82;1475.0;674.43;0.62;1453.47;731.07;0.83;1462.24;723.09;0.52;1485.37;727.08;0.75;1477.4;725.48;0.69;1494.95;794.89;0.85;1468.62;787.71;0.81;1556.37;849.93;0.85;1506.91;859.5;0.84;146.43;146.87;139.9;143.9;169.74;161.27;1.51;7.73;2.22;33.1;
43;1;1122.44;570.11;0.9;1127.12;566.47;0.88;1119.32;566.47;0.9;1134.4;572.19;0.87;1114.64;571.15;0.74;1142.2;598.19;0.81;1106.83;599.23;0.8;1139.6;628.88;0.68;1101.11;628.36;0.72;1122.44;649.68;0.46;1102.67;652.28;0.64;1142.2;658.01;0.71;1121.4;658.01;0.7;1134.4;698.57;0.74;1122.44;700.14;0.75;1129.2;745.91;0.79;1140.64;733.42;0.77;145.32;165.16;175.39;152.74;169.11;167.5;4.84;25.03;34.21;1.38;
44;0;1412.58;591.6;0.98;1414.98;585.99;0.95;1412.58;585.19;0.84;1426.18;588.39;0.89;1439.78;587.59;0.72;1445.39;626.8;0.86;1452.59;620.4;0.81;1462.19;676.41;0.8;1465.39;671.61;0.62;1449.39;727.63;0.78;1454.99;723.63;0.51;1475.79;723.63;0.72;1477.39;721.23;0.66;1472.59;789.24;0.79;1470.19;785.24;0.79;1539.81;841.25;0.79;1505.4;855.66;0.84;147.25;154.65;124.94;147.02;159.77;159.76;1.28;0.21;160.55;218.85;
44;1;1122.61;566.5;0.9;1127.43;562.75;0.86;1119.93;562.21;0.9;1135.46;568.64;0.89;1115.11;567.57;0.75;1144.57;594.88;0.79;1108.15;595.42;0.8;1143.5;622.2;0.51;1096.9;615.24;0.66;1115.65;627.55;0.32;1096.37;630.23;0.62;1140.82;655.4;0.72;1121.54;655.4;0.74;1134.93;697.72;0.73;1122.07;699.86;0.75;1128.5;745.92;0.75;1138.68;734.67;0.73;103.13;152.47;179.67;155.19;175.62;168.11;1.3;42.16;696.59;690.22;
45;0;1403.06;589.48;0.92;1405.44;583.13;0.94;1403.06;582.34;0.8;1415.76;587.89;0.9;1428.46;586.31;0.72;1434.82;626.01;0.83;1442.76;621.24;0.78;1454.67;672.85;0.8;1461.02;670.47;0.66;1442.76;722.87;0.81;1449.11;719.7;0.57;1467.37;720.49;0.72;1474.52;718.11;0.69;1454.67;784.8;0.79;1468.96;781.63;0.79;1513.42;841.18;0.81;1503.1;851.5;0.8;143.64;146.05;122.64;148.96;149.82;156.85;3.95;2.2;245.51;212.8;
45;1;1123.07;564.16;0.87;1127.95;560.9;0.86;1120.36;559.82;0.9;1135.55;567.41;0.85;1115.48;565.24;0.73;1143.68;591.83;0.74;1108.42;589.66;0.72;1132.83;599.42;0.52;1094.32;605.39;0.71;1103.0;594.54;0.45;1091.61;594.54;0.64;1139.89;652.04;0.69;1120.36;652.04;0.7;1133.92;695.98;0.71;1122.53;698.69;0.71;1128.49;744.26;0.76;1138.26;733.41;0.72;135.71;55.91;178.68;158.29;175.87;171.83;51.4;52.71;1063.96;1083.63;
46;0;1403.11;589.54;0.92;1405.5;583.18;0.94;1402.32;582.38;0.8;1415.83;587.95;0.89;1428.54;586.36;0.72;1435.69;626.09;0.83;1442.05;621.32;0.78;1454.76;672.17;0.8;1461.12;670.58;0.66;1442.84;723.03;0.81;1449.2;719.85;0.57;1467.48;719.85;0.72;1474.63;717.46;0.69;1454.76;785.0;0.79;1469.06;781.83;0.79;1513.56;841.42;0.8;1503.23;851.75;0.8;144.33;145.24;122.77;149.02;150.23;156.34;3.75;2.44;5.31;5.32;
46;1;1123.34;564.4;0.88;1128.24;560.59;0.86;1120.62;560.05;0.9;1135.32;567.12;0.86;1115.71;565.49;0.74;1143.49;591.63;0.73;1108.64;590.0;0.73;1133.14;598.71;0.51;1094.48;605.79;0.72;1103.73;593.81;0.42;1091.21;594.35;0.64;1139.67;652.07;0.68;1120.62;652.07;0.69;1133.68;696.18;0.71;1122.25;698.9;0.71;1128.78;743.56;0.76;1138.59;733.75;0.72;136.16;57.82;178.17;156.88;175.87;171.08;52.01;52.8;31.22;13.16;
47;0;1392.63;589.38;0.88;1395.03;582.99;0.92;1392.63;582.99;0.75;1407.82;587.78;0.88;1416.61;586.99;0.67;1425.41;623.76;0.83;1433.4;618.96;0.79;1448.59;670.12;0.81;1454.99;668.52;0.69;1436.6;722.08;0.8;1447.79;718.89;0.56;1458.18;718.09;0.7;1466.98;714.89;0.67;1437.4;783.64;0.82;1464.58;780.44;0.82;1488.56;845.99;0.84;1500.55;847.59;0.83;140.44;148.34;123.04;149.73;143.25;158.61;7.4;4.24;190.01;51.31;
47;1;1124.15;562.38;0.82;1129.11;559.08;0.77;1121.95;559.08;0.86;1136.28;565.69;0.76;1116.99;565.14;0.73;1143.99;586.63;0.72;1109.27;586.08;0.72;1135.73;592.69;0.66;1092.74;592.14;0.82;1118.64;570.65;0.63;1090.54;565.69;0.86;1139.59;650.56;0.71;1120.3;650.56;0.72;1133.52;695.2;0.73;1121.95;697.4;0.7;1129.11;743.15;0.77;1139.03;732.68;0.73;91.52;74.63;177.52;156.18;176.21;172.32;49.8;79.56;828.8;862.74;
48;0;1383.97;593.07;0.95;1386.33;587.56;0.92;1383.18;586.78;0.81;1395.77;592.29;0.87;1409.15;590.71;0.69;1416.23;627.7;0.84;1423.32;622.19;0.82;1439.06;671.78;0.8;1445.35;669.41;0.69;1428.04;722.93;0.79;1435.12;719.0;0.54;1446.93;719.0;0.72;1461.88;715.85;0.72;1420.96;781.96;0.82;1460.31;783.53;0.83;1459.52;850.43;0.83;1504.38;848.07;0.84;140.47;143.32;128.19;144.34;139.0;156.29;8.79;2.64;258.9;381.29;
48;1;1123.67;562.43;0.8;1128.99;559.47;0.72;1123.07;558.88;0.81;1136.68;565.98;0.74;1118.34;565.38;0.68;1143.19;586.69;0.73;1109.46;586.1;0.73;1128.4;573.08;0.7;1091.71;580.18;0.83;1122.48;551.77;0.79;1091.12;550.0;0.88;1137.87;650.01;0.76;1119.52;650.01;0.75;1134.32;697.35;0.77;1122.48;699.12;0.73;1128.4;744.1;0.82;1138.46;732.26;0.74;148.14;109.56;177.07;157.71;179.48;174.5;127.81;117.38;579.65;472.51;
49;0;1363.35;606.16;1.03;1367.15;602.36;0.86;1364.11;600.84;0.82;1376.27;608.44;0.88;1368.67;606.16;0.7;1398.33;644.18;0.87;1397.57;640.38;0.81;1421.9;685.25;0.82;1395.29;686.77;0.83;1411.26;733.16;0.83;1372.47;724.03;0.87;1431.03;726.32;0.74;1449.28;724.79;0.73;1385.4;781.83;0.83;1460.69;793.24;0.77;1400.61;861.68;0.89;1510.88;860.16;0.86;137.61;151.34;129.8;152.59;118.87;157.97;8.15;34.31;591.42;1891.38;
49;1;1121.03;561.07;0.81;1127.51;557.83;0.74;1120.38;558.48;0.81;1133.35;565.61;0.75;1115.19;564.96;0.69;1140.48;583.76;0.75;1108.06;583.76;0.76;1135.94;561.07;0.69;1091.21;564.96;0.87;1128.81;538.38;0.8;1094.45;537.73;0.92;1136.59;646.65;0.81;1118.44;647.94;0.79;1132.7;695.27;0.8;1119.73;696.57;0.78;1128.16;742.6;0.84;1136.59;730.93;0.76;173.86;131.33;179.1;155.4;178.97;172.35;165.15;147.3;445.81;382.56;
50;0;1363.26;606.11;1.03;1367.07;602.31;0.86;1364.03;600.79;0.82;1376.2;608.39;0.88;1368.59;606.11;0.7;1399.02;644.14;0.87;1397.49;640.34;0.81;1421.84;685.22;0.82;1395.21;686.74;0.83;1411.19;733.14;0.82;1372.39;724.01;0.87;1430.96;726.3;0.73;1449.22;724.01;0.72;1386.08;781.82;0.82;1460.63;793.23;0.76;1400.54;861.69;0.89;1510.83;860.17;0.86;138.42;151.34;130.8;152.49;119.8;157.64;7.8;34.54;2.16;2.45;
50;1;1121.08;560.84;0.81;1126.89;557.61;0.74;1120.43;558.26;0.81;1133.35;565.36;0.76;1115.26;565.36;0.69;1140.46;583.45;0.75;1108.16;584.1;0.76;1136.58;561.49;0.69;1091.36;564.72;0.87;1128.83;538.87;0.8;1094.59;536.94;0.92;1136.58;646.77;0.81;1118.49;648.06;0.79;1132.71;695.22;0.8;1119.78;696.51;0.78;1128.18;743.03;0.84;1136.58;730.75;0.76;171.08;132.45;179.17;155.4;178.93;172.35;166.49;148.27;14.92;24.27;
51;0;1354.07;613.97;0.99;1356.32;610.97;0.85;1353.32;609.47;0.81;1365.32;615.47;0.87;1383.32;613.22;0.69;1386.32;649.96;0.84;1384.82;646.97;0.78;1412.57;688.21;0.81;1377.32;689.71;0.82;1398.32;737.71;0.82;1345.82;721.96;0.85;1420.82;734.71;0.68;1438.82;733.21;0.67;1369.07;782.71;0.77;1455.32;798.46;0.71;1378.82;861.46;0.89;1508.57;859.96;0.84;129.48;145.62;125.79;153.3;110.7;162.14;12.31;42.0;410.83;801.9;
51;1;1121.0;561.92;0.78;1128.01;559.11;0.72;1120.3;559.81;0.8;1133.62;566.82;0.75;1114.7;566.82;0.72;1139.23;584.34;0.76;1107.69;584.34;0.78;1139.93;564.02;0.74;1090.17;563.32;0.9;1131.52;535.99;0.83;1095.78;535.99;0.93;1136.42;647.41;0.81;1117.5;648.81;0.8;1132.22;695.07;0.81;1118.2;697.17;0.79;1128.71;742.72;0.84;1135.72;728.7;0.76;161.33;128.6;179.16;151.78;177.5;172.18;179.43;148.85;118.67;45.76;
52;0;1353.48;614.01;0.99;1356.48;610.26;0.85;1353.48;608.77;0.81;1365.47;615.51;0.87;1383.46;613.26;0.69;1386.46;649.99;0.84;1384.96;646.24;0.78;1412.69;688.22;0.81;1377.46;689.72;0.83;1398.45;737.69;0.82;1345.98;721.2;0.85;1420.19;734.69;0.68;1438.18;733.19;0.67;1369.22;782.67;0.76;1455.42;798.41;0.71;1378.96;861.37;0.88;1508.64;859.87;0.83;129.48;144.78;126.21;153.92;111.55;163.34;12.75;41.25;3.9;23.45;
52;1;1121.72;561.48;0.78;1127.9;558.74;0.71;1121.03;558.74;0.81;1133.39;566.98;0.74;1114.85;566.29;0.7;1139.56;584.82;0.76;1107.3;584.13;0.78;1140.25;564.92;0.74;1090.15;563.54;0.9;1131.33;536.78;0.84;1095.64;535.4;0.92;1136.13;647.28;0.82;1117.6;648.65;0.8;1132.01;694.64;0.81;1118.29;696.69;0.79;1128.58;741.99;0.84;1136.13;729.64;0.77;160.43;129.15;179.17;152.38;178.18;171.75;178.83;149.26;24.42;18.06;
53;0;1327.45;622.35;0.92;1329.2;617.11;0.95;1326.58;617.11;0.82;1337.93;619.73;0.94;1352.78;616.23;0.7;1359.77;653.8;0.86;1352.78;649.43;0.77;1384.23;694.86;0.83;1342.3;689.62;0.87;1365.02;741.16;0.8;1308.23;715.83;0.85;1387.73;735.05;0.72;1410.44;734.17;0.71;1337.93;783.97;0.82;1434.03;800.57;0.78;1361.52;857.35;0.8;1498.68;851.24;0.83;126.67;142.19;116.67;147.65;115.51;165.33;11.8;48.85;1011.56;1147.47;
53;1;1121.17;561.61;0.81;1127.78;557.94;0.75;1119.7;557.94;0.84;1132.93;563.82;0.76;1113.82;563.82;0.72;1140.28;582.19;0.77;1106.47;582.93;0.78;1144.69;565.29;0.79;1087.36;564.55;0.93;1131.46;540.29;0.84;1096.18;535.88;0.91;1135.87;649.08;0.81;1118.23;649.82;0.8;1132.19;696.13;0.82;1117.49;698.33;0.79;1127.78;743.17;0.82;1135.13;730.68;0.77;137.48;116.77;179.11;150.52;179.31;169.16;169.15;143.85;105.93;21.73;
54;0;1327.34;622.23;0.92;1329.08;617.0;0.96;1326.47;617.0;0.83;1337.8;619.62;0.94;1352.61;616.13;0.71;1359.58;653.6;0.86;1353.48;649.24;0.77;1383.98;695.42;0.85;1343.03;690.19;0.88;1364.81;740.73;0.81;1308.17;716.33;0.85;1388.33;735.5;0.73;1410.12;733.76;0.72;1338.67;784.29;0.83;1433.64;799.98;0.79;1361.32;857.48;0.81;1498.99;850.51;0.85;126.81;141.19;117.29;147.27;115.15;165.73;10.91;48.15;14.44;15.3;
54;1;1121.2;561.88;0.81;1127.82;557.46;0.75;1119.72;557.46;0.84;1132.97;564.08;0.76;1113.1;563.35;0.72;1140.32;582.47;0.77;1106.48;583.21;0.78;1144.74;564.82;0.79;1087.35;564.82;0.94;1131.49;540.54;0.84;1096.18;536.13;0.91;1135.91;649.42;0.81;1118.25;649.42;0.8;1131.49;695.77;0.82;1117.52;697.98;0.79;1127.82;742.12;0.82;1135.17;731.08;0.77;137.35;116.77;179.1;151.06;178.33;169.05;169.74;143.96;7.48;7.3;
55;0;1308.95;620.31;0.89;1309.72;616.45;0.81;1308.95;614.13;0.71;1316.68;619.54;0.88;1339.85;616.45;0.71;1338.3;655.07;0.86;1340.62;648.12;0.81;1366.11;696.78;0.8;1328.26;689.06;0.85;1348.34;740.81;0.82;1298.91;719.18;0.85;1369.97;736.94;0.74;1393.14;734.63;0.72;1327.49;790.24;0.82;1410.14;803.37;0.8;1365.34;858.98;0.8;1481.2;842.76;0.83;124.34;152.54;112.61;132.89;120.3;162.62;12.54;48.06;495.46;291.6;
55;1;1122.77;562.38;0.83;1127.98;557.82;0.78;1120.81;557.82;0.85;1133.2;563.69;0.72;1114.94;563.69;0.69;1142.33;583.25;0.77;1107.12;583.25;0.78;1150.8;576.73;0.8;1085.6;571.51;0.89;1135.15;550.65;0.8;1095.38;544.13;0.87;1135.15;647.79;0.8;1117.55;648.44;0.8;1131.24;695.39;0.8;1116.25;697.34;0.79;1128.63;742.33;0.8;1135.81;729.29;0.76;96.6;98.96;178.48;147.0;178.36;169.38;133.91;127.7;323.52;242.03;
56;0;1292.77;622.4;0.98;1292.77;618.72;0.84;1294.25;617.98;0.68;1298.67;623.88;0.88;1318.58;620.93;0.73;1318.58;657.8;0.87;1328.17;647.48;0.84;1346.6;699.83;0.79;1319.32;691.72;0.84;1330.38;744.81;0.84;1294.99;722.69;0.83;1353.98;738.17;0.76;1376.1;733.75;0.75;1321.53;797.16;0.86;1380.52;806.75;0.83;1366.51;862.79;0.82;1452.79;831.82;0.83;126.48;153.15;116.76;112.6;127.42;154.41;9.92;40.36;553.85;158.45;
56;1;1124.69;565.61;0.77;1130.34;561.22;0.71;1123.44;561.84;0.81;1134.73;566.24;0.68;1117.17;566.86;0.68;1143.51;584.43;0.74;1107.76;584.43;0.76;1153.55;585.05;0.81;1083.29;577.53;0.85;1139.12;563.1;0.8;1093.96;553.06;0.85;1134.73;649.04;0.77;1117.17;649.67;0.77;1130.97;695.46;0.78;1116.54;696.72;0.77;1127.83;743.14;0.78;1134.73;729.97;0.74;53.11;82.2;179.13;150.55;176.9;171.03;94.16;113.96;393.21;272.2;
57;0;1275.04;625.03;0.93;1275.04;620.75;0.75;1276.47;618.61;0.65;1279.32;624.31;0.88;1300.0;621.46;0.75;1298.58;658.54;0.86;1307.85;649.27;0.85;1322.82;699.19;0.8;1313.55;699.19;0.81;1314.27;749.82;0.82;1295.01;731.99;0.87;1339.94;741.26;0.73;1357.77;736.99;0.73;1316.41;801.17;0.9;1346.36;804.02;0.86;1366.32;861.78;0.85;1415.53;823.99;0.85;139.59;144.0;119.08;96.44;131.99;140.7;4.25;23.12;507.82;280.01;
57;1;1123.15;560.76;0.77;1128.09;558.01;0.74;1121.5;557.46;0.8;1135.23;564.05;0.75;1117.11;561.86;0.62;1145.11;584.36;0.71;1108.88;586.01;0.73;1156.63;594.24;0.81;1082.53;586.56;0.84;1137.42;571.19;0.78;1094.06;561.31;0.85;1135.77;648.04;0.7;1117.11;649.14;0.7;1130.83;696.89;0.75;1115.46;697.99;0.75;1125.34;745.75;0.76;1133.58;730.38;0.72;9.59;64.27;179.36;148.85;177.44;170.64;57.74;96.24;248.76;248.15;
58;0;1241.21;619.15;0.81;1239.78;613.42;0.7;1239.06;613.42;0.64;1244.79;620.59;0.75;1267.0;616.29;0.75;1260.55;652.83;0.84;1284.2;643.51;0.78;1274.17;697.24;0.73;1318.58;681.48;0.72;1281.33;745.24;0.71;1325.03;724.46;0.55;1310.7;739.51;0.68;1310.7;737.36;0.62;1307.84;805.42;0.69;1272.02;786.07;0.74;1363.0;855.56;0.81;1329.33;826.91;0.73;171.45;146.36;129.78;87.02;147.46;125.77;13.01;26.39;1000.66;931.3;
58;1;1125.16;562.85;0.85;1130.53;559.64;0.87;1123.02;559.1;0.86;1138.03;567.68;0.85;1118.19;564.46;0.66;1145.54;591.28;0.75;1108.54;589.67;0.75;1161.63;613.8;0.81;1086.02;608.44;0.85;1139.64;600.93;0.64;1095.13;584.3;0.81;1135.35;650.8;0.69;1116.58;651.34;0.69;1130.53;696.92;0.74;1115.51;698.53;0.76;1125.7;746.79;0.75;1132.67;731.78;0.73;24.12;29.5;179.55;151.4;176.26;171.27;45.25;57.63;897.48;692.82;
59;0;1240.79;619.2;0.81;1239.36;613.47;0.7;1238.64;613.47;0.64;1244.38;620.64;0.76;1267.31;616.34;0.76;1260.15;652.89;0.84;1283.8;643.57;0.79;1274.48;696.61;0.74;1318.92;681.56;0.72;1281.65;746.07;0.72;1325.37;723.85;0.56;1310.32;739.62;0.68;1311.75;737.47;0.62;1308.17;805.56;0.69;1272.33;786.21;0.73;1362.64;855.02;0.79;1329.67;826.35;0.72;170.09;145.92;130.37;86.03;148.08;124.45;11.9;26.18;26.79;21.13;
59;1;1125.1;562.88;0.85;1130.45;559.67;0.87;1122.96;559.14;0.86;1138.48;567.7;0.85;1118.14;564.49;0.65;1145.97;591.25;0.75;1108.5;589.64;0.75;1162.02;613.73;0.81;1086.03;608.37;0.85;1140.62;601.95;0.64;1095.12;584.29;0.81;1135.8;650.66;0.69;1116.53;651.19;0.69;1130.45;697.22;0.74;1114.93;698.29;0.76;1125.63;746.99;0.75;1132.59;731.47;0.74;25.65;29.5;178.97;150.02;176.84;170.62;45.25;57.63;42.49;0.51;
60;0;1241.3;619.3;0.8;1239.86;613.57;0.7;1239.15;612.85;0.65;1244.88;620.73;0.75;1267.08;616.43;0.75;1260.64;652.96;0.83;1284.27;643.65;0.78;1274.25;697.37;0.73;1318.66;681.61;0.71;1281.41;745.36;0.71;1325.1;723.87;0.54;1310.78;739.63;0.67;1310.78;737.48;0.62;1307.91;805.53;0.7;1272.1;786.19;0.74;1363.07;855.67;0.8;1329.4;826.3;0.73;171.45;146.51;129.78;86.54;147.46;125.77;13.01;26.39;22.49;8.14;
60;1;1125.61;563.43;0.84;1130.43;560.21;0.87;1123.47;559.14;0.85;1138.46;567.17;0.84;1118.65;564.5;0.66;1145.95;591.26;0.75;1108.48;589.12;0.75;1162.01;613.74;0.81;1086.0;608.39;0.85;1141.13;603.57;0.64;1095.1;584.3;0.81;1135.78;651.21;0.69;1117.05;651.21;0.69;1130.43;697.24;0.74;1114.91;698.31;0.76;1125.61;747.01;0.75;1132.57;731.49;0.74;28.49;28.7;178.9;149.37;177.0;169.54;45.17;57.25;51.08;0.73;
61;0;1217.03;613.99;0.94;1213.41;611.82;0.59;1222.82;608.92;0.66;1214.86;616.88;0.87;1237.29;610.37;0.81;1217.75;644.37;0.92;1256.1;634.24;0.89;1236.56;684.17;0.81;1300.23;658.12;0.87;1248.14;726.13;0.7;1330.62;692.13;0.85;1265.5;729.02;0.85;1256.1;724.68;0.77;1281.42;798.48;0.89;1219.2;760.86;0.97;1345.09;844.06;0.9;1232.22;827.42;0.93;170.12;160.2;138.51;123.36;163.48;134.43;4.13;61.59;1156.42;969.73;
61;1;1126.7;566.11;0.91;1131.97;562.95;0.9;1124.07;562.43;0.89;1138.81;570.33;0.87;1118.8;568.22;0.69;1146.72;596.66;0.81;1108.79;595.08;0.81;1160.41;625.11;0.84;1095.62;623.53;0.76;1146.72;629.32;0.73;1096.67;616.15;0.73;1136.71;656.19;0.72;1116.16;656.71;0.73;1129.33;698.85;0.75;1117.22;700.43;0.78;1125.12;747.84;0.77;1133.02;735.72;0.8;81.39;16.71;175.11;157.26;179.74;174.56;35.25;31.67;792.95;959.68;
62;0;1217.04;613.97;0.94;1212.7;611.8;0.59;1222.83;608.91;0.66;1214.87;616.87;0.87;1237.3;610.36;0.81;1217.77;644.36;0.92;1256.11;634.23;0.89;1236.58;684.15;0.81;1300.24;658.1;0.87;1248.15;725.38;0.7;1330.62;692.1;0.85;1265.51;729.0;0.84;1256.83;724.66;0.76;1281.43;798.44;0.89;1219.21;761.55;0.96;1345.09;844.02;0.9;1232.24;827.38;0.93;170.38;160.2;138.51;123.25;163.48;133.99;4.13;61.13;22.56;0.66;
62;1;1126.61;566.08;0.91;1131.88;562.92;0.9;1123.98;562.39;0.89;1139.25;570.29;0.87;1118.71;568.18;0.69;1146.63;596.62;0.81;1108.71;595.04;0.81;1160.32;625.06;0.84;1095.54;623.48;0.76;1147.15;629.28;0.73;1096.59;616.11;0.73;1136.62;656.14;0.72;1116.08;656.66;0.73;1129.77;698.8;0.75;1117.13;700.38;0.78;1125.03;747.78;0.77;1132.93;735.14;0.8;82.03;16.71;176.41;156.94;179.57;174.56;35.25;31.67;13.23;2.81;
63;0;1176.13;617.2;0.89;1175.46;613.85;0.67;1180.83;609.82;0.56;1174.12;616.53;0.83;1198.95;611.16;0.76;1180.16;640.68;0.87;1221.76;630.62;0.86;1198.95;662.83;0.72;1267.39;645.38;0.82;1221.09;697.04;0.55;1302.95;671.55;0.83;1218.41;723.88;0.76;1238.53;718.52;0.65;1223.1;797.69;0.82;1180.83;766.83;0.83;1286.84;817.82;0.83;1158.69;833.25;0.94;172.59;161.58;111.17;148.37;158.95;119.13;15.63;61.27;1179.07;1037.32;
63;1;1127.05;568.39;0.93;1132.21;564.77;0.94;1124.47;564.26;0.92;1139.96;572.01;0.95;1120.34;569.42;0.72;1149.26;598.34;0.83;1111.04;597.31;0.87;1160.62;625.72;0.85;1103.29;622.62;0.79;1153.39;640.69;0.72;1101.74;635.53;0.73;1138.41;659.29;0.74;1118.27;660.32;0.76;1129.63;699.05;0.77;1121.88;700.09;0.79;1124.98;746.05;0.81;1132.73;737.79;0.83;131.69;169.82;173.2;169.15;177.64;178.65;32.63;23.57;391.47;604.58;
64;0;1176.08;617.17;0.89;1175.41;613.81;0.67;1181.45;609.78;0.56;1174.07;616.49;0.83;1198.9;611.12;0.76;1180.11;640.66;0.87;1221.73;630.59;0.86;1198.9;662.81;0.72;1267.37;645.36;0.82;1220.38;695.7;0.53;1302.95;671.54;0.83;1218.37;723.89;0.76;1238.51;718.52;0.66;1223.07;797.73;0.82;1180.78;766.18;0.83;1286.17;817.87;0.83;1158.63;833.31;0.94;172.83;161.58;111.34;147.81;158.95;118.74;15.63;61.27;45.67;0.36;
64;1;1127.0;568.39;0.93;1132.16;564.78;0.95;1124.42;564.26;0.92;1139.91;572.01;0.95;1120.29;569.94;0.71;1149.21;598.35;0.83;1110.99;597.31;0.87;1160.57;625.72;0.85;1103.24;623.14;0.79;1153.34;640.7;0.72;1101.69;635.53;0.73;1138.36;659.29;0.74;1118.74;660.32;0.76;1129.58;698.54;0.77;1121.83;700.09;0.79;1124.93;746.05;0.81;1132.16;737.79;0.82;131.69;170.43;172.98;169.13;177.48;177.45;32.63;23.71;1.51;1.5;
65;0;1176.07;616.49;0.9;1175.4;613.14;0.67;1180.76;609.8;0.57;1174.07;616.49;0.84;1198.83;611.14;0.76;1180.09;640.58;0.87;1220.91;630.54;0.86;1200.16;663.33;0.74;1267.08;645.27;0.81;1221.58;697.46;0.58;1303.22;671.36;0.82;1219.57;723.56;0.76;1237.64;718.88;0.65;1222.92;797.84;0.82;1180.76;766.39;0.83;1286.49;817.92;0.82;1158.67;833.31;0.94;170.68;161.85;110.1;148.13;157.13;119.15;15.98;61.59;64.05;9.7;
65;1;1127.09;568.48;0.93;1132.25;564.86;0.94;1124.51;563.83;0.92;1139.99;572.09;0.95;1120.38;569.51;0.72;1148.77;598.42;0.83;1111.09;596.87;0.87;1160.64;625.26;0.85;1103.34;622.16;0.8;1153.42;640.75;0.72;1101.28;635.07;0.73;1138.45;659.33;0.74;1118.31;659.85;0.76;1129.67;698.57;0.77;1121.93;700.12;0.79;1125.02;746.06;0.81;1132.25;737.8;0.82;131.12;172.07;172.98;169.81;177.01;178.58;33.48;23.57;2.86;18.67;
66;0;1141.12;623.05;0.85;1140.47;619.8;0.52;1153.46;616.56;0.48;1139.17;624.35;0.71;1160.61;621.1;0.73;1142.42;650.99;0.87;1182.05;639.95;0.85;1163.86;667.89;0.74;1224.28;658.14;0.79;1184.65;703.62;0.62;1254.17;682.18;0.75;1178.8;730.26;0.75;1200.89;724.41;0.64;1148.26;785.49;0.8;1146.96;775.09;0.75;1198.94;819.28;0.73;1138.52;836.17;0.86;158.43;164.49;94.75;141.1;126.4;120.65;27.11;54.12;1126.6;1511.39;
66;1;1128.06;568.51;0.96;1133.67;564.43;0.94;1126.02;563.92;0.95;1141.33;573.11;0.95;1120.91;569.54;0.76;1148.98;598.63;0.76;1110.7;597.1;0.86;1156.13;628.74;0.62;1104.58;624.66;0.83;1149.49;656.3;0.45;1106.11;645.58;0.77;1136.22;660.9;0.7;1120.91;660.39;0.73;1132.65;700.2;0.72;1125.5;701.22;0.76;1127.04;746.13;0.82;1135.2;739.5;0.81;153.12;163.29;178.23;172.2;173.61;177.26;24.93;21.69;482.71;348.2;
67;0;1141.32;622.81;0.86;1140.02;620.21;0.54;1153.01;616.31;0.48;1138.72;624.1;0.72;1160.8;620.86;0.73;1142.62;651.38;0.86;1182.23;639.69;0.85;1164.05;667.61;0.73;1224.43;657.87;0.79;1184.18;702.68;0.6;1254.3;682.55;0.76;1178.98;729.95;0.74;1201.06;724.1;0.64;1148.46;785.79;0.8;1147.16;774.75;0.76;1199.11;819.56;0.73;1138.07;835.79;0.86;157.01;163.75;95.03;141.69;126.51;120.65;28.02;54.12;31.84;11.71;
67;1;1128.06;568.65;0.96;1133.68;564.57;0.94;1126.02;563.55;0.95;1141.33;572.74;0.95;1120.92;569.16;0.75;1148.98;598.75;0.76;1110.72;597.22;0.86;1156.63;628.34;0.62;1104.6;624.77;0.82;1149.49;655.89;0.45;1106.13;645.68;0.77;1136.23;660.99;0.7;1120.92;660.48;0.73;1132.66;700.27;0.71;1125.51;701.29;0.76;1127.04;746.18;0.81;1135.21;739.55;0.81;150.97;163.29;178.23;172.2;173.61;177.26;26.08;21.69;12.51;3.06;
68;0;1124.79;624.9;0.82;1118.08;622.88;0.55;1128.15;620.87;0.59;1118.08;628.26;0.86;1145.6;626.24;0.83;1123.45;656.45;0.89;1165.07;648.39;0.81;1142.25;680.62;0.77;1204.01;673.23;0.77;1161.05;718.21;0.72;1230.86;705.46;0.76;1163.06;730.97;0.74;1186.55;728.95;0.71;1119.42;781.31;0.83;1138.89;772.59;0.73;1143.59;827.64;0.81;1137.55;828.31;0.79;168.69;162.34;111.53;133.85;111.09;117.54;9.88;42.53;838.46;986.4;
68;1;1131.51;569.26;0.77;1135.54;565.78;0.76;1128.56;565.51;0.76;1141.98;569.8;0.79;1124.0;569.26;0.74;1153.25;596.1;0.71;1112.19;596.9;0.67;1163.72;622.13;0.72;1106.82;627.23;0.71;1162.64;641.72;0.63;1110.04;650.31;0.78;1147.35;658.09;0.56;1125.34;658.63;0.57;1159.96;673.66;0.24;1125.88;673.66;0.28;1186.53;673.66;0.33;1124.8;673.66;0.25;154.96;162.02;129.02;87.95;135.54;170.02;27.34;22.06;581.69;182.33;
69;0;1109.24;630.65;0.84;1107.04;625.5;0.68;1112.19;623.29;0.57;1108.51;627.7;0.86;1133.54;625.5;0.8;1109.24;659.36;0.9;1149.0;649.05;0.87;1124.7;695.43;0.84;1182.12;690.27;0.84;1131.33;743.28;0.8;1201.26;728.55;0.79;1146.05;734.44;0.77;1168.87;733.71;0.77;1098.94;773.46;0.9;1121.02;771.25;0.83;1095.26;837.5;0.94;1131.33;835.29;0.88;164.68;167.78;132.92;118.98;103.52;114.91;2.92;25.57;1169.87;1129.85;
69;1;1134.68;569.79;0.83;1138.72;566.02;0.79;1131.18;565.48;0.8;1143.83;569.25;0.76;1124.99;568.71;0.88;1153.79;595.09;0.74;1113.95;596.43;0.76;1164.56;619.58;0.79;1108.3;627.93;0.66;1164.83;644.62;0.81;1112.88;650.27;0.5;1149.48;655.92;0.56;1128.76;657.81;0.53;1166.71;673.69;0.32;1130.37;673.69;0.27;1171.29;673.69;0.27;1090.0;673.69;0.25;156.89;158.25;134.12;84.19;131.83;172.24;27.78;23.74;109.14;85.27;
70;0;1108.12;629.32;0.88;1105.93;623.49;0.75;1110.31;622.03;0.6;1109.58;627.14;0.89;1134.37;624.95;0.77;1109.58;659.22;0.9;1148.96;649.74;0.87;1125.62;697.14;0.83;1182.5;691.31;0.84;1131.46;745.27;0.81;1202.19;729.96;0.81;1146.77;734.33;0.75;1169.38;733.6;0.76;1099.37;773.71;0.86;1121.98;770.07;0.84;1095.72;836.43;0.92;1130.73;834.97;0.91;163.98;168.09;133.05;119.89;103.38;113.88;3.41;25.22;60.19;50.7;
70;1;1134.89;569.96;0.83;1138.66;565.93;0.79;1131.4;565.39;0.8;1143.77;569.15;0.76;1124.95;568.88;0.87;1153.44;594.96;0.74;1114.19;596.31;0.75;1164.47;619.69;0.78;1108.28;628.3;0.65;1164.73;644.7;0.8;1112.85;650.34;0.51;1149.41;656.25;0.55;1128.71;657.87;0.52;1166.62;673.73;0.33;1130.06;673.73;0.27;1170.65;673.73;0.27;1090.0;673.73;0.24;156.6;157.81;134.56;85.16;131.68;171.58;27.78;23.74;3.67;2.32;
71;0;1100.68;625.4;0.99;1098.76;622.2;0.65;1105.79;620.29;0.78;1098.76;627.96;0.86;1118.57;623.48;0.96;1093.01;658.63;0.92;1134.55;646.49;0.99;1096.2;704.65;0.82;1151.17;695.07;0.83;1092.37;745.56;0.81;1157.56;744.28;0.83;1116.65;733.42;0.85;1144.14;734.69;0.87;1078.94;779.44;0.86;1108.98;774.96;0.85;1048.26;840.16;0.99;1128.16;838.88;0.99;170.67;168.51;167.47;122.18;123.12;132.68;13.58;12.68;1176.34;1410.53;
71;1;1138.09;570.71;0.81;1141.9;566.58;0.8;1134.28;565.94;0.76;1145.71;569.76;0.72;1126.97;568.17;0.81;1155.88;595.49;0.73;1115.53;596.77;0.7;1165.73;618.37;0.71;1109.49;625.04;0.55;1167.96;644.11;0.71;1118.71;649.83;0.38;1147.62;656.5;0.66;1128.24;656.18;0.58;1146.35;696.85;0.53;1127.92;696.85;0.45;1147.3;696.85;0.28;1129.51;696.85;0.28;161.64;147.55;88.2;89.55;174.09;167.48;31.01;24.12;98.55;176.91;
72;0;1085.31;614.02;0.97;1082.61;609.97;0.75;1087.34;608.62;0.75;1082.61;614.69;0.87;1099.49;614.69;0.86;1071.81;641.69;0.91;1112.99;643.72;0.91;1042.11;669.37;0.76;1085.31;678.82;0.56;1027.26;665.32;0.75;1051.56;682.19;0.61;1077.89;730.12;0.82;1107.59;731.47;0.88;1049.54;782.77;0.9;1090.04;782.77;0.93;1013.76;838.12;0.97;1125.14;834.74;0.99;121.77;133.97;175.42;127.08;147.77;164.64;50.95;34.73;3109.48;3696.63;
72;1;1145.09;571.87;0.83;1147.61;566.84;0.82;1141.06;566.84;0.81;1150.63;569.86;0.77;1132.0;569.36;0.8;1158.18;594.53;0.82;1118.91;596.55;0.81;1168.25;616.69;0.83;1112.36;624.24;0.78;1174.29;640.35;0.78;1110.85;651.43;0.57;1151.13;652.94;0.78;1130.49;653.95;0.76;1148.11;693.22;0.82;1132.5;697.75;0.79;1146.1;738.54;0.85;1135.52;738.54;0.8;169.88;169.88;178.26;178.4;177.41;171.23;31.33;24.71;221.65;241.32;
73;0;1084.68;613.97;0.98;1081.96;609.88;0.77;1086.72;609.2;0.76;1082.64;615.33;0.88;1099.67;614.65;0.86;1071.06;641.89;0.92;1113.29;643.94;0.93;1042.44;669.14;0.78;1090.81;679.36;0.58;1026.78;665.06;0.77;1051.98;682.09;0.63;1077.87;729.77;0.83;1107.84;731.13;0.89;1049.26;782.91;0.91;1090.13;782.91;0.94;1013.83;838.08;0.98;1124.87;834.68;0.99;121.78;126.41;175.6;127.25;147.27;164.69;50.83;28.82;16.62;12.96;
73;1;1145.0;571.45;0.84;1147.54;566.87;0.82;1140.93;566.87;0.82;1150.59;569.92;0.76;1131.77;568.91;0.8;1157.71;594.34;0.83;1119.06;596.37;0.82;1168.4;617.23;0.84;1111.94;624.35;0.8;1174.5;640.12;0.79;1110.41;651.31;0.57;1151.1;652.83;0.78;1130.25;654.36;0.76;1148.05;694.03;0.82;1132.28;698.1;0.8;1146.02;739.3;0.86;1135.33;738.79;0.81;169.91;168.96;178.34;178.37;177.79;171.74;31.47;25.2;9.45;13.69;
74;0;1076.37;604.89;0.94;1074.22;599.88;0.8;1078.52;601.31;0.72;1072.79;604.89;0.89;1091.4;606.32;0.81;1057.04;632.81;0.84;1100.71;637.82;0.9;1019.11;631.37;0.89;1098.56;668.6;0.44;1024.12;610.62;0.97;1042.73;620.64;0.46;1061.34;720.13;0.76;1092.12;720.85;0.77;1036.28;777.4;0.83;1087.11;778.83;0.84;1010.52;838.95;0.93;1121.46;828.22;0.89;78.59;53.33;179.09;140.24;153.56;179.03;94.98;1.92;1640.17;1869.99;
74;1;1148.88;571.9;0.82;1150.48;567.1;0.81;1145.15;567.64;0.8;1153.14;570.3;0.74;1135.04;569.77;0.78;1159.0;594.26;0.8;1120.66;596.39;0.79;1169.65;617.69;0.8;1113.21;625.14;0.83;1180.3;639.52;0.71;1113.21;656.02;0.81;1153.67;652.83;0.78;1132.38;654.96;0.78;1151.54;693.29;0.83;1133.44;697.02;0.8;1152.61;737.49;0.87;1135.04;738.55;0.85;178.44;165.47;175.61;179.25;177.82;170.14;29.64;25.84;175.37;165.0;
75;0;1065.6;588.3;0.86;1062.4;585.1;0.71;1069.6;585.9;0.65;1061.6;587.5;0.8;1082.41;588.3;0.86;1048.8;610.71;0.87;1087.21;617.11;0.89;1013.58;585.1;0.96;1064.8;610.71;0.51;1025.59;559.49;1.01;1039.99;586.7;0.44;1049.6;700.34;0.81;1079.21;701.94;0.82;1029.59;769.17;0.86;1083.21;766.77;0.85;1011.98;835.59;0.96;1116.82;821.99;0.89;100.91;151.88;178.64;152.2;163.28;171.08;126.54;100.56;1539.09;1024.52;
75;1;1152.22;572.11;0.83;1153.74;568.04;0.78;1148.65;568.04;0.81;1155.78;571.09;0.7;1138.47;570.07;0.78;1160.87;595.02;0.82;1122.69;596.04;0.82;1171.05;618.43;0.83;1114.04;624.54;0.86;1183.27;640.32;0.78;1112.0;655.09;0.85;1155.78;652.03;0.77;1132.87;654.07;0.78;1156.29;693.78;0.83;1133.89;697.85;0.82;1159.34;738.06;0.91;1134.91;740.61;0.86;174.33;166.93;176.75;179.97;174.2;171.38;28.6;26.84;92.74;45.93;
76;0;1056.94;568.01;0.85;1055.94;564.02;0.73;1061.93;565.02;0.77;1052.94;567.01;0.78;1073.92;571.01;0.89;1040.96;588.99;0.86;1076.92;597.98;0.82;1011.99;560.02;0.93;1051.95;577.0;0.56;1023.98;524.06;0.97;1032.97;551.03;0.54;1039.96;676.88;0.86;1067.93;678.88;0.86;1028.97;751.8;0.92;1081.91;744.8;0.92;1016.99;825.71;0.95;1108.88;809.73;0.92;116.57;166.19;179.13;169.42;172.31;161.68;134.35;123.69;1067.24;1094.02;
76;1;1154.18;572.74;0.77;1155.94;568.64;0.78;1150.07;568.64;0.76;1158.28;570.4;0.75;1140.69;570.4;0.8;1162.97;595.02;0.79;1124.27;596.2;0.81;1172.94;618.48;0.79;1114.89;624.93;0.84;1186.43;637.83;0.73;1113.13;654.83;0.82;1157.11;652.49;0.75;1134.83;654.83;0.74;1161.21;692.95;0.8;1134.83;697.05;0.8;1165.9;733.99;0.86;1134.83;739.27;0.84;168.15;165.28;179.27;180.0;168.38;169.8;28.85;28.29;121.1;34.83;
77;0;1048.95;549.19;0.85;1042.62;546.48;0.63;1056.18;545.58;0.73;1042.62;550.1;0.7;1065.22;554.62;0.82;1030.86;569.99;0.89;1069.74;579.03;0.85;1007.35;541.96;1.0;1059.8;560.04;0.71;1016.4;500.37;1.05;1032.67;534.73;0.58;1029.05;656.79;0.87;1057.08;656.79;0.89;1027.25;733.64;0.92;1072.45;724.6;0.88;1028.15;803.26;1.01;1100.48;786.08;0.91;127.75;160.67;177.91;168.26;179.85;157.98;138.82;143.11;748.66;490.75;
77;1;1157.6;572.5;0.84;1159.17;568.85;0.82;1154.47;568.33;0.81;1161.26;571.46;0.67;1144.02;570.94;0.79;1166.48;596.0;0.85;1126.79;596.0;0.85;1175.36;618.46;0.84;1115.83;623.68;0.88;1190.5;637.78;0.81;1112.69;653.44;0.85;1159.69;652.4;0.77;1135.67;653.44;0.77;1165.43;694.7;0.8;1134.63;697.83;0.81;1172.75;734.38;0.87;1134.63;740.13;0.88;163.48;164.39;177.3;178.65;165.4;169.87;28.43;30.4;122.59;43.86;
78;0;1049.35;549.21;0.85;1043.06;546.52;0.63;1055.64;545.62;0.74;1043.06;551.01;0.71;1065.53;554.6;0.82;1030.48;569.88;0.89;1070.02;578.87;0.84;1007.12;542.92;0.99;1057.44;557.3;0.72;1016.1;500.69;1.05;1030.48;526.75;0.6;1028.68;657.04;0.85;1056.54;657.04;0.88;1026.89;733.42;0.91;1072.71;724.44;0.88;1027.78;802.61;1.0;1100.57;785.54;0.9;127.07;168.83;177.91;168.99;179.83;156.72;137.9;139.96;13.09;248.97;
78;1;1157.58;572.78;0.85;1159.12;568.68;0.81;1153.99;568.68;0.8;1161.17;571.76;0.67;1143.74;570.73;0.79;1166.29;595.84;0.85;1126.31;596.36;0.84;1175.52;618.4;0.84;1116.06;623.52;0.87;1189.87;637.87;0.8;1112.48;653.25;0.84;1159.12;652.22;0.77;1136.05;653.76;0.78;1165.27;694.25;0.8;1134.52;697.84;0.81;1172.96;734.23;0.89;1134.52;740.38;0.87;165.86;166.21;177.44;178.0;164.42;168.37;29.5;30.3;19.19;8.76;
79;0;1160.19;572.34;0.84;1162.15;568.43;0.85;1156.93;568.43;0.83;1164.11;570.38;0.75;1146.49;569.73;0.88;1168.68;595.18;0.83;1128.87;595.84;0.87;1178.47;618.03;0.83;1117.12;622.59;0.9;1191.52;636.3;0.73;1113.2;651.31;0.86;1161.5;651.96;0.77;1138.0;653.92;0.77;1169.98;694.38;0.83;1135.39;697.65;0.83;1179.77;736.15;0.9;1133.44;740.72;0.89;167.66;164.06;178.12;179.19;161.48;167.64;30.4;32.64;6672.21;4499.69;
79;1;1037.9;534.06;0.85;1035.6;532.91;0.71;1045.94;532.91;0.75;1035.6;537.5;0.78;1059.71;539.8;0.82;1020.68;554.73;0.92;1062.01;566.21;0.88;993.12;520.28;0.96;1050.53;551.28;0.67;1000.01;482.39;0.93;1028.71;528.32;0.52;1017.23;638.55;0.9;1044.79;637.4;0.94;1021.82;714.33;0.95;1059.71;701.7;0.92;1042.49;779.78;0.94;1093.01;760.26;0.94;131.04;174.04;165.94;163.45;174.18;153.33;138.99;128.83;7384.72;4526.25;
80;0;1037.47;523.79;0.84;1031.14;519.04;0.65;1039.85;521.42;0.66;1027.98;523.79;0.84;1048.55;527.75;0.8;1008.98;541.2;0.86;1058.05;554.66;0.84;978.12;512.71;0.96;1080.21;550.7;0.81;970.99;481.05;1.02;1068.34;538.83;0.64;1007.4;627.47;0.83;1031.93;626.68;0.85;1011.36;701.07;0.85;1047.76;687.62;0.87;1049.34;743.81;0.9;1080.21;728.77;0.89;145.39;55.12;141.44;156.31;175.87;145.51;131.66;120.06;8115.67;3644.17;
80;1;1161.12;574.14;0.9;1164.23;570.51;0.9;1157.48;569.47;0.91;1167.35;572.07;0.72;1148.13;570.51;0.82;1173.58;595.44;0.82;1131.51;594.92;0.84;1183.97;619.34;0.83;1119.04;621.41;0.86;1200.6;640.11;0.82;1114.89;651.02;0.85;1163.72;652.06;0.73;1139.3;653.62;0.74;1174.1;695.18;0.77;1136.7;696.73;0.77;1185.53;733.1;0.86;1134.11;738.81;0.88;164.84;162.79;176.78;179.92;156.56;168.99;33.39;32.76;7678.71;4512.05;
81;0;1027.4;510.99;0.81;1023.51;505.81;0.6;1031.29;508.4;0.6;1020.92;513.58;0.84;1041.0;518.12;0.83;997.61;531.07;0.81;1050.71;545.96;0.85;959.4;514.23;0.85;1084.39;549.85;0.85;941.27;492.21;0.89;1066.9;540.13;0.74;998.26;613.96;0.75;1022.87;613.96;0.77;1003.44;688.43;0.81;1035.17;673.53;0.84;1048.12;716.92;0.84;1070.14;705.26;0.82;153.25;22.47;126.5;143.89;176.47;146.06;114.23;105.69;955.32;58.41;
81;1;1161.58;574.4;0.93;1165.17;570.81;0.91;1158.5;569.79;0.93;1168.76;572.87;0.78;1150.3;570.81;0.82;1175.43;596.45;0.82;1133.89;594.92;0.83;1188.25;621.58;0.82;1120.56;622.09;0.85;1205.17;642.09;0.78;1116.46;650.81;0.84;1165.17;651.84;0.73;1141.07;652.86;0.73;1176.45;694.4;0.74;1137.48;696.45;0.76;1188.76;731.32;0.82;1134.4;738.5;0.86;167.51;162.0;176.41;179.48;154.66;168.23;37.52;33.19;149.9;47.63;
82;0;1019.31;503.63;0.82;1012.44;502.11;0.59;1025.41;502.87;0.73;1009.39;504.39;0.86;1031.51;508.21;0.86;988.04;524.99;0.83;1041.43;537.96;0.83;951.42;522.7;0.83;1078.8;544.82;0.86;917.86;521.94;0.91;1056.68;524.23;0.82;989.56;607.37;0.8;1014.73;606.6;0.77;995.66;679.07;0.84;1023.12;664.57;0.82;1041.43;698.9;0.84;1061.26;693.56;0.83;177.73;32.55;118.29;135.47;176.2;150.51;94.64;100.84;1138.61;568.93;
82;1;1164.44;573.77;0.89;1168.17;569.41;0.89;1160.71;569.41;0.89;1171.9;571.9;0.81;1153.25;570.66;0.89;1178.74;597.4;0.84;1137.08;594.91;0.87;1192.42;622.27;0.85;1123.4;622.27;0.88;1212.32;644.03;0.8;1117.8;650.88;0.86;1168.79;652.12;0.74;1144.54;652.74;0.75;1178.74;693.78;0.78;1138.94;695.65;0.8;1190.56;732.96;0.87;1134.59;739.8;0.86;166.37;164.51;176.65;178.2;156.26;165.22;39.12;33.92;223.07;40.53;
83;0;1018.82;503.72;0.8;1012.87;502.23;0.59;1025.52;502.98;0.71;1009.89;504.47;0.85;1031.47;508.19;0.85;988.31;525.3;0.81;1041.14;537.95;0.81;952.59;523.07;0.82;1079.1;545.39;0.84;917.62;522.33;0.89;1058.26;524.56;0.8;989.8;607.16;0.79;1015.1;605.67;0.75;995.75;678.6;0.82;1023.29;664.46;0.8;1043.38;700.18;0.84;1060.49;693.48;0.82;177.64;33.91;119.14;135.88;176.28;151.04;94.62;99.94;13.83;48.49;
83;1;1164.64;574.25;0.89;1168.18;570.12;0.88;1161.1;569.53;0.9;1171.72;572.48;0.8;1153.43;570.71;0.86;1178.79;597.26;0.83;1137.51;594.9;0.87;1192.36;622.03;0.84;1123.35;622.62;0.88;1211.82;644.44;0.8;1118.04;650.34;0.86;1168.77;653.29;0.75;1144.58;653.88;0.76;1178.79;693.99;0.77;1138.69;695.76;0.79;1190.59;731.74;0.88;1134.56;739.41;0.86;167.73;163.79;176.49;177.39;156.01;165.14;38.85;33.89;19.36;17.6;
84;0;1007.94;498.1;0.85;1004.01;496.52;0.66;1013.45;497.31;0.76;999.3;498.88;0.83;1021.31;502.03;0.85;981.21;520.11;0.81;1030.74;529.54;0.8;941.12;532.69;0.78;1067.69;534.26;0.87;908.1;552.34;0.82;1049.61;502.81;0.83;984.36;596.37;0.81;1007.94;596.37;0.8;987.5;669.48;0.87;1011.09;657.69;0.83;1035.46;699.36;0.86;1055.12;684.42;0.84;166.66;52.83;124.38;124.2;179.9;158.23;74.94;101.56;947.55;704.25;
84;1;1165.18;574.6;0.89;1169.56;570.84;0.88;1162.05;570.22;0.87;1174.57;573.35;0.81;1157.04;572.1;0.88;1183.96;598.39;0.84;1140.76;595.89;0.85;1197.74;623.44;0.83;1126.99;620.31;0.89;1216.52;646.61;0.78;1120.73;649.74;0.86;1172.07;652.24;0.73;1147.65;652.24;0.73;1182.09;692.94;0.77;1140.76;694.82;0.78;1192.73;733.01;0.81;1133.87;739.9;0.81;169.78;162.58;178.95;179.5;153.71;163.84;41.27;36.4;155.62;82.81;
85;0;977.09;490.24;0.73;974.98;487.42;0.57;984.15;488.13;0.6;968.63;490.95;0.76;989.08;492.36;0.81;955.23;521.27;0.8;1003.19;513.51;0.77;938.31;562.88;0.75;1020.82;502.94;0.73;913.63;598.84;0.82;1029.98;487.42;0.77;972.86;592.49;0.77;994.72;589.67;0.77;974.98;661.6;0.74;1001.78;656.66;0.77;992.61;718.01;0.81;1037.74;705.32;0.79;167.67;151.54;164.4;149.54;167.85;167.65;36.04;127.3;1409.11;750.58;
85;1;1169.33;576.02;0.83;1173.36;572.5;0.83;1166.81;572.0;0.82;1181.41;576.02;0.79;1163.79;575.52;0.76;1191.48;603.21;0.77;1148.69;597.17;0.79;1205.08;627.88;0.77;1132.58;622.34;0.84;1219.68;652.55;0.74;1126.54;649.03;0.8;1176.38;652.55;0.66;1152.72;652.05;0.67;1185.94;693.33;0.73;1144.16;693.83;0.76;1191.99;733.61;0.8;1134.59;737.64;0.84;178.24;160.14;175.33;179.26;149.78;164.23;45.88;36.82;202.51;176.17;
86;0;976.96;490.69;0.73;974.84;487.86;0.57;984.01;488.57;0.6;968.49;491.39;0.77;989.66;492.1;0.8;955.08;521.03;0.8;1003.07;513.27;0.77;938.14;563.37;0.75;1020.71;502.68;0.73;913.44;599.37;0.82;1029.88;487.86;0.78;973.43;593.01;0.77;995.3;589.49;0.77;974.84;662.17;0.75;1001.66;656.53;0.77;993.19;717.93;0.81;1037.65;705.22;0.79;167.34;152.72;162.95;148.94;166.87;168.77;36.1;126.78;16.78;13.57;
86;1;1169.8;576.01;0.83;1173.33;572.49;0.83;1166.78;571.98;0.82;1181.38;576.01;0.79;1163.76;575.51;0.76;1191.45;603.2;0.77;1148.66;597.16;0.79;1205.04;627.87;0.77;1132.55;622.33;0.84;1219.65;652.54;0.74;1126.5;649.52;0.8;1176.35;652.54;0.66;1152.68;652.03;0.67;1185.91;693.32;0.73;1144.13;693.82;0.76;1191.95;733.6;0.8;1134.56;737.62;0.84;178.24;159.91;175.33;179.26;149.78;164.23;45.88;36.82;1.01;14.78;
87;0;961.01;493.13;0.71;958.57;491.5;0.59;969.16;489.06;0.67;955.31;496.39;0.77;975.67;493.13;0.82;949.61;527.33;0.83;988.7;508.6;0.78;939.84;572.93;0.78;997.66;470.33;0.86;913.78;609.58;0.83;1014.76;445.9;0.84;968.34;592.48;0.8;992.77;589.22;0.8;965.9;661.7;0.83;1001.73;657.62;0.85;966.72;727.66;0.87;1019.65;717.07;0.9;156.68;158.18;177.27;170.69;161.94;175.43;28.13;163.94;307.51;1342.36;
87;1;1173.16;576.94;0.82;1177.14;573.46;0.82;1170.67;572.47;0.8;1184.6;577.94;0.77;1167.68;576.45;0.75;1193.55;604.3;0.79;1152.26;597.34;0.79;1206.48;629.17;0.77;1136.35;621.71;0.83;1220.91;654.05;0.74;1128.88;648.57;0.8;1180.12;651.56;0.67;1155.25;650.56;0.68;1189.07;693.84;0.72;1146.3;693.34;0.75;1192.56;734.13;0.8;1135.85;736.62;0.83;177.36;162.38;172.98;178.25;152.18;164.97;43.34;36.36;59.25;77.05;
88;0;1178.26;580.43;0.81;1182.28;576.91;0.81;1175.25;576.41;0.78;1187.8;580.43;0.76;1170.73;578.92;0.78;1194.83;605.03;0.8;1154.66;598.5;0.79;1207.38;629.13;0.76;1139.6;621.6;0.83;1220.44;654.23;0.72;1132.07;648.21;0.81;1181.78;651.72;0.68;1156.67;650.72;0.69;1189.81;692.89;0.73;1148.14;693.4;0.75;1192.32;733.56;0.81;1138.6;736.58;0.84;179.96;162.69;172.49;178.85;153.34;166.49;43.13;35.31;9325.29;7037.46;
88;1;944.95;498.6;0.72;944.0;494.78;0.67;945.91;494.78;0.67;945.91;502.43;0.8;965.98;497.65;0.79;947.82;539.7;0.77;973.62;506.25;0.76;939.22;583.67;0.79;965.98;461.33;0.88;912.46;617.12;0.8;960.24;421.19;0.92;965.98;595.13;0.79;989.87;592.27;0.83;954.51;668.73;0.88;995.61;660.12;0.94;944.95;733.72;0.97;1004.21;724.16;1.04;152.41;178.47;179.51;177.18;153.0;174.13;29.21;178.96;9348.41;8519.06;
89;0;1178.31;580.48;0.8;1182.32;576.97;0.8;1175.3;575.97;0.78;1187.84;580.48;0.76;1170.78;578.98;0.78;1194.86;605.07;0.79;1154.73;598.54;0.79;1207.4;629.65;0.76;1139.18;621.62;0.83;1220.95;654.73;0.72;1132.15;648.21;0.81;1181.82;651.72;0.68;1156.73;650.72;0.69;1189.85;692.86;0.73;1148.21;693.36;0.75;1192.35;734.0;0.81;1138.67;736.51;0.84;178.66;160.82;172.45;178.85;153.34;166.49;42.65;36.18;21.51;2.47;
89;1;945.43;499.96;0.71;944.49;496.2;0.66;947.31;496.2;0.66;945.43;503.73;0.79;966.13;499.02;0.78;948.25;539.49;0.76;973.66;505.61;0.75;939.78;583.73;0.8;967.07;461.37;0.87;913.43;616.67;0.79;960.49;420.9;0.92;966.13;595.02;0.79;989.66;592.2;0.83;954.84;668.43;0.88;995.31;660.9;0.94;945.43;733.37;0.97;1003.78;723.96;1.04;152.18;179.23;179.5;177.05;153.4;174.23;28.69;178.0;32.17;11.33;
90;0;1182.93;582.61;0.8;1187.11;579.03;0.81;1179.95;578.43;0.81;1193.69;582.01;0.8;1175.76;580.82;0.76;1200.26;609.49;0.81;1160.23;601.73;0.81;1210.41;633.99;0.79;1144.1;620.84;0.83;1221.16;659.67;0.7;1135.74;646.53;0.83;1184.72;653.7;0.71;1160.23;651.91;0.72;1190.7;694.32;0.77;1150.67;693.13;0.75;1192.49;734.35;0.8;1141.12;736.14;0.83;179.81;157.88;174.2;179.47;152.28;166.94;41.88;40.16;148.82;119.22;
90;1;925.55;514.53;0.72;925.55;513.08;0.64;924.83;511.64;0.61;932.05;515.97;0.78;947.22;512.36;0.7;933.5;550.65;0.79;959.51;527.53;0.74;931.33;595.45;0.76;932.05;501.52;0.74;913.27;638.8;0.75;901.71;484.91;0.83;953.73;609.18;0.69;977.57;607.01;0.71;937.11;679.26;0.77;980.46;674.2;0.77;920.49;742.12;0.81;986.96;732.0;0.88;160.15;165.25;178.53;176.04;147.59;169.66;21.84;146.26;666.02;2615.02;
91;0;1183.04;582.35;0.79;1187.26;579.33;0.81;1180.02;578.73;0.8;1193.89;582.35;0.79;1175.8;581.14;0.76;1200.52;609.47;0.81;1160.13;601.64;0.81;1210.77;634.19;0.79;1143.85;620.93;0.83;1221.62;659.51;0.7;1135.41;646.85;0.83;1184.24;653.48;0.72;1160.13;652.28;0.72;1190.87;694.47;0.78;1150.48;693.27;0.76;1192.68;733.66;0.8;1140.84;735.47;0.82;179.32;157.88;173.45;179.63;150.51;166.76;42.82;40.16;14.45;13.76;
91;1;925.87;514.84;0.71;925.87;512.67;0.63;925.15;511.22;0.61;932.39;516.29;0.77;947.61;512.67;0.71;933.84;550.35;0.79;959.2;527.88;0.74;930.94;595.27;0.76;932.39;501.8;0.75;913.56;638.74;0.75;901.24;484.41;0.83;953.41;609.03;0.7;977.32;606.86;0.72;937.47;679.31;0.77;980.94;674.24;0.77;920.08;742.35;0.81;986.73;732.2;0.88;161.89;164.95;177.36;177.37;148.79;170.16;22.13;147.13;8.89;20.46;
92;0;1185.56;585.71;0.81;1189.54;582.73;0.79;1183.58;581.74;0.78;1195.01;586.21;0.79;1179.1;584.22;0.76;1201.96;612.55;0.77;1163.7;602.11;0.77;1211.9;635.91;0.72;1146.8;620.5;0.81;1219.85;663.73;0.61;1137.86;645.84;0.82;1185.56;652.3;0.68;1161.21;650.32;0.69;1191.03;694.05;0.72;1150.78;692.06;0.74;1192.02;734.3;0.79;1141.83;735.3;0.84;172.89;156.86;173.95;177.65;150.12;168.91;45.47;39.63;137.77;79.54;
92;1;915.77;525.59;0.77;915.08;523.51;0.65;915.08;522.12;0.65;921.31;526.28;0.76;938.63;520.74;0.72;925.47;560.91;0.81;952.49;536.67;0.82;928.93;602.48;0.77;923.39;524.89;0.64;914.39;646.81;0.78;894.99;521.43;0.69;944.87;619.1;0.71;968.42;616.33;0.72;926.86;687.68;0.76;973.96;682.14;0.81;915.08;751.41;0.86;981.58;739.63;0.85;157.07;164.92;175.75;177.26;146.85;173.5;13.67;123.35;244.21;1129.67;
93;0;1186.25;587.04;0.83;1190.62;584.12;0.81;1184.31;583.15;0.8;1197.41;587.04;0.79;1180.43;585.09;0.76;1203.72;614.2;0.76;1164.91;602.56;0.75;1212.94;638.95;0.72;1147.93;620.51;0.81;1220.21;664.66;0.62;1138.71;646.23;0.82;1186.25;652.53;0.68;1161.51;650.59;0.67;1191.59;693.77;0.72;1150.84;692.32;0.73;1192.07;733.07;0.78;1142.59;734.52;0.85;175.37;156.31;173.33;176.71;148.13;169.7;44.93;39.36;29.91;28.03;
93;1;906.83;533.73;0.77;906.83;533.03;0.69;906.83;530.92;0.66;915.96;536.54;0.76;929.29;532.32;0.73;919.46;570.92;0.77;944.03;552.68;0.81;927.18;612.33;0.73;916.66;557.59;0.53;910.34;656.54;0.75;889.29;555.48;0.72;937.71;634.09;0.7;960.17;630.58;0.72;915.96;702.16;0.76;966.49;691.63;0.76;908.24;767.43;0.82;980.52;747.78;0.85;148.58;165.43;169.02;171.87;146.16;174.2;5.55;91.53;317.19;1039.08;
94;0;1186.28;586.6;0.82;1190.66;583.68;0.8;1184.33;582.71;0.8;1197.47;587.09;0.79;1180.44;585.14;0.76;1203.8;614.34;0.76;1165.35;602.66;0.75;1213.04;639.64;0.72;1147.83;620.67;0.81;1220.34;665.92;0.63;1139.08;645.97;0.82;1186.28;652.78;0.68;1161.46;650.35;0.67;1191.63;694.15;0.72;1150.75;692.2;0.73;1192.12;733.56;0.78;1142.48;735.02;0.85;175.45;154.88;173.33;176.58;148.13;170.32;44.57;39.55;38.14;13.47;
94;1;906.83;534.27;0.77;906.83;532.86;0.68;906.83;530.75;0.65;915.26;537.08;0.76;929.32;532.86;0.73;919.48;571.53;0.78;944.09;552.55;0.81;927.21;613.01;0.74;916.67;557.47;0.54;910.34;656.6;0.75;889.25;555.36;0.72;937.76;634.1;0.7;960.26;630.59;0.72;915.97;702.3;0.77;966.59;691.05;0.77;908.23;766.98;0.82;980.65;748.0;0.85;148.28;165.43;169.09;172.1;145.99;174.27;5.72;91.53;1.75;3.88;
95;0;1187.99;588.3;0.78;1192.4;585.36;0.78;1186.03;583.89;0.77;1198.77;588.79;0.78;1181.62;586.34;0.77;1205.63;614.76;0.78;1165.94;603.49;0.78;1214.45;639.26;0.76;1148.79;622.6;0.82;1221.8;665.23;0.67;1140.46;648.08;0.82;1187.01;652.49;0.7;1162.51;650.53;0.69;1191.91;693.15;0.76;1151.73;691.19;0.76;1191.91;733.82;0.82;1143.4;733.82;0.87;176.0;156.2;173.13;176.21;146.86;169.32;46.07;37.74;48.58;75.94;
95;1;889.45;567.39;0.86;891.65;564.45;0.79;890.19;564.45;0.72;901.92;568.12;0.8;912.92;567.39;0.69;909.25;599.65;0.79;927.58;584.25;0.86;915.85;641.44;0.74;950.31;604.05;0.72;891.65;676.64;0.77;937.11;607.71;0.45;919.52;672.24;0.73;941.51;667.84;0.77;898.25;736.76;0.81;948.84;717.7;0.8;902.65;802.02;0.86;979.64;766.83;0.84;136.52;56.58;157.9;156.28;153.71;178.9;0.92;39.48;824.5;2134.62;
95;2;501.34;580.73;0.25;504.79;579.35;0.3;502.72;578.2;0.25;505.02;577.97;0.23;521.58;572.91;0.19;528.02;599.82;0.12;538.37;598.67;0.14;562.98;627.65;0.18;495.13;626.96;0.24;497.66;629.49;0.13;494.44;626.73;0.21;508.93;653.64;0.19;500.42;653.64;0.21;521.58;653.64;0.08;516.98;653.64;0.06;562.98;623.97;0.09;562.98;623.97;0.07;40.14;128.37;144.37;147.18;70.47;55.38;71.01;22.18;;;
96;0;1187.96;588.22;0.78;1192.37;585.28;0.79;1185.99;584.29;0.78;1198.75;588.71;0.79;1181.58;586.26;0.77;1205.62;614.72;0.78;1165.87;603.92;0.78;1214.46;639.26;0.76;1148.7;622.57;0.81;1221.33;665.76;0.67;1140.36;648.09;0.82;1186.98;652.51;0.7;1162.44;650.54;0.69;1191.88;692.75;0.76;1151.64;691.27;0.76;1191.88;733.48;0.82;1143.3;733.97;0.86;174.74;155.46;173.05;176.21;146.78;169.37;46.07;38.43;21.34;3.25;
96;1;889.44;567.33;0.86;891.63;564.41;0.79;889.44;564.41;0.72;901.89;568.07;0.8;912.87;567.33;0.69;909.21;599.55;0.79;927.52;584.18;0.86;916.53;641.3;0.73;950.95;603.95;0.73;891.63;676.45;0.77;936.3;608.34;0.45;919.46;672.05;0.73;941.43;667.66;0.77;898.22;737.23;0.81;949.48;717.45;0.8;902.62;802.4;0.86;980.24;766.52;0.84;134.74;56.86;158.1;157.11;153.9;179.73;1.9;40.38;5.84;30.82;
96;2;501.05;580.46;0.26;501.5;579.11;0.3;501.73;577.98;0.25;503.76;578.2;0.24;521.62;573.0;0.19;524.78;598.54;0.14;538.34;598.32;0.14;543.54;627.02;0.18;496.31;626.11;0.25;498.11;629.05;0.14;494.95;626.57;0.21;509.19;652.55;0.19;501.05;652.55;0.21;521.84;652.55;0.07;515.74;652.55;0.06;562.52;623.18;0.09;562.52;623.18;0.08;59.19;164.96;144.16;147.87;73.9;55.49;49.48;22.02;18.99;16.08;peak_hand_velocity
97;0;882.9;585.46;0.88;885.58;581.44;0.83;884.24;581.44;0.7;896.97;584.79;0.81;909.71;583.45;0.67;898.31;619.65;0.82;922.44;602.22;0.81;903.01;661.2;0.78;941.88;625.01;0.62;874.19;695.38;0.77;918.42;613.61;0.39;911.05;690.69;0.72;931.83;686.0;0.73;891.61;751.69;0.8;934.51;731.58;0.77;909.71;814.02;0.85;974.72;774.47;0.85;133.42;23.63;146.13;140.21;152.16;176.98;3.72;34.07;10484.31;6758.64;
97;1;1187.47;588.47;0.79;1191.86;585.54;0.79;1185.52;584.08;0.79;1198.69;588.96;0.79;1181.61;586.03;0.77;1206.01;614.81;0.79;1166.98;603.59;0.78;1215.28;639.69;0.79;1149.41;621.64;0.82;1221.62;664.09;0.68;1140.63;647.5;0.83;1187.47;652.87;0.72;1163.07;649.94;0.71;1191.86;692.87;0.77;1151.85;690.43;0.77;1191.86;733.36;0.83;1143.56;733.36;0.88;174.14;154.54;173.74;175.45;147.76;169.33;46.41;39.4;9936.98;6260.63;
98;0;1187.32;588.12;0.77;1191.73;585.18;0.78;1185.35;583.71;0.77;1198.61;588.61;0.78;1181.92;585.67;0.76;1205.97;614.14;0.78;1168.17;602.85;0.77;1215.3;638.19;0.78;1149.52;621.01;0.82;1221.68;661.75;0.68;1140.68;647.03;0.82;1187.32;652.92;0.72;1162.77;650.46;0.71;1191.73;692.68;0.77;1151.97;690.23;0.77;1192.23;732.93;0.83;1143.63;732.44;0.88;173.96;152.99;174.36;175.99;147.97;171.27;46.88;39.29;10505.74;6763.54;
98;1;875.06;599.06;0.86;878.18;595.32;0.86;875.69;595.94;0.69;889.41;600.31;0.86;901.89;600.31;0.69;888.16;634.62;0.83;916.86;621.52;0.81;885.04;678.91;0.8;936.2;653.96;0.64;853.23;711.97;0.75;911.24;662.69;0.39;911.24;701.37;0.74;927.46;697.0;0.74;880.68;754.39;0.8;913.74;740.67;0.73;908.75;814.28;0.83;959.9;778.1;0.84;140.13;78.49;124.92;111.59;130.96;154.56;23.1;22.8;11179.0;6917.98;
99;0;1185.39;586.88;0.77;1189.79;583.46;0.78;1183.43;582.48;0.77;1196.65;586.4;0.77;1180.49;584.44;0.75;1204.97;611.36;0.78;1166.79;601.57;0.77;1215.25;634.85;0.77;1149.17;620.66;0.81;1221.61;659.82;0.69;1140.36;647.09;0.81;1187.35;651.5;0.72;1162.87;649.54;0.71;1191.75;692.12;0.76;1151.61;690.17;0.76;1191.75;732.75;0.82;1143.29;732.26;0.86;170.67;155.73;173.81;175.69;150.11;169.18;47.33;38.04;58.34;10.01;
99;1;865.19;619.29;0.87;867.56;615.14;0.81;865.19;615.14;0.74;875.25;620.47;0.83;886.5;617.51;0.77;879.99;654.79;0.76;903.06;637.63;0.79;856.32;695.03;0.73;919.04;670.77;0.65;822.59;721.66;0.75;930.88;706.86;0.69;909.57;715.74;0.77;920.22;711.6;0.71;871.11;759.53;0.82;888.86;753.02;0.69;906.02;810.42;0.84;913.12;795.03;0.82;158.76;172.41;104.25;112.86;112.81;129.81;56.36;12.68;966.99;1454.56;
100;0;1185.64;586.87;0.76;1189.54;583.46;0.78;1183.69;582.97;0.77;1196.84;586.38;0.77;1180.28;584.44;0.74;1205.12;611.22;0.77;1166.16;601.97;0.76;1215.34;635.08;0.77;1149.12;620.47;0.81;1221.19;659.43;0.68;1140.35;646.77;0.81;1187.1;651.63;0.71;1162.75;649.2;0.71;1191.48;692.05;0.75;1151.55;690.1;0.76;1191.48;732.96;0.82;1143.28;731.98;0.87;170.3;155.79;173.81;175.87;149.78;168.81;47.23;38.52;17.34;9.8;
100;1;864.85;618.74;0.88;867.22;614.6;0.81;864.85;614.6;0.74;874.91;619.92;0.83;885.56;617.56;0.77;880.24;654.84;0.76;903.32;637.68;0.8;855.98;695.08;0.73;919.29;670.81;0.65;822.25;721.7;0.76;931.13;706.91;0.69;909.23;715.2;0.77;919.89;711.65;0.71;871.36;759.58;0.82;888.52;752.48;0.69;906.28;811.06;0.84;913.38;794.49;0.82;159.38;172.41;105.38;111.87;113.87;129.85;56.75;13.11;10.32;7.77;
101;0;1185.6;586.88;0.76;1189.99;583.95;0.78;1183.65;582.98;0.77;1197.31;586.88;0.77;1180.24;584.44;0.74;1205.11;611.26;0.77;1166.59;601.51;0.76;1215.35;635.16;0.77;1149.03;620.53;0.81;1221.69;659.54;0.68;1140.25;646.86;0.8;1187.07;651.74;0.71;1163.17;649.3;0.7;1191.46;691.73;0.75;1151.96;689.78;0.76;1191.46;732.69;0.82;1143.18;732.2;0.86;171.38;155.73;173.74;176.2;149.71;168.6;47.23;38.62;15.57;4.24;
101;1;865.08;618.94;0.87;867.45;615.39;0.81;865.08;614.8;0.74;875.15;620.13;0.83;886.4;617.76;0.76;879.89;655.07;0.76;902.99;637.3;0.79;856.2;695.34;0.72;918.98;669.88;0.65;822.44;722.0;0.75;931.41;706.6;0.68;909.5;715.48;0.77;920.16;711.33;0.71;871.01;759.31;0.82;888.77;752.79;0.69;905.95;810.24;0.84;913.05;795.43;0.82;158.76;172.56;104.25;113.21;112.59;129.81;56.58;13.09;10.5;12.77;
102;0;859.33;623.9;0.85;861.6;619.94;0.78;859.33;619.38;0.7;868.95;625.03;0.82;882.53;622.2;0.71;875.74;658.42;0.69;897.81;640.31;0.72;848.01;693.51;0.64;916.49;673.7;0.59;815.19;716.71;0.67;927.8;713.31;0.62;907.43;717.27;0.72;913.09;712.75;0.6;866.12;758.02;0.66;863.86;749.53;0.6;902.34;810.08;0.76;885.93;801.59;0.67;163.58;166.73;99.78;103.79;106.3;114.85;66.62;17.31;12352.91;6698.48;peak_hand_velocity
102;1;1185.32;586.0;0.75;1189.26;582.55;0.77;1182.86;581.57;0.75;1195.66;585.02;0.77;1178.92;582.55;0.76;1204.03;609.14;0.78;1164.64;600.77;0.78;1214.37;632.78;0.76;1147.41;620.47;0.82;1222.25;657.89;0.68;1140.51;646.07;0.82;1186.31;651.0;0.71;1162.18;649.03;0.71;1191.23;691.87;0.76;1151.35;689.9;0.77;1190.74;732.74;0.83;1143.47;731.75;0.87;173.79;153.88;172.44;175.81;150.18;168.08;46.58;38.27;12184.95;6550.55;peak_hand_velocity
103;0;852.64;628.91;0.86;855.45;624.97;0.8;852.64;624.97;0.67;862.77;628.91;0.81;877.4;626.66;0.71;863.89;661.55;0.7;890.9;645.23;0.75;839.7;689.68;0.73;901.59;675.05;0.51;818.88;698.68;0.74;882.46;689.68;0.33;899.9;725.13;0.7;883.59;717.81;0.61;856.58;765.64;0.73;846.45;747.64;0.76;901.03;807.28;0.8;850.39;808.97;0.83;154.08;107.68;86.21;125.09;103.55;134.52;70.22;25.48;553.61;1538.64;
103;1;1180.29;580.83;0.77;1185.18;577.9;0.76;1177.85;576.92;0.76;1192.03;580.83;0.75;1174.42;578.38;0.75;1201.33;605.29;0.8;1160.24;598.44;0.8;1212.09;625.34;0.79;1146.05;618.5;0.84;1221.38;647.84;0.71;1140.18;644.91;0.83;1185.67;649.8;0.7;1161.7;648.33;0.7;1190.08;690.89;0.75;1150.45;688.44;0.77;1190.56;731.98;0.82;1144.58;731.0;0.88;174.23;157.26;174.57;172.19;154.51;162.65;47.59;36.96;303.5;36.45;
104;0;852.7;628.88;0.86;854.95;624.94;0.8;852.7;624.94;0.67;862.27;628.88;0.81;877.47;626.63;0.71;864.52;661.54;0.7;890.98;645.21;0.75;839.75;689.69;0.73;901.68;675.05;0.51;818.92;698.7;0.74;882.54;689.69;0.33;899.99;725.16;0.7;883.66;718.4;0.61;856.64;765.69;0.73;846.5;747.12;0.76;901.12;807.36;0.8;850.45;809.05;0.83;154.73;107.68;86.21;124.05;103.94;133.4;70.49;25.43;1.18;2.28;
104;1;1180.32;580.8;0.77;1185.22;577.87;0.76;1177.88;576.89;0.75;1192.06;580.8;0.75;1174.46;578.36;0.75;1201.35;605.25;0.8;1160.27;598.41;0.8;1212.11;625.79;0.79;1146.09;618.46;0.84;1221.41;647.8;0.71;1140.22;644.87;0.83;1185.7;650.25;0.71;1161.25;648.29;0.7;1190.11;690.84;0.76;1150.49;688.39;0.77;1190.6;732.41;0.82;1144.62;731.43;0.88;175.24;157.26;174.49;172.75;154.63;163.86;46.82;36.4;1.48;1.75;
105;0;851.68;628.49;0.86;854.49;625.12;0.78;851.11;625.12;0.65;861.8;628.49;0.81;876.99;626.24;0.67;863.49;660.0;0.71;887.12;645.93;0.75;837.61;688.13;0.74;895.0;675.75;0.5;825.23;689.82;0.73;864.62;686.44;0.38;894.44;725.83;0.69;878.12;719.08;0.61;851.68;767.46;0.74;840.98;748.33;0.83;896.12;804.6;0.79;849.42;809.66;0.87;140.38;94.59;84.11;120.4;109.06;135.25;67.79;21.81;327.79;548.06;
105;1;1176.85;578.69;0.76;1181.24;575.76;0.75;1174.9;574.79;0.76;1190.02;579.18;0.74;1173.43;576.74;0.74;1199.78;603.57;0.79;1158.8;597.23;0.8;1211.49;624.07;0.77;1145.13;617.72;0.85;1222.71;645.53;0.7;1140.25;644.56;0.84;1184.66;649.44;0.71;1160.26;647.49;0.71;1189.53;690.42;0.74;1150.01;687.98;0.77;1190.51;732.38;0.81;1145.62;730.92;0.87;177.85;156.61;174.54;171.64;154.96;164.13;48.0;35.36;78.77;9.38;
106;0;851.63;626.97;0.85;853.89;623.58;0.76;851.07;623.01;0.65;861.23;626.4;0.79;876.48;624.71;0.66;861.23;658.59;0.71;886.64;645.04;0.75;834.7;687.38;0.76;892.29;676.09;0.51;831.31;683.43;0.64;862.36;684.0;0.4;888.9;726.34;0.67;875.91;721.26;0.58;847.12;767.0;0.72;837.52;751.75;0.8;891.16;803.7;0.77;848.81;810.47;0.86;83.26;94.49;84.02;117.57;112.0;136.46;64.87;18.32;265.35;100.14;
106;1;1172.57;577.18;0.77;1176.06;574.2;0.74;1170.58;573.7;0.77;1186.01;577.18;0.77;1170.09;575.69;0.71;1197.45;602.06;0.8;1156.15;596.59;0.82;1209.89;622.46;0.79;1143.22;616.49;0.86;1223.32;642.36;0.71;1139.74;643.36;0.84;1184.02;649.33;0.7;1159.14;647.34;0.72;1188.99;691.62;0.72;1149.69;688.14;0.77;1189.49;731.92;0.82;1146.2;730.92;0.87;177.35;154.36;174.0;171.61;157.42;163.59;47.24;36.39;97.18;39.36;
107;0;851.65;626.99;0.85;853.91;623.6;0.76;851.09;623.04;0.65;861.25;626.43;0.78;876.49;624.73;0.66;861.25;658.61;0.71;886.66;645.06;0.75;834.71;687.41;0.76;892.3;676.12;0.51;831.32;683.46;0.64;862.38;684.02;0.4;888.92;726.37;0.67;876.49;721.29;0.58;847.13;767.02;0.72;837.53;751.78;0.79;891.18;803.73;0.77;848.26;810.5;0.86;83.26;94.49;84.02;117.69;112.0;135.64;64.87;17.9;0.9;0.91;
107;1;1172.55;577.17;0.77;1176.03;574.18;0.74;1171.06;573.68;0.77;1185.99;577.17;0.77;1170.06;575.67;0.71;1197.44;602.05;0.8;1156.13;596.58;0.82;1209.88;622.46;0.79;1143.19;616.98;0.86;1223.32;642.37;0.71;1139.7;643.36;0.84;1184.0;649.33;0.71;1159.11;647.34;0.72;1188.97;691.64;0.72;1149.66;688.15;0.78;1189.47;731.95;0.82;1146.17;730.96;0.87;177.35;155.14;174.0;171.61;157.42;163.59;47.24;35.75;0.2;1.01;
108;0;852.33;624.82;0.85;854.62;620.82;0.78;852.33;620.25;0.64;862.05;624.25;0.77;877.48;623.68;0.67;859.76;656.26;0.72;888.92;645.97;0.75;836.32;685.42;0.75;893.49;677.42;0.53;837.46;679.13;0.57;864.91;680.85;0.38;880.34;726.01;0.63;895.21;722.01;0.56;840.89;764.89;0.7;836.89;758.6;0.7;886.63;803.77;0.76;848.33;811.77;0.78;28.49;88.57;84.95;109.97;118.14;117.38;55.24;3.55;226.02;122.1;
108;1;1167.8;574.8;0.77;1171.38;571.73;0.77;1166.78;571.22;0.78;1182.61;575.31;0.8;1167.29;574.8;0.64;1195.38;599.83;0.8;1154.01;596.25;0.83;1207.13;619.23;0.79;1141.24;616.17;0.88;1222.45;638.13;0.72;1139.71;641.2;0.83;1181.59;649.88;0.71;1157.59;647.84;0.74;1188.23;691.76;0.72;1149.93;688.69;0.77;1189.76;732.11;0.83;1146.35;732.11;0.87;172.15;150.84;173.17;174.09;155.59;165.42;46.59;36.63;130.05;65.16;
109;0;856.19;616.41;0.86;858.56;611.67;0.8;856.78;611.08;0.68;865.07;617.0;0.81;878.69;616.41;0.73;859.15;650.15;0.75;892.31;640.68;0.8;840.21;684.49;0.76;891.71;674.43;0.59;844.35;677.98;0.54;863.3;680.35;0.45;873.36;720.6;0.65;897.04;718.24;0.64;831.92;759.68;0.79;843.17;758.49;0.63;876.32;804.08;0.81;847.9;811.78;0.78;3.58;102.77;88.32;121.69;121.91;123.27;40.29;4.5;210.12;50.77;
109;1;1161.07;573.45;0.77;1164.14;570.38;0.79;1159.53;569.87;0.78;1174.89;573.45;0.79;1158.0;573.96;0.61;1189.22;596.99;0.77;1147.76;594.95;0.79;1202.01;615.93;0.75;1137.52;615.93;0.86;1219.93;632.82;0.66;1137.52;639.48;0.8;1177.45;648.18;0.66;1153.9;647.15;0.7;1185.12;691.17;0.69;1148.78;689.64;0.75;1188.71;731.61;0.79;1148.27;732.63;0.84;167.36;154.0;174.94;173.81;156.92;166.42;47.0;32.71;176.86;83.73;
110;0;856.22;616.42;0.86;858.58;612.27;0.8;856.81;611.09;0.68;865.09;617.01;0.82;878.71;616.42;0.73;859.18;650.15;0.75;892.32;640.68;0.8;839.65;685.07;0.77;891.73;674.42;0.59;844.38;677.97;0.54;863.32;679.74;0.45;873.38;720.58;0.65;897.05;718.21;0.64;831.95;759.64;0.79;843.2;758.46;0.64;876.34;804.62;0.81;847.93;811.72;0.78;4.47;101.62;88.69;121.69;121.91;123.27;40.62;4.5;0.96;18.19;
110;1;1160.93;573.44;0.77;1164.0;570.37;0.79;1159.39;569.85;0.78;1174.74;573.44;0.79;1158.37;573.95;0.61;1189.07;596.98;0.77;1148.13;594.93;0.79;1201.87;615.91;0.75;1137.39;615.91;0.86;1219.78;632.29;0.67;1137.9;639.45;0.8;1177.3;648.67;0.66;1153.76;647.13;0.7;1184.98;691.14;0.69;1148.64;689.61;0.75;1188.56;731.57;0.8;1148.13;733.11;0.84;166.48;151.63;174.82;173.8;156.93;166.97;46.87;33.28;16.66;11.31;
111;0;858.97;611.09;0.83;861.36;606.9;0.77;860.77;606.3;0.65;866.15;612.28;0.82;881.69;612.28;0.73;860.77;647.55;0.75;895.44;637.39;0.82;843.43;684.02;0.76;893.05;671.46;0.59;844.62;680.43;0.56;865.55;681.63;0.46;875.11;717.49;0.64;897.83;715.1;0.63;832.67;756.95;0.8;844.03;755.75;0.61;872.72;806.57;0.79;848.81;811.35;0.76;6.99;114.3;94.0;122.16;121.32;125.31;37.02;5.78;74.5;87.82;
111;1;1157.36;573.77;0.76;1160.93;569.69;0.78;1156.34;569.18;0.77;1172.64;572.75;0.82;1155.32;572.75;0.62;1185.37;595.66;0.76;1145.14;594.14;0.79;1199.12;615.01;0.75;1133.94;616.54;0.83;1214.9;629.27;0.68;1136.48;638.95;0.78;1174.17;649.13;0.66;1151.76;648.62;0.69;1182.31;690.89;0.72;1147.18;690.38;0.77;1187.41;731.12;0.8;1148.2;733.16;0.83;167.48;146.95;176.17;172.37;157.13;166.81;47.23;33.49;172.55;45.2;
112;0;863.61;606.77;0.86;865.47;601.82;0.79;864.85;601.82;0.64;871.65;608.0;0.82;885.25;607.38;0.71;864.23;643.25;0.75;900.09;633.35;0.83;848.15;682.2;0.78;897.0;667.98;0.6;850.63;673.54;0.54;870.41;671.69;0.49;877.21;714.35;0.66;898.85;713.11;0.65;836.41;754.54;0.8;847.54;754.54;0.64;866.7;809.56;0.73;851.25;811.42;0.72;6.48;103.05;105.73;125.18;124.21;129.8;32.77;4.21;274.96;333.01;
112;1;1154.44;573.18;0.76;1158.63;569.52;0.77;1153.4;569.0;0.75;1169.09;572.14;0.81;1151.83;572.66;0.66;1182.7;595.68;0.77;1141.89;595.16;0.78;1197.35;617.66;0.7;1131.95;616.61;0.81;1213.04;630.74;0.58;1135.61;638.58;0.76;1172.23;650.09;0.67;1149.21;650.09;0.69;1180.6;691.95;0.7;1146.07;691.43;0.76;1186.88;731.19;0.78;1147.64;733.28;0.82;163.5;145.67;177.78;173.51;157.8;168.06;44.58;32.46;71.21;28.5;
113;0;863.1;606.74;0.86;865.57;601.79;0.79;864.95;601.79;0.64;871.14;607.98;0.82;885.38;607.36;0.72;864.33;643.26;0.75;899.61;633.36;0.83;848.24;682.25;0.78;897.13;668.01;0.6;850.1;674.2;0.53;869.9;671.73;0.48;877.33;714.43;0.66;898.99;712.57;0.65;836.48;754.65;0.81;847.01;754.04;0.64;866.81;809.73;0.74;850.72;810.97;0.74;9.43;101.85;105.73;124.85;124.21;129.02;32.77;3.64;25.42;15.35;
113;1;1154.63;573.1;0.77;1158.28;569.45;0.77;1153.07;568.93;0.75;1168.7;572.06;0.81;1152.02;572.58;0.65;1182.77;595.51;0.77;1141.6;594.99;0.78;1197.36;617.39;0.7;1131.7;616.87;0.81;1212.47;630.94;0.57;1135.87;638.76;0.76;1171.83;650.23;0.67;1148.9;650.23;0.69;1180.69;691.92;0.71;1145.77;691.4;0.76;1186.94;731.52;0.79;1147.85;733.09;0.82;165.57;144.87;176.98;172.79;156.69;168.13;45.0;31.86;18.24;9.45;
114;0;1148.38;574.19;0.82;1151.92;570.15;0.78;1146.36;570.15;0.83;1162.53;572.68;0.83;1145.35;572.17;0.71;1175.17;595.42;0.78;1135.74;595.42;0.82;1190.83;617.66;0.76;1126.14;619.68;0.82;1192.85;630.8;0.63;1133.22;636.36;0.73;1166.57;650.0;0.7;1144.34;650.51;0.72;1172.64;690.94;0.75;1141.81;692.96;0.77;1182.75;730.36;0.83;1147.37;733.39;0.85;153.58;135.42;174.05;168.76;162.63;167.73;44.11;30.46;10396.68;7994.9;
114;1;873.6;599.91;0.86;874.89;595.38;0.77;876.83;596.03;0.66;878.77;600.56;0.83;895.6;602.5;0.74;869.07;636.8;0.77;908.54;630.32;0.83;856.13;679.5;0.73;916.95;671.74;0.74;856.77;693.74;0.65;892.36;677.56;0.51;883.3;708.62;0.7;907.25;708.62;0.7;847.72;757.15;0.82;862.6;755.86;0.68;858.72;819.27;0.76;850.3;808.92;0.73;160.54;91.84;133.7;149.66;132.54;137.56;28.07;12.43;10869.38;7420.09;
115;0;1148.66;574.95;0.82;1152.64;570.47;0.78;1146.67;570.47;0.82;1162.58;572.96;0.82;1145.18;572.46;0.72;1174.52;595.84;0.78;1135.73;595.84;0.81;1190.94;617.22;0.76;1125.78;619.71;0.82;1192.93;629.66;0.62;1133.24;636.12;0.72;1167.06;650.05;0.7;1144.18;650.55;0.71;1172.53;690.84;0.74;1141.69;693.32;0.77;1182.48;729.63;0.83;1147.66;733.61;0.84;151.59;132.94;173.26;168.25;164.52;167.89;45.34;31.41;34.33;7.01;
115;1;873.32;600.0;0.86;874.61;595.48;0.77;876.54;596.13;0.66;879.12;600.64;0.83;895.24;601.93;0.74;869.45;636.75;0.77;908.14;630.3;0.82;856.55;679.31;0.73;917.17;671.57;0.74;856.55;693.5;0.65;893.31;677.38;0.52;883.64;708.97;0.7;907.5;708.33;0.69;847.52;757.34;0.82;862.36;755.4;0.67;858.49;819.24;0.76;850.1;808.28;0.73;163.14;91.33;133.21;149.25;132.14;136.68;27.97;12.81;9.84;28.99;
116;0;1146.28;574.27;0.82;1149.69;569.89;0.78;1143.85;569.89;0.84;1159.44;572.81;0.83;1142.38;572.32;0.72;1171.62;596.2;0.82;1133.12;596.69;0.85;1187.71;619.6;0.81;1123.87;622.03;0.84;1181.86;634.7;0.64;1133.12;636.17;0.74;1164.31;648.84;0.73;1142.38;649.81;0.76;1167.73;689.29;0.76;1139.95;693.19;0.79;1177.96;728.76;0.84;1146.77;734.12;0.86;124.33;126.7;170.29;167.32;167.27;166.9;42.42;29.96;365.99;3.65;
116;1;879.09;599.85;0.85;880.38;594.05;0.76;882.96;595.34;0.67;884.9;599.85;0.82;900.38;601.79;0.75;872.64;635.32;0.81;912.63;631.45;0.81;861.68;676.6;0.78;923.6;674.02;0.83;857.16;697.24;0.74;899.73;681.12;0.58;884.9;707.56;0.71;911.34;707.56;0.7;852.65;755.94;0.84;868.13;754.65;0.73;858.45;817.85;0.81;858.45;810.11;0.72;177.46;92.11;140.95;147.35;136.68;138.43;24.5;15.42;114.17;223.68;
117;0;893.8;600.47;0.84;894.43;595.44;0.73;896.95;596.7;0.66;898.21;601.73;0.8;913.95;602.99;0.75;882.47;636.36;0.85;927.8;635.1;0.82;873.03;679.17;0.8;937.24;681.05;0.85;863.58;703.72;0.78;913.95;683.57;0.58;888.76;711.9;0.74;918.35;710.64;0.74;859.18;757.23;0.87;880.58;753.45;0.81;861.69;821.44;0.89;889.39;810.11;0.87;171.4;84.56;144.62;129.73;142.1;145.7;17.2;18.74;9800.29;6748.14;
117;1;1142.05;574.04;0.85;1145.55;570.04;0.84;1139.05;569.54;0.89;1154.54;572.54;0.87;1136.55;572.54;0.76;1167.04;595.03;0.83;1127.56;596.53;0.86;1179.03;619.01;0.82;1119.56;622.51;0.86;1168.03;631.51;0.66;1131.05;635.51;0.76;1160.54;649.5;0.75;1139.05;650.5;0.77;1161.04;688.48;0.79;1137.55;692.97;0.82;1166.54;728.96;0.87;1146.05;733.95;0.86;112.09;121.4;173.0;166.27;172.46;165.96;33.37;29.13;9561.73;7095.08;
118;0;893.83;600.46;0.84;894.46;595.42;0.73;896.35;596.68;0.66;898.24;601.72;0.8;913.99;602.98;0.75;881.86;636.37;0.86;927.21;635.11;0.82;873.04;679.2;0.8;936.66;681.09;0.85;863.59;703.77;0.79;913.36;682.98;0.58;888.79;711.96;0.74;918.4;710.7;0.74;859.18;756.68;0.87;880.6;753.54;0.81;861.7;821.57;0.89;889.42;810.23;0.88;170.6;83.02;144.27;129.73;141.26;145.23;16.87;18.27;1.64;25.07;
118;1;1142.07;574.03;0.85;1146.06;570.04;0.84;1139.07;570.04;0.89;1154.56;572.53;0.87;1136.57;572.53;0.77;1167.06;595.53;0.83;1127.57;596.53;0.86;1179.56;619.03;0.82;1119.57;622.53;0.86;1168.06;632.03;0.66;1131.07;635.53;0.76;1160.56;649.53;0.75;1139.07;650.53;0.77;1160.56;688.53;0.79;1137.57;693.03;0.82;1166.06;728.52;0.87;1146.06;734.02;0.87;110.49;121.4;172.17;166.27;173.14;165.96;34.87;29.13;15.76;0.83;
119;0;1140.3;573.54;0.89;1144.21;569.63;0.84;1137.37;569.63;0.91;1152.52;572.07;0.88;1134.44;572.56;0.79;1164.73;595.03;0.85;1125.65;596.5;0.87;1175.97;619.95;0.87;1118.81;622.88;0.87;1163.26;634.6;0.73;1130.53;636.56;0.77;1159.36;648.28;0.77;1137.86;649.26;0.79;1157.4;688.34;0.82;1137.37;692.25;0.84;1160.33;730.35;0.88;1145.19;733.28;0.86;114.81;124.86;173.22;168.56;177.03;166.32;30.04;27.57;9255.0;6683.1;
119;1;904.64;600.64;0.86;904.0;596.16;0.73;907.2;597.44;0.69;907.84;601.28;0.8;923.83;601.92;0.75;893.12;634.55;0.82;934.71;635.19;0.85;880.32;675.5;0.8;945.59;680.62;0.86;870.08;701.74;0.78;923.19;693.42;0.65;893.12;711.33;0.73;921.27;711.97;0.74;863.69;756.76;0.86;889.28;752.92;0.79;861.77;825.23;0.89;907.84;806.03;0.83;176.04;106.28;148.67;122.74;147.06;151.93;17.35;23.39;9208.97;6493.47;
120;0;1140.27;573.6;0.89;1144.18;569.69;0.84;1137.34;569.69;0.91;1152.48;572.14;0.88;1134.42;572.62;0.79;1164.68;595.08;0.85;1125.63;596.54;0.87;1175.91;619.97;0.87;1118.8;622.9;0.87;1163.22;635.1;0.73;1130.51;636.57;0.77;1159.31;648.28;0.77;1137.83;649.26;0.79;1157.36;688.31;0.82;1137.34;692.21;0.84;1160.29;730.29;0.88;1145.15;733.22;0.86;115.74;124.86;173.22;168.56;177.03;166.32;30.04;27.57;15.17;0.78;
120;1;904.68;600.65;0.86;904.04;596.17;0.73;906.6;597.45;0.69;907.24;601.29;0.8;923.86;601.92;0.75;893.17;634.53;0.82;934.09;635.17;0.85;880.38;675.45;0.8;944.96;681.2;0.86;870.15;701.66;0.78;923.22;693.35;0.65;892.53;710.62;0.73;921.3;711.89;0.74;863.76;757.29;0.86;888.7;752.81;0.79;861.84;825.7;0.89;907.88;806.52;0.83;176.04;105.91;149.95;121.8;148.83;150.91;16.87;22.75;3.02;2.17;
121;0;915.83;599.39;0.84;913.21;594.81;0.65;917.14;596.12;0.68;915.83;600.7;0.81;934.16;602.01;0.77;901.42;632.78;0.85;945.29;635.4;0.91;889.64;674.03;0.81;955.11;679.92;0.89;877.2;695.63;0.82;931.54;691.05;0.74;898.8;712.65;0.79;926.96;713.31;0.79;868.04;757.82;0.9;898.8;756.51;0.85;861.49;825.91;0.95;928.92;804.96;0.86;166.01;102.84;151.23;115.05;147.62;160.16;14.07;25.68;8797.48;6207.97;
121;1;1137.86;572.45;0.91;1141.85;568.46;0.89;1134.86;568.46;0.93;1150.34;571.45;0.9;1131.87;571.95;0.81;1161.82;595.42;0.84;1123.38;596.91;0.87;1173.3;621.37;0.85;1117.39;625.37;0.88;1157.32;636.35;0.71;1130.87;635.85;0.78;1157.82;648.33;0.77;1136.36;649.33;0.77;1153.83;688.27;0.8;1136.36;692.76;0.8;1152.33;733.2;0.86;1144.84;732.2;0.84;109.29;115.99;176.2;167.86;178.61;166.09;28.18;25.8;8862.34;6483.72;
122;0;927.41;597.28;0.8;924.77;592.02;0.6;931.36;592.68;0.66;926.09;597.94;0.82;945.19;598.6;0.78;912.92;630.21;0.83;955.07;633.5;0.88;905.02;669.06;0.81;966.26;676.97;0.89;886.58;684.87;0.83;940.58;690.8;0.75;905.68;711.21;0.76;933.33;713.84;0.76;873.41;759.94;0.86;910.94;760.6;0.84;861.55;825.79;0.93;947.16;803.4;0.81;142.1;103.86;156.69;114.18;151.6;169.55;6.39;29.58;429.52;272.13;
122;1;1136.58;572.74;0.91;1140.09;568.73;0.88;1133.58;568.73;0.92;1148.1;571.23;0.89;1130.58;571.73;0.81;1160.62;595.27;0.85;1122.57;596.77;0.88;1171.13;621.3;0.87;1117.06;624.3;0.89;1155.61;634.32;0.73;1129.07;634.82;0.81;1156.11;648.34;0.78;1135.08;649.84;0.79;1151.1;689.39;0.79;1136.08;692.9;0.8;1148.1;735.45;0.84;1144.09;732.45;0.81;108.0;119.88;176.78;169.88;177.9;168.06;26.84;24.58;80.03;62.26;
123;0;936.04;592.94;0.8;936.04;588.15;0.65;938.09;587.47;0.69;938.78;594.31;0.83;959.99;595.0;0.75;926.46;627.85;0.84;968.89;631.95;0.86;918.93;666.86;0.81;976.42;675.07;0.87;896.34;678.49;0.79;950.41;688.08;0.75;916.19;710.66;0.74;943.57;712.03;0.77;883.34;760.62;0.81;925.09;763.36;0.8;862.81;824.27;0.9;962.73;807.85;0.81;128.18;106.66;164.55;119.96;153.74;177.75;3.86;27.45;350.91;307.05;
123;1;1134.98;572.81;0.9;1138.48;568.81;0.86;1131.97;568.81;0.91;1146.49;571.31;0.89;1128.97;571.81;0.79;1158.5;595.34;0.85;1121.46;596.84;0.88;1168.52;623.37;0.88;1115.95;624.37;0.88;1152.0;636.39;0.74;1125.97;634.38;0.79;1154.5;649.4;0.77;1132.97;650.9;0.79;1148.99;689.95;0.79;1134.98;692.95;0.79;1145.99;735.0;0.84;1143.99;732.5;0.79;108.58;123.69;176.08;169.89;176.5;170.7;23.89;23.33;125.32;94.45;
124;0;955.22;591.11;0.8;950.38;586.27;0.58;960.06;586.96;0.67;947.61;591.8;0.84;972.5;593.19;0.81;937.94;623.6;0.82;980.1;629.82;0.84;929.64;665.76;0.8;988.4;674.06;0.85;905.45;672.68;0.77;961.44;685.12;0.7;927.57;707.93;0.72;955.91;709.31;0.76;896.46;761.84;0.77;937.94;763.92;0.8;866.05;821.98;0.88;973.88;816.45;0.87;117.07;101.69;176.85;127.4;157.03;178.71;4.12;27.55;325.2;343.56;
124;1;1133.75;572.68;0.92;1137.72;568.71;0.87;1130.76;569.2;0.93;1145.67;571.69;0.89;1127.78;572.18;0.77;1156.6;596.53;0.88;1120.33;597.02;0.89;1167.03;625.34;0.9;1114.87;625.34;0.87;1148.65;637.27;0.76;1124.31;635.77;0.76;1154.11;650.18;0.79;1132.26;651.67;0.81;1147.16;690.42;0.79;1133.25;693.4;0.8;1143.18;735.14;0.84;1144.18;732.15;0.79;103.07;126.94;175.27;165.61;172.84;169.06;22.55;23.23;104.1;65.14;
125;0;954.56;591.17;0.79;950.41;586.33;0.59;960.09;587.02;0.67;947.65;591.86;0.84;972.53;593.24;0.8;937.97;623.65;0.82;980.13;629.87;0.84;929.68;665.82;0.8;988.42;674.11;0.85;904.79;672.73;0.77;962.16;685.17;0.7;927.6;707.98;0.72;955.94;709.36;0.76;896.5;761.89;0.77;937.97;763.96;0.8;866.09;821.33;0.88;973.91;816.49;0.87;116.65;102.21;177.11;127.4;157.03;178.71;4.12;27.55;19.82;21.76;
125;1;1133.71;572.7;0.92;1137.69;568.73;0.86;1130.73;569.23;0.93;1145.63;571.71;0.89;1127.75;572.21;0.76;1157.05;596.54;0.88;1120.8;597.04;0.89;1166.98;625.34;0.89;1114.84;624.84;0.87;1148.11;637.26;0.76;1124.28;635.77;0.75;1154.07;650.17;0.79;1132.22;651.66;0.81;1147.12;690.39;0.79;1133.71;693.37;0.8;1143.15;735.08;0.84;1144.14;732.1;0.78;103.25;127.09;175.27;166.98;173.37;170.24;22.21;23.9;16.12;0.85;
126;0;970.39;588.86;0.81;968.43;583.61;0.6;972.36;585.58;0.72;959.9;588.86;0.84;983.51;592.8;0.87;950.06;620.34;0.85;992.69;629.53;0.82;941.53;664.94;0.82;998.6;674.13;0.85;914.64;666.91;0.71;971.71;683.96;0.65;940.22;707.58;0.72;969.08;709.54;0.76;908.08;761.36;0.76;947.44;763.33;0.79;879.88;820.39;0.87;978.26;819.73;0.89;105.01;102.56;174.68;129.42;155.57;174.52;4.39;23.98;344.23;289.51;
126;1;1132.95;573.63;0.91;1136.44;569.64;0.87;1129.45;569.64;0.93;1144.42;572.13;0.91;1126.46;572.63;0.77;1154.9;597.08;0.85;1119.47;597.58;0.86;1165.38;626.02;0.87;1113.49;625.52;0.83;1145.92;637.5;0.73;1121.47;635.0;0.72;1151.91;651.96;0.77;1130.95;652.96;0.79;1144.42;690.88;0.77;1131.95;693.88;0.79;1140.93;736.29;0.79;1143.92;732.79;0.75;100.63;127.8;173.51;164.29;172.24;169.69;23.03;23.8;66.45;87.63;
127;0;989.59;586.09;0.75;983.33;581.22;0.52;993.76;581.22;0.65;985.41;586.79;0.77;1004.89;587.48;0.8;968.02;619.49;0.81;1015.33;625.05;0.86;958.28;664.01;0.79;1022.98;670.97;0.89;933.93;658.45;0.75;997.24;680.71;0.69;965.94;709.23;0.76;992.37;712.01;0.76;931.85;756.54;0.87;964.54;762.1;0.85;929.76;826.81;0.91;983.33;828.2;0.85;89.46;101.26;145.93;135.08;145.56;165.73;11.01;24.25;633.91;774.67;
127;1;1130.42;574.58;0.91;1133.91;570.61;0.86;1126.94;571.1;0.92;1141.86;574.09;0.89;1123.96;574.58;0.76;1152.8;598.95;0.87;1117.0;598.45;0.86;1161.26;628.79;0.86;1112.03;624.81;0.8;1141.36;638.73;0.72;1115.51;635.25;0.71;1149.32;653.65;0.77;1128.44;655.14;0.79;1141.86;692.93;0.78;1126.94;696.91;0.82;1136.89;740.17;0.79;1143.35;733.21;0.77;100.75;150.88;175.26;153.63;172.89;166.55;19.46;22.09;142.0;179.61;
128;0;989.88;586.16;0.75;982.89;581.97;0.5;993.37;581.27;0.64;984.29;586.86;0.75;1004.55;587.56;0.8;966.82;619.7;0.8;1015.04;625.29;0.86;958.43;663.72;0.78;1022.72;671.41;0.89;933.28;658.13;0.74;997.57;680.49;0.7;965.42;709.84;0.77;991.98;712.64;0.77;931.88;756.66;0.88;964.72;762.25;0.85;929.79;826.54;0.91;983.59;828.63;0.86;88.26;100.39;146.1;135.35;145.27;166.01;9.9;24.25;21.8;11.7;
128;1;1130.38;574.84;0.91;1133.87;570.84;0.85;1126.88;571.34;0.91;1141.85;573.84;0.88;1123.89;574.84;0.76;1152.83;598.79;0.87;1116.9;598.79;0.86;1161.82;628.23;0.86;1111.91;624.74;0.8;1141.85;637.72;0.73;1115.9;635.72;0.7;1149.34;653.69;0.77;1128.38;655.18;0.79;1141.85;692.61;0.78;1127.38;697.1;0.82;1136.86;740.02;0.8;1143.35;733.53;0.78;98.44;149.13;175.12;154.97;172.76;167.13;20.61;22.39;33.91;18.51;
129;0;998.9;583.55;0.83;995.33;578.56;0.56;1004.61;578.56;0.65;996.76;584.27;0.83;1016.03;586.41;0.8;980.34;617.11;0.85;1027.45;620.67;0.9;968.2;660.65;0.83;1038.16;666.36;0.92;946.79;653.51;0.75;1014.6;675.64;0.73;978.91;706.34;0.79;1005.32;707.77;0.78;949.64;757.74;0.88;977.48;762.73;0.87;961.78;824.84;0.89;984.62;829.12;0.92;87.14;98.31;140.09;147.0;151.26;167.4;14.66;27.45;429.56;533.05;
129;1;1128.61;575.25;0.9;1132.63;571.23;0.84;1125.6;571.23;0.9;1140.66;574.24;0.89;1122.58;574.74;0.76;1151.71;599.35;0.87;1116.05;598.85;0.87;1159.75;628.99;0.85;1111.03;625.47;0.79;1139.16;638.53;0.73;1114.55;636.52;0.69;1148.7;653.6;0.77;1127.61;655.61;0.78;1140.66;692.78;0.79;1125.09;697.8;0.84;1136.65;739.99;0.8;1142.67;730.95;0.82;99.69;151.66;173.27;148.66;171.59;165.09;18.35;22.19;84.79;47.44;
130;0;999.66;583.43;0.83;995.37;578.43;0.56;1004.66;578.43;0.65;996.8;584.86;0.83;1016.09;586.29;0.8;980.37;617.0;0.86;1027.52;620.57;0.9;968.23;660.57;0.84;1038.23;666.29;0.92;946.8;653.43;0.76;1015.37;675.57;0.73;978.94;706.29;0.79;1005.37;707.72;0.78;949.66;757.72;0.88;977.51;763.44;0.87;961.8;824.87;0.89;984.66;829.15;0.92;87.14;98.92;140.09;147.23;151.26;167.69;14.66;27.45;2.48;23.27;
130;1;1129.12;575.23;0.9;1132.63;571.21;0.84;1125.6;571.72;0.9;1140.67;574.23;0.89;1122.59;575.23;0.77;1151.72;599.34;0.87;1116.06;598.84;0.87;1159.75;629.47;0.86;1111.04;625.45;0.8;1139.16;639.01;0.73;1114.55;636.5;0.69;1148.7;653.58;0.77;1127.61;655.59;0.79;1140.67;692.75;0.79;1125.1;698.28;0.84;1136.65;740.46;0.8;1142.68;731.42;0.82;99.93;151.66;173.22;148.7;171.59;165.13;18.11;22.19;14.51;0.63;
131;0;1026.15;575.84;0.91;1022.45;573.62;0.55;1031.33;573.62;0.66;1018.75;578.8;0.83;1040.21;580.28;0.85;1005.44;609.87;0.92;1054.26;615.05;0.95;986.94;651.3;0.86;1066.1;657.96;0.98;981.02;643.9;0.65;1043.16;668.31;0.79;1006.18;699.38;0.83;1033.55;700.12;0.83;989.16;762.27;0.88;1004.7;763.01;0.9;1018.01;819.97;0.87;988.42;828.11;0.88;62.72;98.88;138.29;169.39;164.39;169.04;24.53;29.11;1069.06;864.41;
131;1;1127.67;575.51;0.91;1131.68;571.0;0.89;1124.16;571.5;0.9;1139.2;574.01;0.89;1120.65;575.01;0.81;1149.73;599.58;0.85;1113.63;599.08;0.84;1155.75;630.17;0.83;1108.61;626.16;0.76;1134.19;639.7;0.7;1110.11;639.2;0.66;1147.22;653.74;0.75;1125.16;655.74;0.76;1139.2;692.85;0.8;1120.65;699.37;0.82;1135.19;739.99;0.77;1140.7;727.96;0.81;102.71;162.93;173.27;139.03;171.06;162.59;13.78;22.0;151.18;156.24;
132;0;1025.4;575.59;0.91;1022.46;573.38;0.55;1031.3;573.38;0.67;1018.77;578.54;0.82;1040.88;580.02;0.84;1005.5;610.23;0.92;1054.14;614.65;0.95;986.34;651.5;0.86;1065.94;658.13;0.97;981.92;644.13;0.64;1043.09;669.19;0.79;1006.24;699.4;0.83;1033.51;700.14;0.83;989.29;762.05;0.88;1004.77;763.52;0.9;1018.03;820.27;0.86;988.55;828.37;0.87;55.87;100.65;138.58;169.64;164.39;169.18;25.38;28.74;27.95;26.44;
132;1;1128.35;575.15;0.92;1131.85;571.14;0.89;1124.34;571.64;0.9;1138.86;574.15;0.89;1120.84;575.15;0.81;1149.87;599.67;0.85;1113.33;599.67;0.84;1155.88;630.21;0.83;1108.33;626.2;0.76;1134.35;639.22;0.71;1110.33;639.22;0.65;1147.37;653.73;0.75;1124.84;655.73;0.76;1138.86;692.77;0.8;1120.34;699.28;0.82;1135.35;739.82;0.78;1140.36;727.81;0.81;101.59;160.57;171.96;139.03;170.36;162.49;13.78;22.29;15.38;6.44;
133;0;1036.91;575.79;0.91;1033.99;573.6;0.58;1042.75;572.88;0.67;1030.35;577.98;0.83;1052.23;579.44;0.84;1017.22;609.35;0.91;1066.82;613.73;0.95;997.52;650.2;0.87;1079.22;656.77;0.98;1001.17;641.45;0.66;1055.88;669.17;0.78;1022.32;699.08;0.8;1045.67;699.08;0.77;1011.38;766.92;0.86;1014.3;764.73;0.84;1042.75;827.47;0.83;999.71;827.47;0.88;3.12;101.91;143.45;167.55;167.58;168.38;29.0;29.99;584.74;384.85;
133;1;1126.64;575.64;0.93;1130.14;571.15;0.9;1123.15;571.65;0.91;1137.63;574.14;0.88;1119.15;575.64;0.82;1147.61;600.1;0.85;1112.16;600.1;0.86;1154.1;630.56;0.84;1107.67;628.06;0.77;1131.64;639.55;0.7;1109.17;640.54;0.65;1146.61;654.02;0.77;1124.15;655.52;0.77;1138.63;693.47;0.81;1119.15;699.96;0.84;1135.13;738.9;0.78;1138.63;728.41;0.8;99.77;164.03;172.95;139.21;169.61;161.39;13.09;21.33;82.38;53.05;
134;0;1050.61;576.84;0.92;1049.12;573.86;0.53;1057.3;575.35;0.7;1041.68;579.81;0.78;1063.25;580.55;0.92;1029.79;611.05;0.93;1079.61;615.51;0.96;1011.94;654.18;0.92;1091.51;660.87;0.99;1026.07;642.28;0.65;1069.95;673.52;0.77;1035.73;700.29;0.83;1061.76;700.29;0.81;1029.79;770.94;0.86;1029.04;765.74;0.85;1060.28;831.18;0.86;1017.89;831.18;0.91;27.42;105.68;148.34;163.11;171.37;165.32;26.29;26.59;749.71;443.06;
134;1;1125.84;575.78;0.92;1129.36;571.26;0.9;1122.33;571.76;0.89;1136.89;573.77;0.89;1117.81;575.78;0.81;1146.44;599.89;0.83;1111.28;599.89;0.84;1152.97;630.53;0.84;1106.25;627.01;0.78;1128.86;639.57;0.69;1106.75;639.57;0.65;1145.93;654.14;0.76;1122.83;655.64;0.76;1138.4;693.82;0.8;1118.81;699.34;0.82;1134.38;739.02;0.78;1135.89;729.98;0.78;98.53;167.22;174.33;145.61;169.78;163.04;12.56;22.2;83.67;78.36;
135;0;1062.21;582.69;0.93;1060.71;578.94;0.51;1067.46;579.69;0.73;1053.2;584.94;0.75;1075.71;585.69;0.91;1041.95;615.7;0.94;1092.22;621.7;0.94;1026.95;660.71;0.94;1104.97;666.71;0.97;1038.95;653.21;0.65;1082.46;677.21;0.76;1050.2;705.72;0.83;1075.71;705.72;0.83;1044.95;776.24;0.86;1042.7;766.49;0.83;1073.46;841.51;0.85;1043.45;834.76;0.92;39.56;99.2;152.15;150.86;170.5;162.6;23.67;26.93;508.35;392.76;
135;1;1124.57;576.61;0.95;1128.12;571.54;0.88;1121.03;572.55;0.89;1135.71;574.58;0.91;1116.47;575.59;0.85;1144.83;599.9;0.87;1110.4;599.9;0.88;1151.41;630.78;0.88;1105.33;629.27;0.79;1128.12;641.42;0.73;1103.81;651.54;0.57;1144.32;654.08;0.82;1122.55;655.09;0.81;1137.23;694.08;0.86;1118.5;699.14;0.86;1133.69;739.65;0.84;1132.17;735.09;0.8;102.51;174.12;174.4;153.93;170.49;162.33;12.57;22.2;59.89;371.08;
136;0;1062.14;582.74;0.94;1060.64;578.99;0.51;1067.39;579.74;0.73;1053.14;584.99;0.75;1075.63;585.74;0.92;1041.9;615.73;0.95;1092.13;621.73;0.94;1026.9;660.71;0.94;1104.87;666.71;0.97;1038.9;653.22;0.65;1082.38;677.21;0.77;1050.89;705.7;0.84;1075.63;705.7;0.83;1044.9;776.17;0.87;1042.65;767.18;0.84;1073.38;841.4;0.86;1043.4;834.65;0.92;39.56;99.2;151.54;151.15;169.42;162.9;24.15;26.93;1.62;2.44;
136;1;1124.58;576.64;0.95;1128.12;571.58;0.88;1121.04;572.6;0.89;1135.72;574.11;0.91;1116.48;575.63;0.85;1144.83;599.93;0.87;1110.41;599.93;0.87;1151.41;630.3;0.88;1105.35;629.28;0.78;1128.12;641.43;0.72;1103.83;651.55;0.57;1144.32;654.08;0.82;1122.56;655.1;0.8;1137.23;694.07;0.85;1118.51;699.13;0.86;1133.69;739.62;0.83;1132.17;735.07;0.8;103.33;174.12;174.4;153.93;170.49;162.33;12.76;22.2;0.44;0.52;
137;0;1075.78;586.72;0.84;1072.81;584.49;0.4;1079.5;583.75;0.66;1064.63;589.7;0.74;1089.17;588.21;0.86;1056.45;621.67;0.9;1106.27;626.88;0.84;1043.81;667.04;0.88;1117.43;675.96;0.86;1046.78;661.09;0.57;1095.12;679.68;0.64;1064.63;711.65;0.8;1091.4;710.91;0.76;1052.73;778.58;0.84;1059.42;770.4;0.73;1079.5;841.05;0.84;1069.84;834.35;0.8;10.99;86.66;146.72;142.5;164.72;161.78;20.77;22.84;335.23;390.42;
137;1;1123.98;576.19;0.96;1127.5;571.66;0.86;1119.96;572.17;0.88;1135.04;574.68;0.89;1115.43;575.69;0.89;1144.1;599.83;0.89;1108.89;599.83;0.86;1150.13;631.52;0.91;1106.38;631.01;0.73;1127.0;641.07;0.74;1105.37;658.68;0.51;1143.09;654.15;0.86;1121.97;655.16;0.8;1136.55;696.9;0.88;1118.95;700.42;0.87;1133.54;741.67;0.85;1131.52;738.15;0.88;101.66;177.47;175.16;157.75;172.37;162.89;11.85;17.91;35.56;219.32;
138;0;1085.78;591.99;0.79;1082.84;588.3;0.49;1092.42;587.56;0.63;1079.15;593.46;0.73;1102.74;592.72;0.9;1071.78;629.58;0.91;1117.48;630.32;0.87;1060.72;676.77;0.86;1127.07;678.24;0.78;1057.77;665.71;0.63;1096.84;669.39;0.53;1078.41;721.0;0.8;1104.21;720.26;0.77;1059.98;781.45;0.88;1074.73;775.55;0.82;1081.36;844.85;0.87;1101.27;825.68;0.86;28.12;62.38;144.41;124.03;158.89;160.32;17.34;19.7;358.68;313.8;
138;1;1122.15;575.93;0.95;1126.09;571.51;0.85;1118.71;572.0;0.85;1133.95;574.46;0.93;1114.28;575.93;0.87;1143.79;600.03;0.88;1107.89;600.52;0.85;1149.69;630.52;0.91;1104.94;629.05;0.68;1128.54;639.37;0.75;1102.97;646.26;0.4;1141.33;655.6;0.8;1120.18;657.57;0.73;1136.41;698.88;0.88;1120.18;701.83;0.8;1133.46;741.66;0.87;1131.5;738.22;0.83;101.76;179.39;177.46;162.73;176.05;167.84;13.49;18.07;69.21;380.66;
139;0;1099.32;596.02;0.82;1096.45;591.72;0.47;1102.18;591.0;0.64;1093.59;596.02;0.74;1115.08;596.02;0.85;1087.86;631.12;0.94;1129.4;630.4;0.91;1084.99;680.54;0.88;1140.15;678.39;0.87;1069.95;678.39;0.76;1118.66;673.38;0.59;1089.29;723.52;0.83;1115.79;724.95;0.8;1066.37;780.11;0.91;1088.58;777.24;0.85;1083.56;850.3;0.94;1131.55;825.95;0.86;85.19;64.25;144.19;111.08;157.06;160.69;4.21;20.81;529.25;667.41;
139;1;1122.91;575.97;0.83;1126.36;572.06;0.79;1119.47;572.29;0.86;1132.79;574.59;0.73;1115.79;575.05;0.77;1142.67;600.32;0.71;1109.13;600.78;0.64;1149.33;629.49;0.84;1110.28;628.58;0.35;1135.78;638.68;0.6;1123.14;633.63;0.38;1142.44;652.01;0.58;1117.4;662.11;0.36;1144.28;662.11;0.33;1088.91;662.11;0.25;1146.57;662.11;0.36;1088.91;662.11;0.31;111.27;113.81;100.3;90.0;169.44;82.32;13.12;5.31;218.64;716.11;
