==========================================================================================
 SPIKE.AI - TABELA DE DADOS BIOMECÂNICOS 2D (SÉRIE TEMPORAL)
 NOTA TÉCNICA: Os ângulos (*_angle_2d_proj) são projeções no plano da imagem.
               Velocidades (*_apparent_velocity_px_s) são relativas à escala em pixels.
==========================================================================================

frame   person_id   nose_x   nose_y   nose_conf   left_eye_x   left_eye_y   left_eye_conf   right_eye_x   right_eye_y   right_eye_conf   left_ear_x   left_ear_y   left_ear_conf   right_ear_x   right_ear_y   right_ear_conf   left_shoulder_x   left_shoulder_y   left_shoulder_conf   right_shoulder_x   right_shoulder_y   right_shoulder_conf   left_elbow_x   left_elbow_y   left_elbow_conf   right_elbow_x   right_elbow_y   right_elbow_conf   left_wrist_x   left_wrist_y   left_wrist_conf   right_wrist_x   right_wrist_y   right_wrist_conf   left_hip_x   left_hip_y   left_hip_conf   right_hip_x   right_hip_y   right_hip_conf   left_knee_x   left_knee_y   left_knee_conf   right_knee_x   right_knee_y   right_knee_conf   left_ankle_x   left_ankle_y   left_ankle_conf   right_ankle_x   right_ankle_y   right_ankle_conf   left_elbow_angle_2d_proj   right_elbow_angle_2d_proj   left_knee_angle_2d_proj   right_knee_angle_2d_proj   left_hip_angle_2d_proj   right_hip_angle_2d_proj   left_shoulder_angle_2d_proj   right_shoulder_angle_2d_proj   left_apparent_shoulder_rotation_2d_deg   right_apparent_shoulder_rotation_2d_deg   body_height_px   left_wrist_apparent_velocity_px_s   right_wrist_apparent_velocity_px_s   detected_event       
------- ----------- -------- -------- ----------- ------------ ------------ --------------- ------------- ------------- ---------------- ------------ ------------ --------------- ------------- ------------- ---------------- ----------------- ----------------- -------------------- ------------------ ------------------ --------------------- -------------- -------------- ----------------- --------------- --------------- ------------------ -------------- -------------- ----------------- --------------- --------------- ------------------ ------------ ------------ --------------- ------------- ------------- ---------------- ------------- ------------- ---------------- -------------- -------------- ----------------- -------------- -------------- ----------------- --------------- --------------- ------------------ -------------------------- --------------------------- ------------------------- -------------------------- ------------------------ ------------------------- ----------------------------- ------------------------------ ---------------------------------------- ----------------------------------------- ---------------- ----------------------------------- ------------------------------------ -------------------- 
0       0           226.12   193.48   0.78        227.21       192.57       0.73            225.76        192.39        0.76             233.0        194.02       0.47            236.26        193.48        0.45             228.11            204.89            0.73                 240.61             203.26             0.75                  222.14         215.93         0.7               252.92          212.31          0.76               215.44         221.91         0.74              265.23          218.47          0.69               241.69       236.39       0.71            240.24        235.67        0.66             252.56        261.74        0.79             218.15         244.72         0.8               280.08         277.31         0.85              213.45          269.71          0.79               160.14                     170.24                      142.7                     122.96                     179.88                   112.93                    51.73                         54.31                          128.27                                   125.69                                    80.03            -                                   -                                    cocking_backswing    
0       1           146.12   174.02   0.78        147.42       172.71       0.72            145.29        172.71        0.7              150.28       173.78       0.44            144.57        173.66        0.31             151.7             181.86            0.8                  141.6              182.57             0.81                  148.14         187.2          0.79              137.56          191.6           0.85               137.56         188.27         0.79              131.03          198.85          0.81               152.3        201.82       0.73            145.29        202.65        0.75             156.22        217.38        0.8              141.96         218.33         0.84              167.62         228.31         0.82              144.93          234.49          0.8                129.46                     162.06                      147.92                    157.61                     167.57                   157.63                    35.39                         34.5                           144.61                                   145.5                                     57.39            -                                   -                                    -                    
0       2           263.67   173.27   0.82        265.19       172.19       0.86            262.8         171.97        0.85             267.91       173.6        0.91            261.39        172.95        0.78             270.09            182.41            0.83                 257.26             181.97             0.84                  275.2          191.0          0.84              253.78          190.67          0.84               278.46         198.83         0.83              257.58          197.19          0.85               266.39       202.2        0.76            257.8         201.87        0.77             270.31        215.57        0.79             255.95         214.92         0.79              272.15         229.05         0.83              252.58          227.96          0.83               171.87                     127.94                      171.49                    173.58                     153.1                    170.37                    41.33                         23.37                          138.67                                   156.63                                    55.23            -                                   -                                    -                    
1       0           226.67   192.59   0.77        227.77       191.49       0.74            226.49        191.31        0.74             233.46       192.78       0.54            236.21        192.59        0.46             228.69            204.7             0.73                 241.35             203.23             0.74                  222.45         216.81         0.61              254.19          211.86          0.75               216.58         220.11         0.68              265.93          216.63          0.71               242.08       236.07       0.71            239.33        235.34        0.65             253.27        261.39        0.78             218.24         244.69         0.8               280.97         277.53         0.82              212.55          269.28          0.78               146.61                     168.23                      144.08                    126.94                     179.27                   117.51                    50.37                         59.72                          129.63                                   120.28                                    80.81            64.06                               59.23                                -                    
1       1           147.95   173.85   0.79        149.27       172.29       0.75            147.12        172.41        0.74             152.02       173.49       0.56            146.04        173.13        0.4              153.33            181.62            0.8                  143.29             182.45             0.82                  149.99         187.35         0.8               139.35          191.66          0.85               139.11         188.55         0.8               133.01          199.19          0.8                153.81       201.94       0.74            146.52        202.53        0.76             157.64        217.35        0.8              143.53         218.31         0.84              169.23         228.47         0.82              146.4           234.33          0.81               126.53                     163.13                      147.73                    159.12                     167.42                   160.15                    31.6                          32.33                          148.4                                    147.67                                    57.55            47.2                                60.53                                -                    
1       2           265.47   173.27   0.82        267.0        172.18       0.85            264.7         171.96        0.85             269.73       173.49       0.89            263.28        173.05        0.78             272.02            182.33            0.84                 259.13             181.9              0.84                  277.16         190.85         0.83              255.86          190.64          0.85               280.54         198.5          0.75              259.68          197.19          0.86               268.31       202.32       0.76            259.79        202.11        0.77             272.24        215.43        0.79             257.71         215.0          0.81              274.43         228.65         0.84              254.22          227.89          0.83               172.81                     129.19                      172.69                    173.97                     152.78                   169.0                     41.6                          22.41                          138.4                                    157.59                                    55.0             63.41                               63.02                                -                    
2       0           228.62   192.95   0.78        229.74       191.46       0.75            228.62        190.9         0.7              234.02       194.62       0.54            236.81        193.13        0.46             229.55            204.49            0.8                  243.33             203.19             0.79                  219.12         216.97         0.71              257.11          211.2           0.82               217.07         215.85         0.76              268.66          214.18          0.76               242.4        236.53       0.74            239.79        235.22        0.69             254.69        260.92        0.82             219.12         244.35         0.84              282.25         276.75         0.84              210.37          269.49          0.84               101.28                     164.31                      146.61                    133.01                     175.12                   120.12                    61.75                         66.14                          118.25                                   113.86                                    80.17            128.91                              110.25                               -                    
2       1           151.78   174.8    0.79        152.97       173.49       0.72            150.83        173.49        0.72             155.58       173.84       0.53            149.64        173.49        0.44             156.66            181.46            0.81                 146.42             182.29             0.84                  153.56         187.76         0.83              143.09          191.93          0.87               142.85         189.43         0.8               137.14          199.66          0.8                157.01       201.92       0.76            149.64        202.64        0.79             160.94        217.15        0.81             146.9          218.46         0.85              172.48         228.69         0.82              149.28          234.4           0.83               124.97                     161.5                       149.46                    161.7                      166.54                   161.22                    27.13                         28.04                          152.87                                   151.96                                    56.75            115.78                              125.11                               -                    
2       2           269.65   173.45   0.81        271.18       172.14       0.82            268.77        172.03        0.84             274.03       173.67       0.87            267.24        173.34        0.71             276.11            182.32            0.85                 263.18             181.78             0.84                  280.93         191.42         0.75              260.12          190.65          0.82               277.64         193.28         0.62              264.06          197.44          0.82               272.17       201.39       0.75            263.84        201.28        0.76             276.0         215.19        0.79             261.65         214.97         0.82              278.74         228.67         0.81              258.03          228.01          0.81               91.61                      130.79                      175.96                    173.59                     152.79                   168.98                    39.62                         21.0                           140.38                                   159.0                                     54.89            179.65                              131.99                               -                    
3       0           228.38   193.35   0.78        229.5        191.86       0.74            228.38        191.3         0.7              233.79       194.85       0.55            237.14        193.73        0.47             229.69            204.35            0.79                 243.29             203.04             0.78                  219.07         216.83         0.69              256.89          211.06          0.81               216.83         215.71         0.75              268.82          214.22          0.76               242.36       236.4        0.74            239.94        235.28        0.68             254.66        260.99        0.82             219.07         244.41         0.83              282.23         276.65         0.84              210.49          269.38          0.83               103.82                     164.38                      146.14                    132.58                     175.01                   119.57                    61.96                         65.44                          118.04                                   114.56                                    79.66            8.43                                4.97                                 -                    
3       1           151.87   175.06   0.79        153.06       173.64       0.72            150.92        173.64        0.72             155.55       173.99       0.54            149.61        173.64        0.44             156.62            181.48            0.8                  146.4              182.2              0.85                  153.41         187.78         0.83              143.07          191.95          0.87               142.83         189.45         0.8               137.12          199.67          0.8                156.98       201.93       0.76            149.61        202.76        0.79             160.9         217.15        0.81             146.87         218.46         0.85              172.32         228.44         0.82              149.25          234.27          0.83               125.94                     161.28                      149.16                    161.56                     166.54                   161.25                    28.0                          27.72                          152.0                                    152.28                                    56.29            0.91                                0.68                                 -                    
3       2           269.68   173.49   0.81        271.21       172.17       0.82            268.8         172.06        0.84             273.95       173.71       0.89            267.26        173.27        0.72             276.14            182.47            0.85                 263.1              181.93             0.84                  280.96         191.46         0.74              260.03          190.58          0.82               277.89         193.32         0.61              264.09          197.49          0.82               272.2        201.43       0.75            263.87        201.32        0.75             275.92        215.02        0.79             261.57         214.91         0.81              278.77         228.5          0.81              258.06          227.95          0.81               93.05                      130.06                      176.6                     174.56                     152.91                   168.12                    39.97                         21.78                          140.03                                   158.22                                    54.73            7.62                                1.52                                 -                    
4       0           227.32   194.64   0.8         228.63       192.78       0.81            227.32        192.4         0.75             233.29       195.01       0.58            239.44        194.08        0.49             230.49            204.14            0.78                 244.1              202.84             0.79                  219.5          214.95         0.73              257.7           209.92          0.81               216.89         211.78         0.79              271.12          213.46          0.76               243.54       236.94       0.71            238.32        235.64        0.67             255.65        260.98        0.81             219.31         244.4          0.83              282.67         275.89         0.84              209.62          269.18          0.82               84.96                      167.28                      145.63                    136.09                     174.95                   124.73                    67.18                         72.49                          112.82                                   107.51                                    77.89            118.24                              72.84                                -                    
4       1           153.68   175.15   0.78        154.76       173.72       0.72            152.49        173.72        0.72             157.4        174.08       0.56            151.53        173.72        0.44             158.48            181.62            0.78                 148.29             182.34             0.82                  155.0          187.97         0.8               145.06          192.04          0.85               144.58         189.65         0.77              139.43          199.71          0.77               158.71       201.86       0.74            151.65        202.46        0.76             162.55        217.19        0.79             148.53         218.27         0.84              173.81         228.33         0.8               150.93          234.08          0.81               127.83                     162.14                      148.73                    160.24                     166.64                   159.39                    29.36                         27.9                           150.64                                   152.1                                     56.05            53.01                               69.43                                -                    
4       2           271.78   173.73   0.81        273.32       172.29       0.85            270.78        172.18        0.83             276.08       173.84       0.91            269.24        173.28        0.69             277.96            182.45            0.87                 265.26             181.79             0.85                  282.05         190.74         0.74              261.94          190.41          0.84               279.95         193.5          0.63              266.03          197.37          0.83               274.21       201.23       0.76            265.81        201.01        0.76             277.19        215.15        0.81             263.27         215.15         0.82              280.72         228.07         0.79              260.07          227.74          0.82               116.51                     128.54                      176.8                     175.91                     156.6                    168.17                    37.57                         22.68                          142.43                                   157.32                                    54.18            62.1                                58.63                                -                    
5       0           227.6    194.5    0.82        228.83       192.57       0.88            227.43        192.57        0.81             233.57       194.5        0.53            240.42        193.27        0.42             231.46            204.15            0.76                 244.45             202.4              0.77                  222.51         213.1          0.72              257.97          208.89          0.79               218.12         211.17         0.75              271.84          212.23          0.74               243.93       236.63       0.73            238.66        235.57        0.69             255.51        260.67        0.81             219.7          244.35         0.84              282.72         275.24         0.86              208.99          268.75          0.84               111.25                     167.86                      143.89                    138.54                     175.27                   124.75                    66.0                          74.24                          114.0                                    105.76                                    77.5             41.4                                43.02                                -                    
5       1           155.28   174.57   0.78        156.36       173.01       0.74            154.21        173.13        0.72             159.12       173.85       0.56            153.25        173.37        0.43             160.08            181.76            0.79                 150.01             182.24             0.83                  156.36         188.12         0.81              147.01          192.08          0.86               145.93         190.16         0.78              141.61          199.75          0.77               160.32       201.67       0.75            153.25        202.39        0.77             164.28        217.26        0.8              150.01         218.22         0.86              175.31         228.41         0.81              152.41          234.17          0.82               131.38                     161.84                      149.55                    159.89                     166.45                   159.31                    31.01                         26.09                          148.99                                   153.91                                    56.72            43.41                               65.66                                -                    
5       2           273.41   173.96   0.84        275.06       172.41       0.9             272.53        172.19        0.86             277.71       174.18       0.77            270.87        173.41        0.48             279.58            182.22            0.87                 268.12             181.67             0.85                  282.67         191.37         0.77              264.37          190.71          0.84               281.34         193.69         0.63              268.34          197.55          0.85               275.94       200.74       0.77            267.12        200.52        0.79             278.92        215.73        0.8              265.03         215.73         0.82              282.45         228.3          0.76              261.94          227.64          0.85               131.61                     127.34                      175.55                    173.3                      157.66                   175.17                    29.75                         19.51                          150.25                                   160.49                                    54.01            42.3                                69.56                                -                    
6       0           228.28   195.44   0.79        229.9        193.1        0.83            228.28        193.1         0.78             234.59       194.72       0.67            242.36        194.18        0.54             231.53            204.29            0.73                 245.61             203.02             0.76                  225.21         210.61         0.62              258.78          208.26          0.76               220.34         211.51         0.68              272.32          210.97          0.67               243.44       237.14       0.71            239.29        235.88        0.64             255.89        260.24        0.78             220.15         244.54         0.8               282.79         274.5          0.82              208.24          268.37          0.81               145.49                     169.64                      146.26                    140.93                     171.61                   125.25                    64.93                         79.22                          115.07                                   100.78                                    75.99            67.33                               40.62                                -                    
6       1           156.77   174.02   0.77        158.08       172.35       0.73            155.81        172.47        0.7              160.82       173.66       0.54            154.74        173.19        0.45             161.9             181.65            0.8                  151.52             182.25             0.83                  158.8          188.33         0.81              148.66          192.5           0.85               147.95         190.71         0.79              143.65          200.13          0.78               162.01       201.56       0.73            154.74        202.64        0.76             165.71        216.95        0.81             151.88         218.26         0.85              176.56         228.15         0.81              153.79          234.12          0.81               127.3                      162.32                      149.44                    162.76                     166.83                   160.65                    25.25                         24.57                          154.75                                   155.43                                    57.11            62.85                               62.39                                -                    
6       2           275.88   173.84   0.84        277.3        172.31       0.88            275.0         172.2         0.84             280.14       174.17       0.67            273.58        173.18        0.45             281.78            182.26            0.86                 270.08             181.72             0.86                  283.53         191.23         0.79              266.36          190.68          0.82               282.66         194.29         0.58              270.41          197.25          0.83               278.06       201.07       0.79            269.42        200.96        0.78             281.02        215.18        0.77             267.13         215.62         0.82              284.51         227.98         0.74              263.85          227.65          0.86               153.01                     125.82                      176.52                    173.65                     157.0                    173.05                    22.22                         20.57                          157.78                                   159.43                                    53.97            43.46                               62.93                                -                    
7       0           160.43   174.46   0.77        161.64       172.77       0.73            159.34        172.77        0.71             164.53       173.74       0.51            158.38        173.38        0.42             165.5             181.95            0.8                  154.99             182.43             0.82                  162.0          188.83         0.82              152.34          193.06          0.86               151.61         191.61         0.77              148.11          201.02          0.78               165.38       201.75       0.73            158.5         202.71        0.75             169.12        217.08        0.8              155.24         218.17         0.86              179.87         228.43         0.79              156.81          233.86          0.81               131.94                     166.1                       150.28                    162.38                     165.93                   158.29                    26.62                         23.83                          153.38                                   156.17                                    56.69            2152.31                             3748.54                              peak_hand_velocity   
7       1           229.59   193.97   0.8         231.06       191.94       0.83            229.4         191.76        0.8              235.66       193.97       0.7             243.39        193.41        0.56             233.08            204.64            0.69                 246.15             201.88             0.76                  223.88         208.32         0.51              260.69          206.67          0.77               222.22         207.96         0.58              275.42          209.43          0.75               244.13       237.22       0.71            241.0         236.3         0.64             256.09        260.23        0.77             221.12         245.14         0.77              283.15         273.85         0.82              207.13          267.78          0.81               145.67                     172.4                       144.2                     145.67                     171.25                   122.48                    86.92                         80.3                           93.08                                    99.7                                      76.85            2293.95                             3973.89                              cocking_backswing    
7       2           279.81   174.21   0.82        281.25       172.76       0.89            278.92        172.43        0.85             283.26       174.21       0.62            277.47        173.87        0.63             285.15            181.99            0.85                 274.14             181.54             0.85                  284.92         192.0          0.6               270.13          190.44          0.82               283.81         196.78         0.38              274.81          197.45          0.83               281.7        200.12       0.79            273.14        199.89        0.77             282.59        215.46        0.76             270.69         215.35         0.8               284.48         229.14         0.66              267.24          227.25          0.87               168.18                     122.08                      175.45                    172.84                     165.91                   174.13                    9.5                           21.11                          170.5                                    158.89                                    53.99            82.5                                132.45                               -                    
8       0           160.54   174.46   0.78        161.75       172.89       0.73            159.45        173.01        0.71             164.52       173.86       0.5             158.37        173.49        0.41             165.37            181.94            0.8                  154.99             182.31             0.83                  161.99         188.82         0.82              152.33          193.05          0.87               151.49         191.6          0.77              148.11          201.26          0.79               165.25       201.74       0.74            158.49        202.58        0.76             169.23        217.07        0.81             155.23         218.16         0.86              179.73         228.42         0.8               156.8           233.97          0.81               130.97                     166.65                      151.78                    162.51                     165.08                   158.38                    25.81                         23.68                          154.19                                   156.32                                    56.73            3.81                                7.01                                 -                    
8       1           229.76   194.19   0.79        231.23       191.99       0.82            229.58        191.81        0.79             235.82       194.19       0.69            243.52        193.46        0.56             233.25            204.47            0.69                 246.28             201.9              0.76                  224.08         208.32         0.51              260.95          206.67          0.77               222.24         207.77         0.58              275.63          209.42          0.76               243.89       236.94       0.7             240.77        235.84        0.63             256.0         260.42        0.76             220.96         245.2          0.77              283.34         273.82         0.82              207.2           267.58          0.8                140.52                     172.62                      143.38                    146.86                     170.87                   124.49                    85.36                         81.21                          94.64                                    98.79                                     76.51            5.65                                6.36                                 -                    
8       2           279.75   174.05   0.82        281.2        172.6        0.88            278.86        172.38        0.85             283.2        174.16       0.62            277.52        173.83        0.62             285.1             181.95            0.85                 274.07             181.62             0.84                  284.98         191.97         0.6               270.07          190.53          0.82               283.98         197.65         0.36              274.96          197.54          0.83               281.64       200.77       0.78            273.18        200.43        0.77             282.65        215.46        0.76             270.73         215.35         0.81              284.54         228.82         0.66              267.28          227.38          0.87               170.63                     120.84                      175.84                    173.31                     165.71                   173.39                    9.76                          21.52                          170.24                                   158.48                                    54.05            26.72                               5.54                                 -                    
9       0           163.93   174.39   0.77        165.13       172.96       0.71            162.85        172.84        0.7              167.28       173.67       0.56            161.41        173.43        0.5              168.48            181.58            0.81                 158.18             182.06             0.84                  165.37         188.89         0.84              155.9           193.44          0.9                155.54         192.37         0.78              151.83          201.95          0.81               168.6        201.71       0.75            161.29        202.91        0.78             172.2         217.05        0.82             158.3          218.13         0.86              182.74         229.39         0.84              159.74          234.06          0.83               132.56                     165.72                      152.68                    163.71                     167.15                   160.37                    23.43                         19.81                          156.57                                   160.19                                    57.33            124.12                              113.84                               -                    
9       1           230.66   193.52   0.78        232.26       191.2        0.8             230.66        191.02        0.76             236.19       193.34       0.69            244.57        192.98        0.56             234.22            203.86            0.69                 247.24             201.54             0.74                  224.95         204.93         0.59              262.22          205.29          0.74               224.77         203.5          0.57              276.66          207.43          0.75               243.32       237.02       0.69            243.67        236.13        0.61             255.98        260.56        0.75             222.1          246.12         0.76              283.79         272.69         0.81              206.41          267.16          0.79               90.54                      174.39                      141.83                    151.55                     167.06                   120.72                    98.75                         81.85                          81.25                                    98.15                                     76.4             149.22                              67.49                                -                    
9       2           283.37   175.23   0.79        284.34       173.95       0.82            282.52        173.84        0.85             285.73       175.55       0.54            281.02        175.02        0.7              287.12            181.76            0.68                 278.02             181.44             0.74                  274.07         190.96         0.54              274.28          190.75          0.75               283.8          197.27         0.42              280.06          198.02          0.75               284.66       201.34       0.63            277.49        200.7         0.65             274.71        215.25        0.59             274.71         215.25         0.73              286.58         228.09         0.54              270.54          227.23          0.79               68.14                      119.63                      101.65                    171.62                     151.58                   170.77                    47.66                         20.32                          132.34                                   159.68                                    52.43            12.6                                153.91                               -                    
10      0           163.99   174.5    0.77        165.06       172.94       0.72            162.79        172.82        0.7              167.46       173.78       0.57            161.47        173.42        0.5              168.54            181.57            0.8                  158.24             182.05             0.83                  165.42         188.88         0.83              155.96          193.55          0.89               155.6          192.35         0.78              151.89          201.93          0.8                168.66       201.69       0.74            161.47        202.77        0.77             172.25        217.03        0.82             158.36         218.1          0.86              182.79         229.36         0.83              159.67          234.04          0.82               132.56                     165.29                      152.68                    163.79                     167.15                   159.65                    23.43                         20.07                          156.57                                   159.93                                    57.2             1.84                                1.88                                 -                    
10      1           230.72   193.59   0.78        232.32       191.44       0.81            230.54        191.26        0.78             236.26       193.59       0.69            244.66        193.05        0.55             234.47            203.95            0.69                 247.16             201.63             0.75                  225.0          205.02         0.59              261.99          205.38          0.74               224.82         203.24         0.57              276.82          207.35          0.75               243.4        237.01       0.69            243.4         236.12        0.62             255.91        260.43        0.75             222.14         246.13         0.75              283.62         272.58         0.81              206.41          267.22          0.79               89.25                      173.35                      141.81                    151.92                     167.01                   121.41                    98.67                         82.01                          81.33                                    97.99                                     76.31            8.13                                5.45                                 -                    
10      2           283.38   175.18   0.79        284.34       173.9        0.82            282.42        173.9         0.85             285.73       175.5        0.54            281.03        174.96        0.7              287.23            181.8             0.69                 278.04             181.48             0.74                  273.98         190.99         0.53              274.3           190.77          0.76               284.02         197.39         0.44              280.07          198.03          0.76               284.77       201.45       0.64            277.51        200.71        0.65             274.73        215.23        0.59             274.73         215.23         0.74              286.69         228.05         0.54              270.57          227.3           0.79               67.29                      119.63                      100.89                    171.78                     151.04                   170.77                    48.13                         20.32                          131.87                                   159.68                                    52.5             7.61                                0.59                                 -                    
11      0           231.22   192.9    0.78        232.83       190.94       0.8             231.22        190.58        0.77             236.76       193.08       0.68            244.98        192.37        0.53             235.15            204.34            0.7                  247.12             201.48             0.75                  227.11         203.98         0.53              262.31          205.05          0.74               226.76         202.73         0.53              276.07          206.3           0.72               243.37       237.75       0.72            244.09        236.85        0.64             256.24        260.97        0.76             222.47         246.86         0.78              283.93         272.41         0.82              206.21          266.69          0.8                108.49                     171.95                      141.42                    154.18                     164.84                   119.74                    106.36                        81.67                          73.64                                    98.33                                     76.65            2163.24                             3738.12                              -                    
11      1           165.58   174.12   0.77        166.79       172.43       0.74            164.38        172.43        0.74             169.32       173.64       0.56            163.17        173.15        0.48             170.29            181.71            0.8                  160.04             182.19             0.82                  167.15         188.82         0.82              157.87          193.76          0.88               157.75         192.68         0.78              154.14          202.08          0.79               170.41       201.6        0.74            163.42        202.56        0.76             173.66        217.02        0.81             160.04         217.99         0.85              184.51         229.32         0.82              161.37          234.02          0.81               136.09                     166.43                      150.49                    162.93                     168.44                   158.25                    24.13                         20.03                          155.87                                   159.97                                    57.55            2042.49                             3694.31                              -                    
11      2           284.78   175.47   0.69        285.9        174.16       0.57            283.84        174.44        0.61             249.26       170.04       0.33            283.37        175.29        0.44             279.62            181.0             0.57                 279.72             181.38             0.69                  276.06         189.91         0.59              276.34          190.28          0.68               281.69         197.03         0.42              281.4           197.59          0.73               285.34       201.62       0.53            279.91        201.53        0.58             276.53        215.49        0.58             276.72         215.58         0.65              272.5          227.2          0.57              272.6           227.3           0.73               119.91                     124.55                      166.56                    173.38                     132.08                   166.7                     37.3                          21.29                          142.7                                    158.71                                    51.78            71.2                                42.26                                -                    
12      0           232.1    191.38   0.75        233.79       189.69       0.75            233.41        189.5         0.7              237.36       192.32       0.68            244.51        191.94        0.6              234.92            203.79            0.67                 248.45             200.97             0.74                  229.84         200.59         0.52              264.63          203.79          0.75               229.84         199.28         0.49              278.16          204.17          0.71               243.75       237.82       0.72            246.01        236.88        0.63             255.41        261.52        0.78             223.63         247.41         0.77              283.62         270.54         0.82              205.77          266.59          0.8                122.2                      171.7                       133.94                    158.17                     168.36                   119.09                    136.75                        84.0                           43.25                                    96.0                                      77.19            139.22                              90.01                                -                    
12      1           168.69   173.24   0.77        170.01       171.68       0.76            167.85        171.68        0.77             171.93       173.36       0.6             166.52        172.88        0.49             173.49            181.65            0.8                  163.16             182.01             0.84                  170.61         189.1          0.85              161.72          194.15          0.9                161.6          193.31         0.81              158.12          202.68          0.81               173.61       201.59       0.76            166.04        202.56        0.79             176.98        217.21        0.82             163.16         217.93         0.85              187.55         229.83         0.84              164.24          234.03          0.84               136.18                     163.87                      152.19                    165.54                     168.19                   161.39                    21.51                         14.76                          158.49                                   165.24                                    58.69            117.29                              121.06                               -                    
12      2           285.39   176.32   0.5         285.39       172.16       0.37            284.39        172.16        0.45             284.48       172.16       0.32            284.3         172.16        0.4              280.87            181.48            0.64                 281.41             181.75             0.68                  279.42         189.62         0.62              279.87          190.34          0.63               282.68         195.77         0.55              283.76          196.4           0.64               282.4        200.65       0.49            282.86        200.56        0.55             279.78        215.3         0.6              279.96         215.49         0.6               275.8          226.61         0.62              276.07          227.15          0.68               142.02                     137.16                      170.76                    172.54                     165.27                   164.63                    14.67                         14.54                          165.33                                   165.46                                    50.56            48.22                               79.41                                -                    
13      0           232.2    191.28   0.74        233.71       189.57       0.73            233.34        189.38        0.68             237.32       192.22       0.71            244.52        192.03        0.62             235.04            203.6             0.66                 248.32             200.95             0.72                  229.54         200.57         0.51              264.63          203.6           0.74               229.92         199.05         0.47              278.09          203.98          0.71               243.58       237.74       0.71            246.23        236.79        0.62             255.33        261.45        0.77             223.47         247.22         0.76              283.59         270.55         0.82              205.84          266.38          0.8                104.85                     172.37                      134.24                    157.26                     167.65                   117.95                    132.92                        84.08                          47.08                                    95.92                                     77.19            7.24                                5.94                                 -                    
13      1           168.74   173.02   0.77        170.06       171.7        0.76            167.9         171.58        0.77             171.99       173.38       0.58            166.82        172.9         0.47             173.67            181.79            0.8                  163.22             181.91             0.84                  170.54         189.12         0.85              161.66          194.04          0.9                161.54         193.32         0.81              158.17          202.69          0.81               173.67       201.61       0.76            166.1         202.45        0.79             177.03        217.22        0.82             163.1          218.06         0.86              187.48         229.84         0.84              164.3           234.04          0.85               138.1                      165.4                       152.51                    164.81                     167.85                   161.13                    23.09                         15.32                          156.91                                   164.68                                    58.92            1.95                                1.8                                  -                    
13      2           285.39   176.8    0.51        285.21       171.89       0.37            284.3         171.89        0.44             284.39       171.89       0.32            284.39        171.89        0.38             280.94            181.52            0.64                 281.58             181.7              0.68                  279.4          189.79         0.62              279.85          190.61          0.64               282.58         195.6          0.54              284.03          196.24          0.64               282.3        201.05       0.49            282.85        200.78        0.54             279.58        215.4         0.61             279.85         215.68         0.6               275.76         226.67         0.64              276.04          227.21          0.7                140.75                     132.45                      172.04                    173.08                     165.26                   164.81                    14.57                         14.79                          165.43                                   165.21                                    50.14            5.78                                9.46                                 -                    
14      0           233.24   190.83   0.77        234.93       189.32       0.74            234.56        189.13        0.7              238.88       191.58       0.65            245.28        191.2         0.53             235.87            203.62            0.69                 249.23             200.8              0.74                  232.68         199.1          0.48              266.54          202.68          0.79               232.49         194.96         0.41              280.08          202.3           0.75               243.78       238.42       0.75            247.91        237.48        0.64             255.06        262.69        0.81             224.21         248.02         0.79              284.41         269.65         0.84              205.78          266.08          0.82               147.29                     172.21                      128.29                    159.55                     167.85                   116.02                    157.48                        85.85                          22.52                                    94.15                                     77.04            145.17                              78.38                                -                    
14      1           171.53   172.3    0.79        173.11       170.85       0.79            171.04        170.85        0.8              175.29       172.91       0.57            169.95        172.55        0.43             176.87            181.77            0.83                 166.55             182.01             0.85                  173.71         189.54         0.85              165.34          194.15          0.92               164.73         194.27         0.84              162.31          203.25          0.82               177.11       201.67       0.77            169.22        202.4         0.8              180.02        217.32        0.82             166.31         218.05         0.86              191.07         230.06         0.86              167.53          234.07          0.86               139.9                      167.28                      149.62                    165.13                     170.16                   162.0                     22.81                         13.17                          157.19                                   166.83                                    59.76            100.32                              125.49                               -                    
14      2           282.69   190.96   0.51        282.69       189.32       0.47            282.0         189.15        0.5              278.97       188.97       0.25            281.13        189.06        0.37             283.55            180.68            0.44                 284.59             180.85             0.44                  281.39         187.25         0.52              282.08          187.33          0.5                281.13         199.69         0.45              281.74          200.3           0.45               283.21       200.73       0.47            284.16        200.9         0.46             281.3         215.08        0.6              281.74         214.91         0.55              278.88         226.75         0.67              279.58          227.1           0.68               162.99                     160.39                      175.83                    179.75                     173.44                   171.43                    17.22                         19.91                          162.78                                   160.09                                    35.96            130.56                              140.32                               -                    
15      0           232.84   191.08   0.77        234.35       189.57       0.74            234.16        189.38        0.7              238.51       191.84       0.68            245.12        191.27        0.54             235.67            203.37            0.69                 249.28             200.91             0.74                  232.08         198.64         0.47              266.48          202.61          0.78               232.27         196.37         0.37              280.27          202.23          0.76               243.61       238.52       0.74            247.95        237.38        0.63             255.14        262.71        0.8              223.95         248.34         0.77              284.24         269.51         0.84              205.81          266.11          0.81               138.0                      172.78                      128.64                    160.15                     167.24                   116.62                    155.49                        86.43                          24.51                                    93.57                                     76.73            42.88                               6.02                                 -                    
15      1           171.62   172.2    0.79        173.08       170.74       0.78            171.02        170.86        0.79             175.26       172.92       0.57            169.92        172.56        0.42             176.84            181.78            0.83                 166.65             181.9              0.85                  173.69         189.54         0.85              165.44          194.03          0.91               164.83         194.39         0.84              162.28          203.13          0.82               177.2        201.55       0.77            169.2         202.4         0.8              180.11        217.32        0.82             166.29         217.93         0.86              190.91         230.06         0.86              167.5           234.06          0.85               140.83                     166.59                      150.17                    165.08                     170.59                   162.3                     23.16                         12.79                          156.84                                   167.21                                    59.86            4.77                                3.66                                 -                    
15      2           282.93   190.8    0.5         282.67       189.24       0.47            281.89        189.07        0.5              279.03       189.5        0.2             280.68        189.24        0.28             283.54            180.67            0.48                 284.66             180.93             0.49                  281.46         187.51         0.58              282.15          187.59          0.56               281.37         199.37         0.51              281.8           200.06          0.53               283.45       200.41       0.53            284.4         200.67        0.52             281.46        215.13        0.64             281.8          214.96         0.58              278.86         226.65         0.71              279.64          226.99          0.72               163.52                     160.95                      174.99                    179.89                     172.55                   170.45                    16.65                         19.88                          163.35                                   160.12                                    36.02            12.11                               7.39                                 -                    
16      0           232.99   191.35   0.79        234.5        189.65       0.78            234.12        189.46        0.76             239.24       191.73       0.68            245.5         191.35        0.52             236.59            203.48            0.69                 250.05             200.83             0.74                  233.56         199.12         0.46              267.29          202.53          0.77               233.74         194.95         0.4               280.75          201.59          0.72               244.36       238.55       0.75            247.96        237.41        0.63             254.78        263.0         0.81             224.65         248.59         0.79              283.97         268.68         0.84              205.88          265.84          0.83               142.57                     170.32                      124.11                    163.04                     169.4                    118.89                    157.67                        87.61                          22.33                                    92.39                                     75.91            61.62                               24.17                                -                    
16      1           173.21   171.87   0.8         174.66       170.54       0.78            172.61        170.54        0.77             177.08       172.72       0.56            171.76        172.12        0.4              178.77            181.79            0.82                 168.37             181.67             0.83                  175.51         189.41         0.83              167.41          193.4           0.88               166.68         194.97         0.84              164.99          202.35          0.81               178.89       201.74       0.76            170.79        202.71        0.77             181.55        217.34        0.82             167.89         218.07         0.84              192.56         229.8          0.86              168.98          234.03          0.84               145.42                     169.59                      148.22                    165.4                      170.67                   162.74                    23.55                         11.27                          156.45                                   168.73                                    60.04            58.33                               84.69                                -                    
16      2           279.2    231.45   0.26        281.14       216.65       0.28            281.42        216.13        0.28             282.72       232.04       0.23            279.83        231.45        0.24             282.6             214.04            0.22                 282.52             214.35             0.22                  280.11         231.61         0.17              279.24          231.84          0.18               280.7          226.03         0.19              280.07          230.3           0.19               280.62       232.44       0.29            282.33        233.11        0.26             282.96        214.59        0.25             282.01         214.55         0.24              281.3          231.21         0.22              280.94          230.93          0.22               2.0                        17.67                       1.74                      4.71                       1.32                     1.58                      1.94                          10.03                          178.06                                   169.97                                    0.38             802.18                              911.16                               -                    
17      0           233.91   191.15   0.78        235.41       189.47       0.77            235.04        189.47        0.75             239.91       191.72       0.67            245.54        191.34        0.52             237.1             203.34            0.69                 250.6              201.09             0.75                  235.04         199.22         0.49              266.91          202.22          0.77               234.48         194.53         0.47              280.23          201.09          0.72               244.6        238.78       0.75            248.16        237.46        0.62             254.35        263.71        0.82             224.91         249.09         0.79              283.97         268.4          0.84              205.98          265.96          0.83               160.28                     171.22                      120.35                    164.86                     170.6                    120.4                     165.38                        89.89                          14.62                                    90.11                                     76.03            25.45                               21.7                                 -                    
17      1           174.67   171.92   0.81        176.24       170.59       0.79            174.19        170.71        0.78             178.54       172.77       0.54            173.46        172.4         0.37             180.11            181.71            0.84                 169.96             181.59             0.86                  177.09         189.57         0.85              169.48          193.07          0.87               168.39         195.49         0.85              167.06          202.62          0.79               180.47       202.02       0.78            171.77        202.86        0.79             183.25        217.49        0.83             169.6          218.33         0.86              194.13         230.18         0.89              170.44          234.29          0.86               145.27                     168.2                       149.59                    168.96                     170.84                   167.12                    22.06                         7.28                           157.94                                   172.72                                    60.31            53.66                               62.82                                -                    
18      0           234.74   191.16   0.78        236.02       189.51       0.77            236.02        189.51        0.75             240.42       191.71       0.72            247.38        191.16        0.59             237.49            203.43            0.67                 251.41             201.05             0.72                  236.39         199.77         0.48              267.34          201.97          0.73               236.39         190.98         0.51              280.89          200.5           0.69               245.55       239.51       0.74            247.93        238.23        0.61             253.24        264.42        0.8              225.58         249.58         0.73              282.91         267.35         0.83              206.17          266.06          0.81               163.3                      170.54                      112.8                     166.61                     175.43                   122.29                    175.89                        92.06                          4.11                                     87.94                                     75.54            121.31                              26.76                                -                    
18      1           177.72   172.06   0.81        179.31       170.85       0.8             176.99        170.85        0.81             181.74       172.91       0.54            176.39        172.79        0.37             183.44            181.92            0.84                 173.22             181.67             0.85                  179.91         190.19         0.83              172.61          191.53          0.81               171.64         196.15         0.85              170.79          198.46          0.71               183.44       201.5        0.76            174.8         202.11        0.77             186.36        217.56        0.82             172.61         218.05         0.85              197.19         230.34         0.87              173.34          234.35          0.83               148.87                     168.79                      150.02                    169.61                     169.7                    167.75                    23.1                          7.96                           156.9                                    172.04                                    60.28            99.88                               168.07                               -                    
19      0           234.58   191.34   0.79        235.86       189.69       0.79            235.86        189.51        0.76             240.25       191.89       0.7             247.21        191.16        0.57             237.32            203.6             0.68                 251.42             201.04             0.73                  236.41         199.03         0.48              267.34          201.96          0.75               236.59         190.24         0.51              280.71          200.67          0.71               245.38       239.48       0.74            248.67        238.02        0.62             253.25        264.37        0.8              225.61         249.55         0.75              282.9          267.3          0.84              206.21          266.2           0.81               167.5                      171.23                      113.19                    165.92                     175.11                   120.81                    178.66                        90.96                          1.34                                     89.04                                     75.41            23.01                               7.64                                 -                    
19      1           177.61   171.97   0.81        179.32       170.75       0.8             177.01        170.87        0.8              181.63       172.94       0.54            176.4         172.7         0.35             183.45            181.93            0.84                 173.24             181.57             0.85                  179.92         190.2          0.83              172.75          191.53          0.81               171.66         196.15         0.86              170.93          198.34          0.72               183.45       201.5        0.77            174.82        202.23        0.78             186.36        217.54        0.82             172.63         218.15         0.85              197.18         230.3          0.87              173.24          234.19          0.83               148.87                     167.8                       150.02                    170.01                     169.7                    167.8                     23.1                          7.17                           156.9                                    172.83                                    60.28            0.57                                5.66                                 -                    
20      0           234.86   190.95   0.77        236.69       189.3        0.77            236.32        189.3         0.74             241.81       191.86       0.69            248.4         191.5         0.57             237.61            203.39            0.67                 252.06             201.37             0.71                  237.61         198.81         0.48              268.34          201.92          0.7                239.25         189.85         0.43              281.88          200.09          0.66               246.2        239.61       0.72            249.13        238.51        0.61             251.69        265.04        0.78             226.45         249.86         0.73              280.42         265.96         0.82              206.69          266.32          0.79               169.59                     170.37                      104.0                     166.76                     178.83                   121.07                    166.65                        92.58                          13.35                                    87.42                                     75.19            80.88                               39.4                                 -                    
20      1           180.6    171.98   0.8         182.18       170.64       0.78            179.99        170.77        0.78             184.73       172.71       0.59            179.26        172.59        0.43             186.43            181.94            0.82                 176.34             181.46             0.83                  182.91         190.69         0.82              175.98          191.54          0.78               175.01         196.77         0.84              174.4           198.71          0.71               186.31       201.14       0.76            178.29        201.99        0.78             189.35        217.54        0.8              175.49         217.91         0.83              199.92         230.42         0.86              175.98          234.19          0.84               149.51                     169.64                      151.11                    168.33                     169.15                   164.63                    21.58                         7.48                           158.42                                   172.52                                    60.33            102.42                              104.99                               -                    
21      0           235.04   190.85   0.77        236.68       189.21       0.77            236.32        189.21        0.74             241.81       191.77       0.7             248.57        191.4         0.57             237.6             203.29            0.67                 252.23             201.46             0.71                  237.6          199.09         0.47              268.33          201.83          0.69               239.79         188.84         0.43              281.87          200.18          0.65               246.2        239.7        0.72            249.12        238.42        0.61             251.68        265.13        0.78             226.44         249.76         0.73              280.41         265.86         0.81              206.68          266.23          0.79               167.91                     171.76                      103.64                    166.76                     178.89                   121.38                    166.71                        93.51                          13.29                                    86.49                                     75.19            34.43                               2.7                                  -                    
21      1           180.59   171.98   0.8         182.29       170.65       0.78            179.99        170.77        0.78             184.72       172.83       0.59            179.26        172.59        0.43             186.43            181.94            0.82                 176.34             181.46             0.83                  182.9          190.69         0.82              175.98          191.54          0.78               175.01         196.77         0.84              174.4           198.71          0.71               186.3        201.14       0.76            178.29        201.99        0.78             189.34        217.42        0.8              175.49         217.91         0.83              199.91         230.42         0.86              175.98          234.19          0.83               149.51                     169.64                      151.45                    168.33                     169.07                   164.63                    21.58                         7.48                           158.42                                   172.52                                    60.32            0.1                                 0.09                                 -                    
22      0           235.63   190.64   0.74        237.75       188.71       0.74            236.79        188.9         0.72             242.76       191.21       0.65            250.08        191.98        0.53             237.95            203.15            0.67                 253.35             201.8              0.72                  239.1          198.14         0.48              269.91          201.42          0.7                242.76         187.55         0.46              283.58          199.11          0.64               246.61       240.31       0.76            249.5         239.16        0.66             249.69        265.15        0.71             227.16         250.13         0.68              278.76         264.96         0.82              207.33          266.5           0.72               173.94                     171.74                      96.69                     166.64                     173.95                   122.05                    153.88                        97.22                          26.12                                    82.78                                     75.09            97.22                               60.7                                 -                    
22      1           183.66   172.73   0.79        185.25       171.39       0.78            182.93        171.51        0.78             187.56       172.98       0.66            181.96        172.86        0.52             189.51            182.0             0.81                 179.15             181.63             0.82                  185.98         190.53         0.81              178.91          191.87          0.79               177.81         197.72         0.83              176.96          199.43          0.7                189.27       201.5        0.76            181.22        202.23        0.76             192.07        217.59        0.8              178.18         217.95         0.83              202.55         230.51         0.85              178.42          234.28          0.83               153.87                     166.89                      150.83                    168.18                     169.4                    163.29                    21.79                         7.11                           158.21                                   172.89                                    59.66            89.17                               79.99                                -                    
23      0           235.35   191.09   0.73        237.67       189.15       0.73            236.71        189.35        0.72             242.51       191.48       0.66            249.86        192.25        0.53             238.06            203.47            0.66                 252.96             201.93             0.72                  239.61         199.99         0.46              269.99          201.73          0.74               242.9          192.25         0.39              283.53          199.41          0.68               246.57       240.24       0.76            249.28        239.27        0.66             249.67        265.0         0.7              227.22         250.1          0.64              278.89         265.0          0.82              207.3           266.36          0.71               179.06                     170.92                      97.13                     166.96                     174.09                   121.78                    143.0                         96.27                          37.0                                     83.73                                     74.59            141.33                              9.21                                 -                    
23      1           183.66   172.67   0.79        185.24       171.33       0.77            182.93        171.45        0.77             187.55       172.91       0.67            181.95        172.79        0.52             189.5             181.92            0.81                 179.15             181.56             0.82                  185.97         190.57         0.81              178.91          191.78          0.78               177.81         197.75         0.82              176.96          199.33          0.7                189.13       201.28       0.76            181.22        202.13        0.76             192.06        217.59        0.8              178.06         217.96         0.83              202.53         230.5          0.85              178.42          234.27          0.83               153.58                     166.89                      151.1                     167.41                     168.76                   162.95                    21.14                         7.11                           158.86                                   172.89                                    59.71            0.84                                2.88                                 -                    
24      0           235.73   190.91   0.74        238.03       188.99       0.76            237.07        189.18        0.74             242.82       191.48       0.63            250.48        192.06        0.51             238.22            203.94            0.67                 253.74             202.02             0.71                  239.75         198.76         0.48              270.98          201.06          0.64               243.39         187.08         0.46              284.2           198.96          0.58               246.84       240.53       0.77            249.91        239.57        0.67             248.57        265.05        0.67             227.3          250.68         0.62              278.07         264.86         0.81              207.57          266.39          0.67               179.2                      174.12                      93.65                     167.65                     170.76                   122.0                     150.24                        99.01                          29.76                                    80.99                                     74.72            156.34                              24.37                                -                    
24      1           184.88   173.28   0.79        186.46       172.07       0.76            184.28        172.19        0.77             188.77       173.16       0.62            183.43        173.16        0.5              190.84            182.15            0.8                  180.51             181.91             0.81                  187.44         190.65         0.81              180.39          192.11          0.79               179.42         197.94         0.82              178.57          199.89          0.71               190.72       201.71       0.74            182.82        202.56        0.74             193.51        217.5         0.79             179.3          217.86         0.82              203.83         230.74         0.85              179.78          234.26          0.82               154.08                     167.49                      152.09                    165.34                     169.61                   160.66                    21.45                         7.06                           158.55                                   172.94                                    59.22            48.68                               51.18                                -                    
25      0           235.33   192.58   0.71        237.77       190.7        0.71            237.02        190.89        0.7              243.58       192.39       0.67            249.76        192.95        0.54             238.89            203.82            0.6                  253.33             202.51             0.65                  241.7          200.45         0.45              270.01          201.2           0.55               245.45         196.51         0.45              283.69          198.95          0.5                247.7        240.75       0.75            249.2         239.81        0.66             246.39        265.31        0.66             227.83         251.06         0.58              274.51         264.37         0.74              208.53          266.81          0.63               176.2                      175.16                      85.03                     168.56                     163.52                   124.07                    126.78                        100.81                         53.22                                    79.19                                     73.01            290.58                              15.32                                -                    
25      1           187.41   171.3    0.8         188.99       169.96       0.78            186.93        170.09        0.77             191.43       172.52       0.66            186.07        172.28        0.51             193.74            181.89            0.81                 183.27             181.65             0.83                  190.33         190.53         0.82              183.27          191.87          0.76               182.54         198.56         0.82              181.33          200.02          0.71               193.25       201.24       0.75            185.46        202.21        0.74             196.3         217.43        0.8              181.81         217.79         0.83              206.28         230.81         0.86              182.18          234.34          0.83               157.4                      166.57                      153.94                    165.55                     167.91                   160.73                    20.08                         6.08                           159.92                                   173.92                                    61.27            95.87                               83.1                                 -                    
26      0           235.34   192.42   0.7         237.78       190.54       0.69            237.22        190.73        0.68             243.59       192.42       0.68            249.39        192.98        0.55             238.72            203.65            0.6                  253.14             202.34             0.64                  242.27         201.03         0.45              270.18          201.59          0.58               246.21         196.72         0.45              283.86          198.78          0.53               247.52       240.74       0.74            249.58        239.81        0.66             246.58        265.28        0.65             227.66         250.86         0.56              274.49         264.34         0.72              208.56          266.59          0.63               168.78                     170.91                      85.89                     167.29                     164.46                   122.19                    113.03                        97.94                          66.97                                    82.06                                     73.05            23.58                               7.08                                 -                    
26      1           187.44   171.1    0.81        189.02       169.76       0.78            186.95        169.88        0.77             191.45       172.43       0.67            185.98        172.19        0.51             193.64            181.8             0.81                 183.18             181.67             0.83                  190.35         190.55         0.82              183.18          191.89          0.77               182.57         198.7          0.82              181.24          200.16          0.72               193.27       201.37       0.75            185.37        202.34        0.74             196.31        217.42        0.81             181.84         217.79         0.83              206.28         230.92         0.86              182.21          234.32          0.83               156.87                     166.76                      154.27                    165.87                     168.21                   161.09                    19.49                         6.04                           160.51                                   173.96                                    61.52            4.13                                4.85                                 -                    
27      0           234.36   192.82   0.72        236.21       191.15       0.69            236.03        191.34        0.65             241.39       192.63       0.68            249.9         192.45        0.56             237.88            203.73            0.62                 253.23             202.62             0.67                  241.58         199.85         0.44              268.95          201.88          0.61               247.31         188.38         0.42              282.64          199.66          0.55               247.31       240.54       0.74            250.27        239.62        0.66             244.91        265.51        0.72             228.44         250.9          0.69              273.02         263.85         0.81              208.65          267.92          0.7                162.96                     173.48                      81.11                     166.65                     160.13                   121.91                    122.02                        97.27                          57.98                                    82.73                                     73.07            253.24                              45.14                                -                    
27      1           188.59   170.59   0.82        190.29       169.37       0.81            188.34        169.37        0.8              192.73       172.05       0.65            187.25        171.8         0.5              195.17            181.8             0.82                 184.44             181.56             0.85                  191.64         190.71         0.82              184.93          191.68          0.77               184.2          198.88         0.83              183.1           199.85          0.72               194.44       201.44       0.76            186.64        202.29        0.74             197.61        217.41        0.82             182.98         217.78         0.84              207.49         231.19         0.87              183.34          234.24          0.85               159.35                     164.62                      155.59                    165.44                     166.64                   160.67                    19.53                         3.28                           160.47                                   176.72                                    62.13            49.16                               56.82                                -                    
28      0           234.16   193.51   0.72        235.6        192.07       0.65            236.32        192.43        0.58             239.93       193.15       0.65            248.58        192.79        0.59             236.5             203.61            0.71                 253.27             202.71             0.71                  240.83         201.08         0.5               267.88          202.71          0.69               246.78         198.02         0.45              281.05          199.82          0.66               247.86       240.76       0.76            250.93        239.68        0.68             242.81        265.47        0.74             229.11         250.86         0.72              270.59         263.49         0.82              209.99          268.72          0.74               177.0                      167.64                      74.36                     164.09                     151.44                   120.76                    103.25                        93.63                          76.75                                    86.37                                     72.59            290.42                              48.15                                -                    
28      1           191.18   171.35   0.81        192.89       170.01       0.77            190.81        170.01        0.77             195.33       172.45       0.61            189.71        172.32        0.5              197.89            182.08            0.82                 187.15             181.84             0.84                  194.35         190.99         0.81              187.76          191.6           0.76               187.64         199.16         0.82              186.05          200.02          0.7                197.16       201.48       0.74            189.84        202.46        0.7              200.45        217.58        0.81             185.44         217.58         0.82              209.97         231.37         0.85              185.69          234.3           0.83               162.28                     164.95                      156.94                    162.97                     166.28                   156.39                    19.5                          3.84                           160.5                                    176.16                                    61.49            103.92                              89.01                                -                    
29      0           234.17   193.49   0.72        235.61       192.05       0.65            236.51        192.41        0.58             239.94       193.13       0.66            248.6         192.77        0.59             236.51            203.59            0.71                 253.29             202.69             0.71                  240.84         201.25         0.5               267.9           202.69          0.69               246.62         198.18         0.45              281.07          199.98          0.66               247.7        240.94       0.76            250.95        239.67        0.68             242.83        265.47        0.75             229.12         250.86         0.72              270.61         263.49         0.83              209.99          268.72          0.75               179.54                     168.39                      74.69                     164.09                     152.1                    120.76                    101.77                        93.63                          78.23                                    86.37                                     72.61            6.95                                4.94                                 -                    
29      1           191.19   171.45   0.81        192.77       170.23       0.76            190.82        170.23        0.76             195.21       172.55       0.6             189.72        172.43        0.5              197.78            182.19            0.81                 187.16             181.82             0.83                  194.48         190.97         0.81              187.77          191.7           0.75               187.65         199.15         0.81              186.06          200.0           0.7                197.16       201.46       0.73            189.97        202.44        0.7              200.46        217.57        0.8              185.45         217.57         0.82              209.98         231.36         0.85              185.7           234.28          0.83               160.67                     164.83                      156.94                    162.55                     166.63                   155.64                    18.74                         4.22                           161.26                                   175.78                                    61.37            0.57                                0.57                                 -                    
30      0           234.84   195.1    0.69        236.06       193.35       0.64            237.28        193.53        0.55             240.08       193.88       0.7             248.13        193.7         0.6              236.76            204.02            0.69                 253.03             203.15             0.69                  264.58         201.4          0.51              266.51          202.8           0.69               277.88         197.9          0.5               278.93          200.0           0.67               248.13       240.94       0.75            251.11        239.89        0.67             241.31        264.92        0.73             229.24         251.09         0.7               269.48         263.17         0.83              211.04          268.59          0.75               170.65                     168.79                      70.56                     163.24                     146.99                   120.11                    78.27                         94.49                          101.73                                   85.51                                     70.78            940.57                              64.51                                -                    
30      1           192.27   171.2    0.81        193.99       169.73       0.78            191.9         169.85        0.77             196.56       172.3        0.6             190.92        172.18        0.49             198.88            182.22            0.81                 188.47             181.86             0.83                  195.82         191.29         0.81              189.09          191.53          0.78               189.33         199.13         0.81              187.98          199.37          0.72               198.39       201.09       0.74            191.29        202.07        0.7              201.7         217.38        0.81             186.76         217.38         0.83              211.01         231.22         0.85              186.88          234.28          0.83               159.04                     168.37                      157.55                    163.1                      167.04                   155.58                    17.18                         4.31                           162.82                                   175.69                                    61.55            50.6                                60.79                                -                    
31      0           234.98   195.24   0.7         236.35       193.52       0.6             236.18        193.52        0.53             240.31       194.72       0.71            248.06        194.55        0.61             236.7             204.54            0.66                 251.68             204.02             0.66                  265.8          203.16         0.57              266.66          203.85          0.61               280.78         198.17         0.56              280.61          199.55          0.61               248.92       240.71       0.73            250.99        239.67        0.65             239.11        264.13        0.76             229.29         252.07         0.72              267.18         263.09         0.81              212.07          269.81          0.78               164.28                     163.51                      65.15                     163.9                      138.58                   120.85                    74.03                         91.77                          105.97                                   88.23                                     71.21            87.75                               52.42                                -                    
31      1           195.07   170.83   0.8         196.78       169.61       0.77            194.82        169.61        0.77             199.22       172.3        0.64            193.85        172.05        0.52             201.66            182.06            0.81                 191.16             181.7              0.84                  198.49         191.34         0.81              192.02          191.46          0.73               192.5          200.13         0.81              190.92          199.52          0.67               201.17       201.35       0.74            193.48        202.21        0.7              204.59        217.46        0.81             189.33         217.59         0.83              213.62         231.5          0.85              189.45          234.19          0.83               164.65                     167.23                      159.22                    164.48                     166.57                   158.45                    17.44                         1.45                           162.56                                   178.55                                    62.01            100.12                              88.37                                -                    
32      0           234.9    195.04   0.71        236.28       193.32       0.62            236.28        193.32        0.54             240.07       194.7        0.73            248.52        194.52        0.63             236.8             204.69            0.67                 251.97             204.0              0.67                  265.76         203.14         0.55              266.62          203.83          0.62               280.75         198.14         0.55              280.58          199.7           0.61               248.86       240.72       0.73            251.1         239.51        0.65             239.04        264.16        0.76             229.21         252.1          0.72              267.13         263.13         0.81              212.15          269.68          0.78               164.63                     164.17                      65.15                     164.04                     138.74                   121.28                    74.55                         92.06                          105.45                                   87.94                                     71.36            1.2                                 4.62                                 -                    
32      1           195.06   170.87   0.8         196.77       169.65       0.77            194.81        169.65        0.77             199.21       172.33       0.64            193.72        172.09        0.52             201.65            181.97            0.82                 191.15             181.73             0.84                  198.48         191.36         0.81              191.89          191.61          0.74               192.37         200.15         0.81              190.91          199.54          0.68               201.16       201.37       0.74            193.35        202.22        0.7              204.58        217.47        0.81             189.32         217.6          0.83              213.6          231.5          0.85              189.45          234.31          0.84               163.88                     168.75                      159.22                    164.91                     166.58                   159.21                    17.22                         1.88                           162.78                                   178.12                                    62.04            3.92                                0.62                                 -                    
33      0           234.71   195.2    0.76        236.12       193.44       0.74            235.59        193.62        0.67             239.82       195.2        0.72            247.74        195.38        0.6              236.65            205.24            0.7                  252.49             204.89             0.69                  265.17         204.18         0.5               267.46          205.42          0.6                246.86         201.54         0.49              278.91          202.07          0.56               249.5        241.16       0.77            251.26        239.93        0.68             236.65        263.35        0.77             230.31         252.25         0.73              264.12         263.17         0.82              213.58          270.74          0.77               10.33                      161.68                      59.55                     162.6                      130.22                   122.48                    72.43                         89.99                          107.57                                   90.01                                     71.75            1024.71                             87.39                                -                    
33      1           197.46   170.33   0.82        199.17       169.11       0.79            197.22        168.98        0.78             201.73       171.79       0.66            196.37        171.42        0.52             204.29            181.91            0.81                 193.81             181.54             0.83                  201.12         191.66         0.8               194.66          191.3           0.7                195.39         201.17         0.79              193.2           199.46          0.69               203.8        201.05       0.73            195.76        201.78        0.69             207.46        217.14        0.78             191.98         217.39         0.8               216.24         231.41         0.83              191.73          234.33          0.83               166.93                     164.85                      161.2                     167.21                     165.74                   160.88                    16.54                         0.5                            163.46                                   179.5                                     62.55            95.81                               68.8                                 -                    
34      0           234.77   194.92   0.77        236.18       193.33       0.74            235.65        193.33        0.66             239.69       195.09       0.74            247.96        195.09        0.62             236.71            205.29            0.72                 252.36             204.77             0.71                  240.75         203.71         0.49              267.48          205.64          0.63               246.73         201.42         0.48              278.91          202.65          0.6                249.19       240.99       0.77            251.83        239.76        0.69             236.71        263.51        0.78             230.37         252.07         0.74              264.14         263.15         0.83              213.49          270.89          0.78               179.55                     162.02                      60.25                     161.74                     131.71                   120.71                    92.09                         87.54                          87.91                                    92.46                                     72.11            5.31                                17.57                                -                    
34      1           197.52   170.25   0.83        199.35       169.03       0.8             197.4         168.91        0.79             201.79       171.83       0.69            196.3         171.35        0.54             204.35            181.83            0.82                 193.62             181.47             0.86                  201.18         191.71         0.8               194.59          191.34          0.77               195.32         201.22         0.81              193.25          199.88          0.71               203.98       201.22       0.74            195.45        202.07        0.72             207.52        217.07        0.8              191.91         217.43         0.82              216.17         231.33         0.84              191.67          234.26          0.84               166.19                     165.43                      161.32                    167.87                     166.34                   161.97                    16.72                         0.57                           163.28                                   179.43                                    62.54            2.42                                12.47                                -                    
35      0           234.84   195.07   0.73        236.06       193.68       0.7             236.06        194.03        0.62             239.73       195.6        0.74            247.57        195.6         0.63             236.93            205.71            0.68                 252.28             205.37             0.67                  241.47         205.19         0.49              266.76          205.71          0.52               246.35         202.57         0.46              278.27          203.1           0.5                249.84       241.12       0.74            251.59        239.9         0.66             235.71        262.75        0.75             230.66         252.63         0.72              262.92         263.1          0.8               213.74          270.95          0.75               158.4                      165.82                      57.58                     164.05                     126.82                   122.47                    76.55                         89.78                          103.45                                   90.22                                     71.95            36.42                               23.44                                -                    
35      1           199.06   170.56   0.81        200.76       169.22       0.79            198.69        169.22        0.8              203.2        172.03       0.68            197.59        171.66        0.55             205.76            182.03            0.84                 194.91             181.42             0.88                  202.47         192.02         0.82              195.89          192.02          0.83               196.98         201.29         0.8               194.42          200.31          0.77               205.15       201.41       0.73            196.25        202.14        0.73             208.57        217.02        0.8              193.08         217.63         0.83              217.34         231.4          0.85              192.59          234.45          0.85               167.6                      164.74                      160.95                    170.09                     165.86                   164.73                    16.42                         1.55                           163.58                                   178.45                                    62.36            49.93                               37.6                                 -                    
36      0           234.36   196.58   0.74        235.41       195.18       0.69            235.76        195.18        0.62             238.56       196.58       0.77            247.31        196.76        0.66             237.51            206.73            0.63                 251.69             206.38             0.62                  264.12         206.38         0.52              262.19          206.73          0.5                278.12         205.68         0.56              277.07          205.68          0.56               250.46       241.75       0.73            250.29        240.7         0.65             234.53        261.88        0.73             230.16         253.48         0.73              260.09         263.46         0.79              214.58          270.63          0.74               177.89                     174.05                      55.17                     164.65                     121.34                   124.74                    70.45                         90.43                          109.55                                   89.57                                     70.46            960.37                              85.76                                -                    
36      1           201.74   171.35   0.78        203.47       169.75       0.77            201.25        169.75        0.78             205.56       172.09       0.68            200.14        172.09        0.61             208.4             181.83            0.83                 197.43             181.34             0.87                  205.32         192.06         0.81              198.54          191.94          0.81               200.02         201.56         0.79              197.18          199.95          0.77               207.78       201.19       0.72            199.03        201.93        0.73             211.11        216.97        0.78             195.45         217.46         0.81              219.62         231.39         0.83              194.96          234.23          0.83               167.58                     164.42                      161.38                    168.72                     166.26                   162.59                    14.94                         1.52                           165.06                                   178.48                                    61.46            91.61                               83.68                                -                    
37      0           234.3    196.48   0.76        235.35       194.9        0.72            235.35        195.08        0.66             238.67       196.65       0.77            247.06        196.65        0.65             237.97            206.79            0.62                 251.61             206.27             0.61                  264.02         206.62         0.53              260.87          206.62          0.49               278.0          205.57         0.57              276.78          205.57          0.56               250.56       241.75       0.73            250.03        240.7         0.65             234.48        261.85        0.73             230.28         253.29         0.73              260.17         263.42         0.8               214.38          270.76          0.74               176.1                      174.07                      54.84                     164.81                     121.54                   125.12                    70.59                         90.45                          109.41                                   89.55                                     70.62            5.15                                9.63                                 -                    
37      1           201.67   170.99   0.79        203.39       169.51       0.78            201.17        169.51        0.78             205.49       171.98       0.68            200.06        171.98        0.6              208.44            181.84            0.83                 197.48             181.34             0.87                  205.24         192.07         0.81              198.46          191.82          0.79               200.06         201.56         0.79              197.11          199.71          0.77               207.7        201.06       0.73            199.08        201.8         0.73             211.03        216.96        0.78             195.5          217.46         0.81              219.54         231.38         0.83              195.01          234.09          0.83               168.78                     164.87                      161.29                    168.83                     165.98                   162.66                    15.19                         0.9                            164.81                                   179.1                                     61.75            1.43                                7.76                                 -                    
38      0           234.12   197.52   0.74        235.87       195.59       0.72            235.52        195.59        0.66             239.92       197.35       0.76            246.6         197.7         0.64             250.46            207.72            0.61                 236.93             207.19             0.64                  264.35         208.42         0.57              243.96          208.07          0.54               277.71         207.72         0.58              254.86          207.02          0.56               251.34       241.82       0.71            248.53        240.59        0.63             233.24        259.58        0.72             230.78         253.78         0.73              257.67         263.97         0.74              214.96          270.3           0.69               174.09                     167.35                      54.63                     170.35                     132.96                   107.44                    85.63                         63.72                          94.37                                    116.28                                    69.61            65.36                               660.79                               -                    
38      1           204.09   170.65   0.8         205.69       169.17       0.81            203.6         169.17        0.82             208.02       171.87       0.66            202.37        171.63        0.57             210.47            181.82            0.86                 199.67             181.08             0.9                   207.53         192.74         0.85              200.65          192.37          0.87               202.99         202.19         0.82              199.43          200.6           0.81               210.23       201.21       0.75            200.65        201.95        0.78             213.3         216.8         0.8              197.58         217.54         0.83              221.64         231.66         0.84              196.85          234.36          0.85               169.43                     166.54                      161.8                     171.37                     168.14                   166.17                    14.37                         2.28                           165.63                                   177.72                                    62.36            89.97                               74.76                                -                    
39      0           234.21   197.25   0.73        235.96       195.32       0.72            235.61        195.49        0.66             239.82       197.25       0.76            246.5         197.6         0.64             250.71            207.61            0.62                 236.84             207.26             0.65                  264.41         208.84         0.59              244.04          208.31          0.55               277.93         207.79         0.6               254.93          206.73          0.6                251.24       241.68       0.7             248.96        240.62        0.62             233.15        259.24        0.7              230.87         253.97         0.72              257.74         264.16         0.73              214.89          270.13          0.67               170.42                     163.41                      55.46                     171.11                     133.27                   106.46                    83.99                         61.72                          96.01                                    118.28                                    69.89            6.91                                8.81                                 -                    
39      1           204.21   171.03   0.8         205.8        169.44       0.8             203.72        169.44        0.8              208.13       172.01       0.64            202.37        172.01        0.58             210.59            181.95            0.85                 199.79             181.22             0.9                   207.52         192.75         0.84              200.77          192.38          0.86               202.98         202.32         0.82              199.42          200.6           0.8                210.34       201.21       0.75            200.65        202.07        0.77             213.41        216.91        0.8              197.58         217.53         0.83              221.63         231.64         0.84              196.85          234.33          0.84               170.48                     165.65                      161.88                    171.29                     168.22                   166.42                    15.13                         2.67                           164.87                                   177.33                                    61.95            3.64                                0.11                                 -                    
40      0           233.82   198.34   0.73        235.39       196.42       0.72            234.87        196.24        0.67             239.24       197.99       0.74            241.7         198.52        0.63             249.57            208.5             0.62                 236.44             207.97             0.65                  263.05         209.72         0.61              243.45          209.02          0.54               276.18         209.2          0.64              255.53          207.8           0.58               251.15       241.93       0.7             248.7         240.88        0.62             232.24        258.04        0.7              230.67         253.84         0.72              256.05         264.52         0.7               215.26          269.59          0.66               172.51                     165.68                      55.65                     170.05                     127.73                   105.27                    82.11                         61.05                          97.89                                    118.95                                    68.71            67.64                               36.77                                -                    
40      1           205.11   171.03   0.79        206.69       169.57       0.77            204.62        169.45        0.77             209.01       172.13       0.62            203.4         171.89        0.55             211.81            182.13            0.83                 200.96             181.4              0.85                  208.89         192.74         0.8               202.18          192.25          0.75               204.5          202.01         0.79              200.84          200.06          0.73               211.57       200.79       0.71            202.3         201.52        0.71             214.5         216.77        0.76             198.76         217.26         0.78              222.67         231.65         0.79              198.03          234.21          0.8                170.08                     163.84                      161.61                    169.8                      168.87                   163.52                    14.67                         2.6                            165.33                                   177.4                                     61.89            46.52                               45.55                                -                    
41      0           233.26   199.04   0.71        234.81       197.15       0.72            234.81        196.97        0.67             238.42       199.04       0.72            241.52        198.87        0.64             249.77            209.01            0.65                 236.01             208.5              0.68                  261.81         211.08         0.65              244.61          210.56          0.54               273.85         211.77         0.69              270.93          210.91          0.56               252.18       242.21       0.69            246.51        241.0         0.61             229.99        256.66        0.72             228.27         254.42         0.73              253.56         265.43         0.69              215.89          269.38          0.62               173.54                     167.25                      53.49                     165.96                     118.92                   108.46                    76.12                         58.62                          103.88                                   121.38                                    68.37            104.31                              472.72                               -                    
41      1           206.89   170.9    0.8         208.48       169.55       0.79            206.4         169.31        0.79             210.81       171.88       0.64            205.42        171.51        0.57             214.0             181.93            0.84                 203.46             181.57             0.85                  211.06         192.35         0.82              204.56          191.98          0.76               207.5          202.03         0.8               203.09          199.58          0.75               213.88       200.93       0.71            204.68        201.54        0.7              216.7         216.74        0.76             201.01         217.11         0.78              225.03         231.94         0.79              200.15          234.15          0.79               175.61                     163.0                       161.37                    169.59                     169.52                   163.2                     15.4                          2.53                           164.6                                    177.47                                    62.14            90.47                               69.29                                -                    
42      0           233.14   198.93   0.71        234.7        197.03       0.72            234.53        196.85        0.68             238.51       199.1        0.72            240.93        199.1         0.63             249.58            209.14            0.64                 235.91             208.62             0.67                  261.52         211.04         0.65              244.74          210.53          0.53               273.98         211.74         0.69              270.35          210.87          0.56               252.01       242.02       0.68            246.82        240.98        0.6              229.86        256.38        0.71             228.3          254.48         0.72              253.56         265.73         0.68              215.67          269.19          0.62               174.12                     168.6                       54.47                     166.75                     118.75                   107.47                    76.73                         59.21                          103.27                                   120.79                                    68.53            4.07                                17.42                                -                    
42      1           206.88   170.3    0.81        208.59       169.07       0.8             206.39        168.83        0.8              210.8        171.53       0.65            205.41        171.16        0.56             213.99            181.83            0.84                 203.44             181.46             0.84                  211.05         192.38         0.81              204.55          191.89          0.74               207.61         201.95         0.8               203.2           199.5           0.73               213.75       200.72       0.7             204.67        201.21        0.7              216.57        216.55        0.75             200.99         216.92         0.77              225.03         232.0          0.77              200.13          233.97          0.78               175.85                     163.9                       161.4                     169.69                     169.15                   163.26                    14.85                         2.49                           165.15                                   177.51                                    62.68            4.2                                 4.15                                 -                    
43      0           208.8    170.17   0.82        210.52       168.93       0.82            208.43        168.69        0.82             212.86       171.52       0.71            207.32        171.15        0.61             215.82            181.5             0.84                 205.23             181.37             0.85                  213.23         192.83         0.82              206.58          192.21          0.77               210.28         202.55         0.81              205.47          199.97          0.72               216.06       201.08       0.69            206.34        201.57        0.7              218.53        216.59        0.73             202.76         217.21         0.75              226.9          232.36         0.76              201.66          234.2           0.77               175.96                     164.74                      161.04                    170.87                     171.7                    164.0                     13.58                         3.98                           166.42                                   176.02                                    63.11            1936.36                             1979.09                              -                    
43      1           232.63   200.28   0.72        233.94       198.32       0.75            233.45        198.15        0.7              238.2        200.12       0.67            240.0         199.96        0.54             249.34            210.6             0.65                 234.6              209.46             0.66                  260.97         213.71         0.58              243.61          212.9           0.53               273.74         215.19         0.62              270.79          213.88          0.52               251.63       242.38       0.66            243.93        240.9         0.61             227.88        255.15        0.73             225.92         253.19         0.76              249.67         266.29         0.65              216.09          270.06          0.61               171.6                      161.17                      55.36                     154.51                     114.15                   107.75                    70.89                         52.57                          109.11                                   127.43                                    67.89            2028.87                             2079.07                              -                    
44      0           208.8    170.3    0.82        210.52       168.94       0.82            208.43        168.7         0.82             212.86       171.53       0.71            207.32        171.16        0.61             215.94            181.5             0.84                 205.23             181.38             0.85                  213.23         192.83         0.82              206.58          192.22          0.77               210.28         202.56         0.81              205.48          199.97          0.72               216.07       201.08       0.69            206.34        201.57        0.7              218.53        216.6         0.73             202.77         217.21         0.75              226.9          232.36         0.76              201.66          234.21          0.77               176.55                     164.74                      161.04                    170.87                     171.34                   164.0                     13.81                         3.98                           166.19                                   176.02                                    62.99            0.16                                0.17                                 -                    
44      1           232.67   200.27   0.71        233.98       198.3        0.76            233.49        198.14        0.7              238.24       199.94       0.64            240.2         199.94        0.52             249.38            210.59            0.64                 234.8              209.44             0.65                  261.01         213.54         0.57              243.48          212.88          0.52               273.79         215.18         0.62              270.52          213.87          0.51               251.51       242.54       0.66            243.97        240.9         0.61             227.92        255.32        0.73             225.95         253.02         0.76              249.71         266.3          0.65              216.12          270.06          0.6                173.08                     160.47                      55.18                     153.91                     114.63                   107.67                    71.96                         52.13                          108.04                                   127.87                                    67.91            1.52                                8.41                                 -                    
45      0           209.65   170.65   0.82        211.36       169.31       0.83            209.16        169.06        0.83             213.81       171.88       0.75            208.06        171.51        0.66             216.75            181.79            0.85                 206.1              181.43             0.87                  214.3          193.06         0.82              207.32          192.44          0.82               211.61         202.48         0.8               206.1           200.28          0.76               216.99       200.65       0.71            207.32        201.14        0.74             219.32        216.44        0.76             203.77         217.17         0.79              227.52         232.11         0.8               202.43          234.07          0.8                176.32                     164.78                      160.75                    172.07                     172.37                   163.96                    13.01                         2.79                           166.99                                   177.21                                    62.44            40.07                               20.88                                -                    
45      1           232.67   201.73   0.64        234.27       199.66       0.66            234.43        199.5         0.61             239.21       200.77       0.58            240.64        200.29        0.56             249.25            210.66            0.68                 234.27             209.86             0.69                  259.78         214.64         0.59              243.04          214.32          0.55               272.21         216.24         0.65              269.66          215.6           0.54               251.49       243.02       0.66            243.83        241.42        0.61             227.25        254.66        0.71             225.18         252.9          0.76              248.3          267.89         0.61              216.25          269.96          0.59               166.56                     155.76                      57.81                     149.23                     111.71                   104.75                    65.31                         46.16                          114.69                                   133.84                                    67.2             57.25                               58.1                                 -                    
46      0           231.81   201.31   0.67        233.97       199.48       0.72            233.31        199.15        0.66             237.14       200.48       0.71            242.46        200.32        0.57             248.78            210.97            0.64                 233.81             210.3              0.66                  259.93         216.46         0.61              243.29          215.79          0.54               273.08         218.12         0.66              271.25          217.62          0.61               251.28       242.58       0.67            244.13        240.75        0.58             226.49        253.4         0.76             224.16         251.9          0.78              245.79         267.71         0.66              216.17          270.21          0.65               160.99                     153.68                      60.12                     142.75                     109.05                   100.46                    59.26                         41.22                          120.74                                   138.78                                    67.64            1908.22                             2028.23                              -                    
46      1           210.59   171.41   0.8         212.18       169.81       0.81            209.97        169.69        0.82             214.51       172.27       0.72            208.74        172.39        0.67             217.46            181.84            0.85                 206.9              181.47             0.87                  215.25         193.01         0.82              208.13          192.27          0.83               212.79         202.83         0.78              207.03          200.25          0.76               217.7        201.11       0.71            208.13        201.35        0.74             220.16        216.57        0.75             204.45         217.19         0.79              228.26         232.04         0.79              202.98          234.12          0.79               177.15                     165.63                      161.37                    171.88                     171.71                   163.38                    11.92                         2.95                           168.08                                   177.05                                    61.67            1832.39                             1939.99                              -                    
47      0           212.52   171.62   0.82        214.0        170.01       0.84            211.78        170.01        0.86             216.6        172.11       0.77            210.42        172.11        0.71             219.07            182.0             0.84                 208.69             181.5              0.88                  217.34         193.49         0.82              209.68          192.5           0.86               215.61         203.37         0.77              208.44          200.28          0.81               219.56       201.89       0.71            209.8         202.13        0.75             222.4         217.33        0.76             206.09         217.82         0.8               229.94         232.65         0.81              204.61          234.63          0.81               178.63                     165.84                      164.23                    171.75                     171.0                    163.62                    9.98                          2.05                           170.02                                   177.95                                    62.02            1785.02                             1960.17                              -                    
47      1           231.0    201.51   0.63        233.1        200.06       0.7             232.29        199.9         0.65             236.01       201.51       0.72            237.46        201.03        0.53             247.97            211.69            0.59                 232.29             211.53             0.62                  257.17         219.45         0.57              256.69          217.51          0.47               271.56         221.55         0.6               271.72          221.39          0.57               250.71       242.88       0.66            252.33        240.78        0.57             224.54        251.6         0.76             223.41         250.47         0.76              241.02         268.4          0.65              217.43          270.5           0.67               148.21                     179.3                       63.99                     125.15                     103.4                    74.12                     44.87                         41.82                          135.13                                   138.18                                    67.94            1855.27                             2047.37                              -                    
48      0           212.52   171.74   0.82        214.01       170.02       0.84            211.91        170.02        0.86             216.6        172.12       0.78            210.42        172.12        0.71             219.07            182.0             0.85                 208.69             181.5              0.88                  217.34         193.49         0.82              209.68          192.5           0.86               215.61         203.37         0.77              208.32          200.28          0.81               219.56       201.76       0.71            209.81        202.01        0.75             222.41        217.33        0.76             206.1          217.82         0.81              229.94         232.65         0.81              204.49          234.63          0.82               178.63                     164.96                      164.15                    172.27                     171.09                   163.71                    9.99                          2.03                           170.01                                   177.97                                    61.89            0.14                                3.58                                 -                    
48      1           231.39   201.27   0.63        233.16       199.98       0.71            232.19        199.82        0.69             236.55       201.43       0.67            245.75        201.11        0.51             233.0             211.76            0.57                 232.68             211.44             0.58                  256.88         219.67         0.53              256.72          217.57          0.46               271.73         221.44         0.56              272.05          221.44          0.56               250.11       243.23       0.63            252.36        241.13        0.56             224.45        251.46        0.74             223.64         250.65         0.73              241.23         268.24         0.65              217.67          270.82          0.67               168.5                      179.87                      62.78                     124.83                     79.26                    74.79                     43.15                         42.15                          136.85                                   137.85                                    68.26            6.14                                10.24                                take_off             
49      0           230.33   201.47   0.67        232.46       199.83       0.74            231.32        199.67        0.7              236.39       201.47       0.67            233.94        201.31        0.48             247.69            212.11            0.61                 231.97             212.11             0.66                  257.35         219.97         0.59              238.19          218.5           0.53               271.6          223.41         0.62              248.02          222.92          0.54               250.8        243.22       0.7             241.63        241.42        0.59             223.95        250.92        0.76             222.97         249.77         0.75              239.01         268.93         0.67              217.89          270.57          0.69               154.44                     158.48                      66.08                     127.82                     100.28                   95.86                     45.16                         26.01                          134.84                                   153.99                                    68.28            1788.88                             1374.71                              -                    
49      1           213.36   171.35   0.82        214.85       169.74       0.84            212.62        169.61        0.85             217.45       172.09       0.76            211.26        172.09        0.7              219.93            181.87            0.84                 209.65             181.5              0.87                  218.19         193.51         0.8               210.64          192.27          0.86               216.96         203.29         0.77              209.4           200.07          0.79               220.3        201.93       0.71            210.89        201.93        0.76             223.15        217.41        0.76             206.93         217.9          0.81              230.33         232.51         0.81              205.19          234.37          0.81               178.74                     165.73                      165.0                     172.08                     170.64                   162.6                     9.53                          1.79                           170.47                                   178.21                                    62.09            1735.93                             1991.37                              -                    
50      0           230.5    201.16   0.63        232.23       200.06       0.57            231.13        199.9         0.55             236.48       202.42       0.57            233.18        202.11        0.46             246.4             212.65            0.56                 246.87             213.12             0.57                  256.47         222.72         0.59              256.94          222.25          0.47               270.79         227.45         0.6               270.79          226.97          0.48               249.07       243.03       0.65            250.96        241.92        0.58             221.85        249.16        0.74             224.36         249.16         0.66              234.28         269.15         0.69              218.38          270.88          0.69               153.25                     156.64                      70.82                     120.62                     97.67                    97.14                     39.97                         39.73                          140.03                                   140.27                                    68.85            123.8                               695.86                               -                    
50      1           214.74   171.99   0.79        216.37       170.25       0.79            214.0         170.12        0.81             218.86       172.61       0.75            212.38        172.36        0.72             221.1             181.71            0.82                 211.13             181.46             0.84                  220.11         193.68         0.78              212.5           192.68          0.77               219.23         203.65         0.71              211.0           200.41          0.71               221.35       201.78       0.73            212.5         201.41        0.77             224.47        217.49        0.78             208.26         217.87         0.82              231.32         232.58         0.82              206.14          234.32          0.83               179.76                     162.08                      166.78                    172.89                     169.49                   161.62                    5.48                          3.04                           174.52                                   176.96                                    61.46            69.38                               49.29                                -                    
51      0           230.11   201.26   0.63        232.15       200.01       0.59            231.05        200.01        0.56             236.38       202.36       0.6             233.24        202.05        0.49             246.25            212.54            0.57                 246.72             213.17             0.57                  256.59         222.72         0.6               256.9           222.41          0.46               270.84         227.58         0.61              270.84          227.11          0.46               249.07       242.93       0.66            251.26        241.99        0.59             221.49        249.2         0.76             223.69         249.2          0.67              234.34         269.1          0.7               218.36          270.82          0.7                154.25                     156.4                       69.96                     118.49                     97.5                     95.69                     40.14                         38.81                          139.86                                   141.19                                    68.69            4.32                                4.39                                 -                    
51      1           214.87   172.13   0.8         216.36       170.38       0.79            214.12        170.26        0.81             218.98       172.75       0.74            212.5         172.38        0.71             221.22            181.84            0.82                 211.13             181.47             0.84                  220.1          193.81         0.78              212.37          192.81          0.75               219.23         203.9          0.71              211.0           200.41          0.71               221.47       201.9        0.73            212.5         201.65        0.77             224.46        217.48        0.78             208.26         217.98         0.82              231.31         232.68         0.82              206.14          234.42          0.83               179.58                     163.51                      166.6                     172.79                     169.84                   161.57                    6.07                          2.39                           173.93                                   177.61                                    61.42            7.29                                0.17                                 -                    
52      0           229.61   201.19   0.61        231.83       200.0        0.59            230.2         199.71        0.55             235.68       202.52       0.69            239.68        202.23        0.56             230.8             212.59            0.62                 245.45             212.88             0.62                  234.94         223.24         0.48              255.66          224.43          0.55               241.45         230.94         0.5               269.13          231.53          0.55               247.82       242.93       0.61            251.08        242.19        0.58             220.43        247.37        0.77             227.69         246.78         0.65              229.61         269.13         0.74              220.29          268.99          0.71               161.01                     159.31                      76.34                     119.54                     69.92                    90.24                     8.04                          30.63                          171.96                                   149.37                                    67.87            889.84                              142.63                               -                    
52      1           215.87   172.66   0.79        217.72       170.94       0.83            215.13        170.81        0.84             220.31       172.91       0.78            213.65        172.54        0.7              222.17            181.91            0.82                 212.42             181.79             0.81                  221.67         193.39         0.8               213.78          192.89          0.76               220.93         203.5          0.77              212.54          201.03          0.63               222.41       202.27       0.71            213.53        201.9         0.73             225.5         218.18        0.74             209.46         218.3          0.8               232.4          233.72         0.77              207.12          234.71          0.82               178.28                     164.42                      167.01                    174.2                      169.73                   162.9                     3.16                          3.81                           176.84                                   176.19                                    61.55            52.68                               50.03                                -                    
53      0           229.49   201.3    0.65        231.68       200.13       0.6             230.22        199.84        0.57             233.87       202.03       0.67            239.69        202.17        0.53             230.81            212.52            0.63                 245.38             212.81             0.63                  234.74         222.86         0.5               255.72          224.47          0.57               241.73         231.02         0.52              269.28          231.61          0.58               247.27       243.26       0.6             251.06        242.24        0.57             220.75        247.34        0.75             227.75         246.47         0.64              229.49         269.2          0.73              220.9           268.77          0.71               160.22                     159.37                      76.94                     117.35                     70.58                    89.35                     7.35                          30.66                          172.65                                   149.34                                    67.69            8.81                                4.77                                 -                    
53      1           215.96   172.66   0.78        217.69       170.94       0.81            215.09        170.81        0.83             220.4        172.79       0.8             213.61        172.42        0.73             222.13            182.04            0.82                 212.5              181.79             0.81                  221.76         193.51         0.79              213.98          192.77          0.76               221.02         203.5          0.78              213.0           201.04          0.61               222.25       202.39       0.7             213.61        202.02        0.71             225.46        218.06        0.73             209.54         218.18         0.78              232.36         233.48         0.75              207.08          234.59          0.82               177.61                     165.51                      167.44                    174.41                     168.78                   162.72                    2.19                          4.54                           177.81                                   175.46                                    61.37            2.53                                13.66                                -                    
54      0           228.57   201.78   0.69        229.83       200.38       0.58            229.69        200.24        0.56             233.47       202.62       0.66            240.33        202.76        0.51             230.39            212.98            0.68                 244.95             212.84             0.66                  234.45         223.75         0.56              255.16          225.29          0.64               240.19         232.71         0.6               267.62          233.13          0.68               245.23       242.78       0.59            250.96        241.94        0.59             220.04        246.56        0.76             227.73         246.0          0.63              226.75         268.39         0.74              223.95          267.27          0.71               167.99                     161.54                      81.43                     109.98                     72.07                    88.23                     5.82                          27.68                          174.18                                   152.32                                    66.05            68.79                               67.73                                -                    
54      1           216.51   171.38   0.76        218.24       169.9        0.79            215.89        169.65        0.82             220.95       172.12       0.81            214.53        171.62        0.77             222.68            181.86            0.81                 213.18             181.49             0.82                  222.68         193.71         0.79              214.9           192.48          0.78               222.31         203.83         0.77              214.04          200.62          0.64               222.43       203.09       0.7             214.41        202.72        0.72             226.26        218.14        0.69             210.46         218.02         0.76              233.41         232.94         0.7               207.38          233.81          0.81               177.9                      165.01                      168.46                    176.58                     165.08                   162.2                     0.67                          5.61                           179.33                                   174.39                                    62.0             40.05                               33.79                                -                    
55      0           229.33   202.19   0.64        228.78       200.81       0.55            229.05        200.67        0.55             231.25       203.15       0.68            240.19        203.42        0.56             229.33            213.05            0.66                 243.91             213.33             0.66                  232.22         224.6          0.54              253.67          226.94          0.64               237.03         235.74         0.64              264.67          236.29          0.67               241.43       242.9        0.58            250.65        243.31        0.64             218.74        246.2         0.76             229.05         248.53         0.65              222.18         268.75         0.76              224.1           267.79          0.72               170.67                     166.01                      89.61                     118.03                     76.2                     90.94                     8.04                          22.98                          171.96                                   157.02                                    66.09            131.77                              129.99                               -                    
55      1           217.5    171.51   0.78        219.33       169.92       0.82            217.01        169.67        0.84             222.15       172.12       0.81            215.42        171.75        0.74             223.86            182.16            0.77                 214.56             181.67             0.77                  224.35         193.78         0.74              216.52          192.31          0.7                224.35         203.7          0.7               215.29          200.76          0.57               222.76       202.96       0.64            215.54        202.59        0.65             227.78        218.99        0.68             211.38         218.63         0.75              233.9          234.41         0.67              208.44          234.29          0.78               177.59                     161.33                      175.73                    176.07                     159.59                   162.77                    5.44                          7.74                           174.56                                   172.26                                    62.84            61.63                               37.98                                -                    
56      0           229.36   202.07   0.65        228.81       200.7        0.55            229.09        200.7         0.55             231.42       203.03       0.68            240.08        203.31        0.55             229.36            213.07            0.66                 243.93             213.34             0.66                  232.25         224.47         0.55              253.55          226.95          0.64               237.06         235.74         0.65              264.68          236.29          0.68               241.45       242.89       0.58            250.52        243.16        0.64             218.64        246.19        0.76             229.09         248.52         0.65              222.08         268.72         0.76              224.0           267.76          0.72               171.08                     165.28                      89.56                     118.84                     76.15                    91.56                     7.88                          22.79                          172.12                                   157.21                                    66.17            0.77                                0.16                                 -                    
56      1           217.51   171.51   0.78        219.35       169.91       0.82            217.02        169.67        0.84             222.17       172.12       0.81            215.43        171.75        0.74             223.88            182.15            0.77                 214.45             181.67             0.77                  224.25         193.78         0.74              216.54          192.31          0.7                224.37         203.7          0.69              215.31          200.76          0.57               222.78       203.09       0.64            215.43        202.72        0.65             227.8         219.0         0.68             211.39         218.63         0.75              233.92         234.42         0.66              208.46          234.3           0.78               178.9                      160.7                       175.86                    176.38                     159.48                   163.09                    4.82                          8.39                           175.18                                   171.61                                    62.85            0.53                                0.49                                 -                    
57      0           230.76   200.92   0.67        231.7        199.18       0.48            230.36        199.04        0.53             233.58       201.86       0.58            236.93        201.86        0.43             228.48            214.07            0.64                 242.57             213.4              0.61                  229.69         227.09         0.56              251.69          227.89          0.61               232.91         238.76         0.67              261.22          239.7           0.66               239.48       242.25       0.54            249.55        242.92        0.61             217.61        245.47        0.75             230.09         248.69         0.63              218.42         268.55         0.76              223.11          268.29          0.7                169.88                     173.3                       96.38                     126.12                     77.05                    93.22                     16.03                         18.9                           163.97                                   161.1                                     67.5             154.4                               146.14                               -                    
57      1           218.73   171.97   0.8         220.55       170.39       0.84            218.24        170.15        0.86             223.48       172.46       0.82            216.53        172.22        0.68             225.43            182.45            0.77                 215.92             181.84             0.77                  225.79         194.02         0.71              218.24          192.32          0.68               226.4          204.13         0.62              217.02          200.96          0.51               223.72       204.01       0.65            216.78        203.28        0.67             226.4         220.21        0.69             212.76         219.24         0.76              229.81         235.44         0.65              209.71          234.71          0.8                178.36                     159.52                      176.77                    177.0                      166.09                   163.58                    6.33                          10.18                          173.67                                   169.82                                    63.1             62.48                               51.79                                -                    
58      0           230.88   200.86   0.67        231.69       199.24       0.49            230.47        199.24        0.52             232.91       201.81       0.58            237.78        201.95        0.47             228.17            213.85            0.67                 242.65             213.31             0.63                  229.66         226.57         0.59              251.85          228.06          0.63               232.77         238.35         0.69              261.33          239.83          0.67               239.67       242.41       0.54            249.82        242.95        0.62             217.89        245.25        0.76             230.2          248.49         0.64              218.29         268.25         0.77              223.44          267.85          0.71               171.87                     173.14                      96.42                     125.06                     75.49                    92.18                     15.27                         18.35                          164.73                                   161.65                                    67.18            13.2                                5.04                                 -                    
58      1           218.69   171.98   0.81        220.52       170.28       0.86            218.2         170.04        0.88             223.44       172.35       0.83            216.5         172.11        0.68             225.51            182.58            0.77                 215.89             181.85             0.77                  225.88         194.39         0.7               218.33          192.2           0.69               226.48         204.37         0.62              216.99          200.72          0.51               223.68       203.76       0.65            216.87        203.15        0.66             226.36        219.96        0.69             212.73         219.1          0.76              230.26         235.18         0.65              209.8           234.69          0.8                178.28                     157.83                      175.03                    176.07                     165.68                   162.83                    6.7                           10.62                          173.3                                    169.38                                    62.95            7.63                                7.48                                 -                    
59      0           228.98   201.52   0.66        230.62       199.75       0.56            229.39        199.75        0.56             231.44       202.21       0.65            238.41        202.48        0.54             227.33            214.52            0.69                 242.65             213.56             0.66                  228.29         227.1          0.64              251.13          228.74          0.64               230.75         239.82         0.7               259.75          241.19          0.69               238.41       243.37       0.57            248.67        243.92        0.64             217.62        245.56        0.76             229.8          249.53         0.63              216.12         268.81         0.77              223.23          269.36          0.71               173.4                      174.49                      99.71                     124.86                     75.01                    95.34                     16.65                         17.98                          163.35                                   162.02                                    67.56            75.2                                62.48                                -                    
59      1           219.49   171.99   0.82        221.32       170.28       0.88            219.0         170.04        0.89             224.24       172.6        0.82            216.93        171.99        0.65             226.32            182.83            0.77                 216.45             181.98             0.77                  226.32         194.04         0.67              219.49          191.73          0.67               226.8          204.4          0.52              217.54          200.26          0.47               224.24       203.3        0.63            217.54        202.69        0.65             227.05        219.88        0.67             213.4          219.02         0.75              229.61         235.6          0.67              210.47          234.86          0.79               177.31                     149.77                      179.65                    176.22                     164.62                   162.73                    5.78                          14.32                          174.22                                   165.68                                    63.24            9.62                                21.71                                -                    
60      0           229.68   200.66   0.67        229.68       199.11       0.5             229.4         198.97        0.49             230.1        202.21       0.63            237.28        202.49        0.47             226.3             215.02            0.7                  241.64             213.61             0.68                  226.3          230.5          0.66              249.38          228.95          0.6                226.3          244.43         0.68              255.71          244.57          0.68               235.87       241.05       0.56            247.83        242.88        0.6              216.87        245.55        0.77             230.1          250.2          0.63              212.37         269.06         0.79              224.33          269.76          0.72               179.99                     175.29                      114.18                    128.86                     83.15                    100.48                    20.18                         14.83                          159.82                                   165.17                                    68.74            192.81                              158.43                               -                    
60      1           220.59   172.25   0.82        222.43       170.41       0.88            219.98        170.29        0.9              225.25       172.74       0.79            218.02        172.13        0.59             227.57            183.15            0.77                 217.78             182.04             0.78                  227.57         193.67         0.65              220.84          190.98          0.68               226.1          200.77         0.48              221.82          198.57          0.5                224.88       203.22       0.61            218.88        202.73        0.63             227.57        219.62        0.68             214.6          218.89         0.76              229.53         235.29         0.68              211.41          235.17          0.78               168.31                     168.45                      177.8                     176.21                     163.04                   162.1                     7.64                          15.86                          172.36                                   164.14                                    62.98            111.14                              138.28                               -                    
61      0           229.36   200.71   0.66        229.22       198.87       0.49            229.22        198.87        0.48             229.92       202.11       0.62            236.97        202.54        0.44             226.26            214.94            0.7                  241.76             213.67             0.68                  226.26         230.45         0.66              249.38          228.76          0.61               226.4          244.55         0.68              255.72          244.69          0.68               236.12       241.16       0.55            247.82        242.71        0.6              216.81        245.53        0.77             230.2          249.9          0.64              212.44         268.93         0.79              224.28          269.64          0.72               179.43                     174.94                      113.33                    128.89                     82.13                    100.4                     20.62                         14.99                          159.38                                   165.01                                    68.58            4.57                                3.54                                 -                    
61      1           220.73   172.41   0.82        222.45       170.57       0.89            220.0         170.33        0.9              225.26       172.77       0.79            218.04        172.28        0.59             227.58            183.41            0.77                 217.8              182.19             0.78                  227.58         193.56         0.66              220.61          190.99          0.69               226.11         200.53         0.5               221.47          198.82          0.5                224.89       203.22       0.61            218.78        202.73        0.63             227.58        219.49        0.69             214.62         218.75         0.77              229.42         235.39         0.68              211.44          235.02          0.79               168.11                     168.53                      177.19                    176.51                     162.87                   162.72                    7.73                          14.99                          172.27                                   165.01                                    62.8             7.23                                12.98                                -                    
62      0           229.75   200.6    0.69        229.75       198.48       0.62            229.04        198.48        0.59             230.18       202.3        0.65            237.25        202.44        0.5              225.65            214.47            0.67                 241.35             213.48             0.68                  223.95         229.46         0.58              245.45          227.9           0.54               222.68         243.32         0.55              251.53          247.7           0.44               235.27       241.06       0.56            247.85        242.61        0.61             216.6         245.58        0.7              229.33         249.68         0.57              208.96         268.92         0.8               225.37          269.77          0.69               178.79                     178.8                       121.75                    122.05                     83.74                    98.3                      26.34                         3.28                           153.66                                   176.72                                    68.74            117.82                              155.24                               -                    
62      1           221.81   172.93   0.81        223.4        170.97       0.88            220.96        170.85        0.89             226.32       173.17       0.74            218.89        172.68        0.59             228.88            183.53            0.78                 218.65             182.31             0.79                  227.67         193.89         0.66              221.33          191.82          0.72               225.35         199.98         0.49              222.06          199.5           0.51               226.08       203.03       0.63            219.5         202.18        0.66             227.3         219.61        0.69             215.48         218.88         0.79              228.64         234.84         0.71              212.19          234.84          0.82               165.9                      169.69                      179.18                    178.1                      167.61                   164.0                     1.47                          13.29                          178.53                                   166.71                                    61.92            28.31                               27.03                                -                    
63      0           229.16   200.57   0.69        229.44       198.45       0.63            228.59        198.16        0.59             230.15       202.27       0.66            237.23        202.41        0.51             225.62            214.45            0.67                 241.33             213.46             0.68                  223.92         229.46         0.58              245.3           227.76          0.53               222.64         243.34         0.56              251.53          247.59          0.42               235.25       241.21       0.56            247.71        242.77        0.6              216.41        245.6         0.7              229.3          249.71         0.57              208.91         268.97         0.79              225.33          269.68          0.68               178.79                     178.05                      120.93                    121.88                     83.33                    98.39                     26.25                         3.23                           153.75                                   176.77                                    68.75            1.25                                3.52                                 -                    
63      1           221.85   173.06   0.81        223.43       171.11       0.88            221.0         170.99        0.88             226.23       173.18       0.73            218.93        172.81        0.59             228.9             183.51            0.78                 218.69             182.3              0.79                  227.69         193.6          0.66              221.36          191.65          0.72               225.38         199.43         0.48              222.46          199.31          0.5                225.98       202.84       0.63            219.54        202.11        0.67             227.08        219.61        0.69             215.53         218.76         0.79              228.05         234.93         0.71              212.25          234.8           0.81               165.27                     172.18                      179.9                     178.02                     167.68                   164.0                     1.71                          13.49                          178.29                                   166.51                                    61.81            16.59                               13.26                                -                    
64      0           228.87   200.96   0.72        228.16       198.26       0.68            228.31        198.12        0.62             228.87       202.1        0.68            237.11        202.8         0.61             225.18            214.3             0.68                 241.36             213.45             0.69                  223.05         229.77         0.6               243.07          227.93          0.57               220.78         243.26         0.58              233.13          247.37          0.32               233.7        241.55       0.56            246.9         242.83        0.61             215.67        245.95        0.67             229.02         250.07         0.59              207.3          268.66         0.79              225.75          269.23          0.7                178.28                     146.23                      123.96                    121.7                      86.36                    101.37                    25.19                         3.96                           154.81                                   176.04                                    67.99            55.98                               553.57                               -                    
64      1           221.97   172.23   0.8         223.79       170.53       0.85            221.48        170.28        0.86             226.71       172.96       0.75            219.78        172.35        0.6              229.51            183.42            0.76                 219.17             182.08             0.77                  228.17         193.76         0.63              221.97          191.45          0.7                224.28         198.99         0.42              223.67          199.24          0.46               226.59       202.52       0.62            220.26        201.79        0.64             227.93        218.7         0.67             216.37         218.33         0.75              228.29         234.39         0.66              212.6           234.27          0.77               150.72                     175.71                      176.6                     179.93                     166.58                   163.58                    1.32                          13.45                          178.68                                   166.55                                    62.1             35.64                               36.46                                -                    
65      0           228.11   201.11   0.74        227.82       198.28       0.63            227.12        198.42        0.6              228.96       202.1        0.64            236.18        202.24        0.56             224.57            214.84            0.64                 240.71             213.71             0.68                  219.75         230.13         0.59              240.57          227.44          0.56               217.06         244.15         0.57              234.05          238.63          0.36               232.64       240.75       0.55            245.66        242.17        0.59             215.22        247.12        0.64             228.53         250.52         0.59              204.89         268.64         0.76              226.27          269.49          0.69               173.39                     150.38                      135.75                    122.8                      92.79                    106.12                    34.78                         10.47                          145.22                                   169.53                                    67.95            115.03                              264.53                               -                    
65      1           223.05   172.1    0.74        224.88       170.51       0.79            222.56        170.39        0.81             227.94       173.08       0.67            220.96        172.72        0.5              230.88            183.12            0.71                 220.48             182.14             0.72                  230.76         193.04         0.61              222.92          191.57          0.62               226.23         194.63         0.45              227.09          197.08          0.41               228.68       202.22       0.61            222.07        201.61        0.63             229.29        218.26        0.64             218.03         218.26         0.67              229.41         234.67         0.54              213.5           233.69          0.71               110.07                     157.49                      178.24                    177.27                     171.23                   161.69                    5.87                          9.89                           174.13                                   170.11                                    62.08            143.74                              121.57                               -                    
66      0           228.09   201.29   0.74        227.8        198.46       0.63            227.09        198.6         0.6              228.79       202.14       0.64            236.16        202.43        0.59             224.54            214.75            0.63                 240.69             213.61             0.68                  219.73         230.19         0.6               240.69          227.64          0.57               216.9          244.21         0.57              234.18          238.82          0.36               232.9        240.95       0.55            245.65        242.08        0.59             215.06        247.04        0.64             228.51         250.44         0.59              204.72         268.57         0.76              226.24          269.28          0.69               174.1                      149.79                      134.5                     122.85                     91.15                    106.12                    35.01                         9.88                           144.99                                   170.12                                    67.63            5.35                                6.97                                 -                    
66      1           223.03   171.85   0.75        224.86       170.38       0.8             222.54        170.14        0.82             227.93       172.96       0.66            220.94        172.47        0.5              230.87            183.25            0.72                 220.45             182.14             0.72                  230.75         193.29         0.61              222.9           191.58          0.63               226.46         195.01         0.44              226.58          196.84          0.42               228.66       202.23       0.61            222.05        201.62        0.63             229.4         218.16        0.63             218.0          218.04         0.66              229.77         234.7          0.53              213.47          233.84          0.71               112.5                      159.66                      178.63                    177.83                     170.73                   161.49                    5.93                          9.89                           174.07                                   170.11                                    62.42            13.19                               16.83                                -                    
67      0           227.68   201.01   0.73        227.68       198.25       0.61            226.51        198.54        0.6              228.55       201.59       0.61            236.54        201.59        0.5              223.75            214.66            0.65                 240.46             213.94             0.7                   217.94         227.3          0.55              238.43          226.14          0.61               214.46         239.65         0.56              233.34          235.0           0.34               232.03       240.96       0.6             245.11        242.26        0.67             214.17        248.51        0.67             228.98         250.69         0.63              203.12         269.43         0.77              226.95          270.59          0.73               171.08                     159.62                      140.74                    123.42                     95.44                    108.27                    42.17                         18.78                          137.83                                   161.22                                    69.01            155.5                               117.72                               -                    
67      1           224.2    172.07   0.68        225.94       170.82       0.71            223.58        170.45        0.77             229.05       173.19       0.63            222.21        172.94        0.4              232.16            183.39            0.65                 221.72             182.51             0.66                  231.42         194.46         0.56              223.95          192.71          0.57               227.19         193.96         0.45              227.31          196.69          0.37               229.93       203.54       0.53            223.08        202.91        0.58             230.8         219.96        0.55             219.35         219.83         0.57              232.41         238.74         0.44              214.13          238.12          0.53               87.15                      152.22                      178.11                    176.49                     170.62                   163.72                    2.48                          8.54                           177.52                                   171.46                                    66.36            38.45                               22.5                                 -                    
68      0           227.66   200.86   0.73        227.66       198.1        0.62            226.5         198.25        0.6              228.68       201.44       0.61            236.52        201.59        0.51             223.59            214.67            0.65                 240.59             213.94             0.7                   217.93         227.31         0.55              238.41          226.14          0.61               214.44         239.51         0.56              233.33          235.15          0.34               232.02       240.96       0.6             245.1         242.27        0.67             214.15        248.37        0.67             228.97         250.7          0.63              203.11         269.44         0.77              226.94          270.6           0.73               171.8                      160.68                      140.18                    123.42                     94.75                    108.56                    41.91                         19.16                          138.09                                   160.84                                    69.16            4.2                                 4.57                                 -                    
68      1           224.21   172.07   0.68        225.95       170.82       0.71            223.59        170.45        0.76             229.06       173.19       0.61            222.22        172.94        0.38             232.05            183.39            0.64                 221.72             182.52             0.66                  231.42         194.46         0.56              223.96          192.71          0.57               227.32         194.08         0.45              227.32          199.68          0.37               229.93       203.54       0.53            222.97        202.91        0.57             230.8         219.95        0.55             219.36         219.95         0.57              232.42         238.74         0.43              214.13          238.11          0.54               88.02                      166.64                      178.11                    175.9                      170.97                   164.56                    2.78                          8.89                           177.22                                   171.11                                    66.36            5.42                                89.81                                -                    
69      0           227.8    200.51   0.73        228.24       197.75       0.63            227.37        197.75        0.62             229.55       200.95       0.57            235.23        201.1         0.46             223.14            214.06            0.69                 240.19             213.33             0.72                  216.88         230.23         0.63              238.15          226.01          0.64               210.61         244.66         0.62              232.03          236.5           0.42               231.59       241.31       0.62            244.56        242.76        0.69             213.67        249.46        0.71             228.97         251.94         0.66              202.16         269.71         0.78              227.51          270.44          0.73               177.7                      158.89                      144.09                    124.99                     97.25                    112.04                    38.41                         17.59                          141.59                                   162.41                                    69.56            192.89                              56.26                                -                    
69      1           225.18   173.03   0.77        226.32       171.37       0.74            224.22        171.37        0.77             229.03       172.77       0.49            222.64        172.59        0.39             232.17            183.78            0.75                 222.03             183.0              0.71                  231.65         194.1          0.57              223.95          191.74          0.6                227.63         194.1          0.34              222.03          201.71          0.48               229.81       202.41       0.59            223.69        202.06        0.62             229.38        216.66        0.42             219.5          216.05         0.53              229.55         226.98         0.38              219.41          226.98          0.45               92.91                      156.67                      177.27                    163.76                     174.53                   158.32                    4.31                          7.43                           175.69                                   172.57                                    53.95            9.29                                170.38                               -                    
70      0           227.68   200.8    0.73        228.12       198.19       0.62            227.1         198.19        0.63             228.12       200.8        0.45            236.11        201.24        0.33             224.78            213.15            0.72                 240.03             212.57             0.74                  215.91         228.4          0.66              237.85          225.21          0.67               207.2          242.64         0.68              232.04          234.21          0.4                231.75       241.33       0.67            243.81        242.49        0.73             213.3         250.63        0.75             229.13         251.79         0.69              201.24         270.38         0.81              228.41          271.26          0.75               178.68                     156.95                      148.14                    124.5                      102.85                   115.17                    44.05                         16.98                          135.95                                   163.02                                    70.02            119.35                              68.76                                -                    
70      1           226.25   173.68   0.78        227.4        172.03       0.72            225.18        172.11        0.74             230.04       173.76       0.35            223.36        173.68        0.31             233.26            183.66            0.77                 222.87             183.08             0.73                  233.26         193.97         0.61              224.52          192.15          0.64               232.43         203.53         0.39              223.2           201.56          0.5                231.03       201.72       0.64            224.76        201.31        0.65             230.62        223.82        0.42             220.89         214.09         0.54              231.94         223.82         0.33              219.32          223.82          0.47               175.07                     161.71                      88.93                     172.28                     174.04                   157.19                    7.03                          4.36                           172.97                                   175.64                                    50.14            318.51                              35.39                                -                    
70      2           225.19   172.42   0.47        227.15       170.98       0.61            224.79        170.85        0.59             229.64       174.52       0.41            223.74        199.42        0.3              233.18            183.43            0.55                 222.96             182.51             0.6                   232.92         195.36         0.43              224.14          193.26          0.55               206.57         242.42         0.36              223.88          201.39          0.29               231.35       203.75       0.46            225.58        203.23        0.49             232.92        218.43        0.36             221.25         219.09         0.41              229.91         233.51         0.4               216.93          233.51          0.44               152.02                     171.89                      162.57                    178.56                     168.72                   157.53                    3.9                           0.95                           176.1                                    179.05                                    61.09            2284.08                             1901.15                              cocking_backswing    
71      0           227.61   200.99   0.73        228.33       198.23       0.62            227.32        198.23        0.63             227.9        200.84       0.46            236.02        201.28        0.35             224.71            213.16            0.72                 240.08             212.58             0.74                  215.72         228.53         0.66              238.05          225.2           0.67               207.02         242.74         0.69              232.25          234.33          0.39               231.81       241.0        0.67            243.7         242.45        0.73             213.26        250.71        0.75             229.06         252.16         0.69              201.22         270.43         0.81              228.33          271.3           0.76               178.85                     156.73                      149.02                    125.73                     103.31                   116.64                    44.64                         16.06                          135.36                                   163.94                                    69.87            6.06                                7.15                                 -                    
71      1           225.48   199.6    0.47        227.29       171.49       0.6             224.96        171.1         0.59             229.88       174.99       0.43            223.92        199.08        0.33             233.38            183.54            0.53                 222.89             182.63             0.57                  232.99         195.97         0.42              224.05          193.38          0.51               206.43         242.36         0.37              223.79          200.77          0.27               231.18       204.01       0.44            224.83        203.23        0.47             232.99        220.46        0.34             220.81         219.68         0.43              229.88         234.58         0.4               216.28          234.32          0.49               151.99                     171.8                       161.29                    176.51                     167.57                   160.89                    4.35                          0.8                            175.65                                   179.2                                     34.85            1405.66                             29.66                                -                    
71      2           226.39   174.03   0.79        227.46       172.46       0.72            225.23        172.46        0.74             230.11       174.03       0.34            223.41        173.95        0.33             233.26            183.63            0.78                 222.91             183.14             0.74                  233.34         193.56         0.62              224.57          191.99          0.67               232.68         203.08         0.41              223.24          201.18          0.53               231.02       201.59       0.64            224.73        201.09        0.66             230.53        214.83        0.44             221.01         212.93         0.56              231.69         224.1          0.34              219.35          224.1           0.48               175.54                     161.21                      170.73                    170.96                     175.06                   156.74                    7.57                          4.8                            172.43                                   175.2                                     50.07            1420.49                             20.04                                take_off             
72      0           226.53   201.98   0.71        225.8        198.92       0.6             226.24        199.8         0.6              227.26       201.11       0.57            235.42        201.54        0.47             224.2             212.32            0.7                  240.08             213.49             0.73                  214.59         226.59         0.68              235.71          224.41          0.61               204.98         238.39         0.72              218.38          235.62          0.45               230.9        241.3        0.67            242.41        242.91        0.71             212.11        251.79        0.75             229.15         252.81         0.71              201.05         271.16         0.8               228.86          271.6           0.77               174.79                     144.71                      148.91                    127.66                     106.15                   122.24                    46.97                         26.33                          133.03                                   153.67                                    69.4             144.49                              419.1                                -                    
72      1           226.05   172.11   0.59        228.24       171.14       0.63            226.05        170.78        0.61             231.04       173.94       0.54            224.84        173.82        0.26             234.21            184.16            0.58                 224.11             183.31             0.59                  234.21         195.72         0.46              226.18          192.92          0.55               226.91         204.85         0.28              224.23          202.29          0.36               231.53       205.21       0.5             226.18        204.85        0.52             221.06        218.84        0.47             221.79         219.08         0.47              216.93         236.0          0.45              216.81          235.51          0.5                141.34                     156.12                      156.04                    179.79                     149.73                   157.41                    7.25                          6.66                           172.75                                   173.34                                    63.64            1285.55                             47.66                                -                    
72      2           226.3    171.84   0.61        228.17       170.51       0.65            225.82        170.55        0.63             231.32       173.39       0.56            224.88        173.04        0.45             234.38            183.37            0.53                 224.13             182.44             0.56                  236.15         197.88         0.45              225.28          192.11          0.52               229.5          190.87         0.33              224.8           197.88          0.29               233.05       197.88       0.41            225.99        197.88        0.46             228.52        197.88        0.39             227.01         197.88         0.41              237.48         197.88         0.32              230.96          197.88          0.21               36.54                      168.36                      0.01                      179.96                     95.24                    96.88                     12.22                         0.08                           167.78                                   179.92                                    26.04            379.61                              109.67                               jump_peak            
73      0           226.53   201.83   0.71        225.81       198.92       0.61            226.24        199.65        0.6              227.26       201.1        0.57            235.27        201.54        0.47             224.2             212.32            0.7                  240.08             213.48             0.73                  214.45         226.59         0.69              235.56          224.41          0.61               204.98         238.39         0.72              218.38          235.62          0.45               230.76       241.3        0.67            242.41        242.9         0.71             212.12        251.79        0.75             229.16         252.81         0.71              201.05         271.16         0.8               228.86          271.6           0.77               175.61                     145.58                      149.1                     127.66                     106.62                   122.24                    47.1                          26.99                          132.9                                    153.01                                    69.54            0.06                                0.07                                 -                    
73      1           226.07   172.11   0.59        228.26       171.14       0.63            226.07        170.77        0.61             230.93       173.94       0.54            224.85        173.81        0.26             234.22            184.15            0.58                 224.12             183.3              0.59                  234.1          195.71         0.46              226.19          192.91          0.55               226.92         204.83         0.28              224.24          202.28          0.36               231.54       205.2        0.5             226.19        204.83        0.52             221.08        218.82        0.47             221.81         219.06         0.48              216.82         235.97         0.45              216.7           235.48          0.5                142.41                     156.12                      156.42                    179.82                     149.73                   157.41                    6.64                          6.66                           173.36                                   173.34                                    63.61            0.65                                0.64                                 -                    
73      2           226.3    171.84   0.61        228.17       170.51       0.65            225.82        170.55        0.63             231.32       173.39       0.56            224.93        173.04        0.45             234.38            183.37            0.53                 224.13             182.44             0.56                  236.15         197.88         0.45              225.28          192.11          0.52               229.5          190.87         0.33              224.8           197.88          0.29               233.05       197.88       0.41            225.99        197.88        0.46             228.52        197.88        0.39             227.01         197.88         0.41              237.48         197.88         0.32              230.96          197.88          0.21               36.54                      168.36                      0.01                      179.96                     95.24                    96.88                     12.22                         0.08                           167.78                                   179.92                                    26.04            0.03                                0.04                                 -                    
74      0           226.3    201.62   0.7         225.72       199.13       0.59            226.16        199.57        0.58             226.89       201.18       0.6             234.82        201.33        0.5              223.66            212.64            0.71                 239.67             213.22             0.74                  213.68         225.85         0.69              234.38          223.35          0.6                203.99         236.42         0.75              218.52          234.36          0.52               230.27       241.56       0.67            241.87        243.32        0.71             211.77        252.28        0.74             228.95         252.86         0.71              200.91         271.51         0.81              228.95          271.66          0.78               174.56                     152.33                      149.55                    126.45                     107.22                   122.27                    49.94                         31.74                          130.06                                   148.26                                    69.96            66.29                               38.07                                -                    
74      1           226.84   172.16   0.59        228.61       170.82       0.62            226.37        170.87        0.62             231.8        173.84       0.53            225.42        173.41        0.46             234.86            183.85            0.52                 224.6              182.82             0.55                  236.55         197.22         0.46              225.29          192.13          0.55               229.82         190.71         0.35              224.73          197.22          0.39               233.22       197.22       0.39            226.32        197.22        0.44             228.52        197.22        0.39             227.06         197.22         0.39              237.84         197.22         0.32              231.63          197.22          0.22               38.76                      169.48                      0.01                      179.96                     96.99                    96.83                     14.16                         2.59                           165.84                                   177.41                                    25.06            433.61                              152.65                               -                    
74      2           226.5    172.71   0.53        228.7        171.55       0.58            226.5         171.32        0.57             231.37       174.68       0.48            224.99        198.81        0.26             234.97            184.42            0.49                 224.53             183.61             0.54                  235.78         196.72         0.4               226.5           193.59          0.51               203.65         205.3          0.29              223.6           203.45          0.34               231.95       206.58       0.45            226.62        206.23        0.49             221.51        219.46        0.48             221.98         219.69         0.45              217.45         236.28         0.49              217.34          235.93          0.51               101.18                     152.43                      154.53                    176.92                     148.72                   155.7                     11.53                         5.91                           168.47                                   174.09                                    63.39            890.66                              171.35                               landing              
75      0           227.45   201.97   0.63        225.5        199.72       0.46            228.8         199.87        0.5              226.7        201.52       0.52            234.05        201.52        0.46             223.55            212.17            0.72                 239.0              212.47             0.74                  212.91         224.92         0.71              234.95          223.12          0.62               202.71         234.97         0.77              219.5           233.32          0.49               229.55       240.67       0.67            241.25        242.61        0.71             211.26        252.51        0.76             228.95         253.26         0.72              200.91         272.31         0.83              229.1           272.16          0.79               174.45                     144.25                      150.52                    130.43                     111.04                   126.62                    51.76                         25.09                          128.24                                   154.91                                    70.26            58.28                               43.18                                -                    
75      1           227.01   172.29   0.63        228.89       170.95       0.67            226.64        170.91        0.65             232.07       173.79       0.57            226.05        173.21        0.45             235.42            184.04            0.55                 225.17             182.83             0.59                  236.88         196.84         0.49              225.8           192.33          0.56               229.94         190.23         0.33              224.71          196.84          0.37               233.5        196.84       0.38            226.26        196.84        0.43             228.6         196.84        0.36             226.97         196.84         0.38              238.01         196.84         0.31              232.24          196.84          0.21               39.89                      162.68                      0.01                      179.96                     98.55                    94.44                     15.07                         0.66                           164.93                                   179.34                                    24.56            14.8                                11.45                                -                    
76      0           225.25   200.59   0.65        224.94       198.0        0.54            227.08        198.0         0.5              226.32       200.75       0.56            233.33        200.9         0.46             222.5             211.88            0.73                 238.37             211.73             0.74                  211.83         222.71         0.72              233.49          221.49          0.65               202.22         229.57         0.75              222.35          228.05          0.58               228.45       239.95       0.69            240.5         241.62        0.72             210.91        252.45        0.78             228.91         253.37         0.76              201.3          272.44         0.85              229.52          272.74          0.83               170.13                     147.06                      151.17                    133.57                     113.52                   131.29                    56.56                         30.65                          123.44                                   149.35                                    72.0             162.87                              180.11                               -                    
76      1           228.12   172.62   0.61        229.81       171.34       0.65            227.58        171.34        0.63             232.91       174.23       0.53            226.76        173.86        0.44             235.97            184.1             0.51                 225.85             183.07             0.57                  238.53         196.62         0.52              226.34          191.7           0.54               230.85         190.34         0.38              224.57          196.62          0.32               234.15       196.62       0.37            227.05        196.62        0.43             227.13        196.62        0.38             226.38         196.62         0.43              239.07         196.62         0.34              220.15          196.62          0.21               39.18                      156.85                      0.01                      179.96                     98.26                    84.95                     19.83                         1.77                           160.17                                   178.23                                    24.0             27.41                               8.11                                 jump_peak            
76      2           229.1    174.06   0.75        229.88       172.5        0.71            228.17        172.64        0.68             243.49       188.03       0.25            243.42        188.1         0.2              236.08            185.39            0.7                  226.25             184.39             0.73                  239.14         196.65         0.67              227.96          194.3           0.5                242.85         207.05         0.73              235.44          200.64          0.25               235.15       206.69       0.49            227.67        206.62        0.58             239.86        217.88        0.41             228.39         217.88         0.35              242.06         217.88         0.3               227.53          217.88          0.22               175.62                     140.08                      112.8                     86.38                      154.71                   179.95                    17.71                         6.13                           162.29                                   173.87                                    43.81            1180.45                             366.09                               -                    
77      0           225.11   200.33   0.64        224.96       198.2        0.51            228.9         198.05        0.49             225.72       200.93       0.56            232.69        201.39        0.45             221.77            211.85            0.74                 238.91             211.1              0.76                  211.15         222.32         0.74              234.21          222.93          0.63               201.45         227.02         0.79              222.08          227.93          0.58               228.14       240.07       0.7             240.28        241.43        0.74             210.85        252.51        0.78             229.05         253.27         0.76              201.45         273.14         0.85              229.51          273.44          0.84               161.26                     134.09                      150.23                    135.22                     113.0                    133.93                    58.14                         24.25                          121.86                                   155.75                                    72.96            80.17                               8.95                                 -                    
77      1           229.54   174.11   0.79        230.39       172.55       0.76            228.47        172.62        0.72             253.85       187.9        0.28            253.77        187.9         0.21             236.22            185.41            0.74                 226.84             184.63             0.77                  239.21         196.57         0.69              228.47          194.01          0.57               243.26         206.31         0.73              225.99          202.04          0.31               236.22       205.88       0.59            228.97        205.67        0.65             238.64        217.61        0.37             229.04         217.61         0.38              241.41         207.37         0.24              229.11          217.61          0.23               172.39                     152.91                      26.8                      90.34                      168.36                   174.55                    14.98                         4.1                            165.02                                   175.9                                     38.38            608.42                              168.75                               -                    
78      0           225.32   200.29   0.64        225.01       198.17       0.52            228.81        198.01        0.5              225.92       200.9        0.54            232.6         201.2         0.44             221.83            211.98            0.74                 238.68             211.07             0.76                  211.05         222.45         0.74              234.27          223.21          0.63               201.33         227.01         0.79              222.13          227.92          0.57               228.2        240.06       0.7             240.19        241.43        0.73             210.59        252.82        0.78             229.11         253.27         0.75              201.48         273.16         0.85              229.57          273.46          0.83               160.93                     131.11                      150.03                    135.6                      113.12                   134.03                    58.61                         22.79                          121.39                                   157.21                                    73.02            3.5                                 1.65                                 -                    
78      1           229.68   174.09   0.78        230.46       172.6        0.74            228.55        172.74        0.72             253.74       187.88       0.3             253.67        187.88        0.22             236.34            185.27            0.74                 226.64             184.56             0.77                  239.31         196.38         0.69              228.2           194.04          0.55               243.27         206.14         0.73              226.29          201.97          0.34               236.34       205.58       0.59            229.12        205.65        0.64             238.6         217.47        0.42             229.19         217.47         0.41              241.71         207.63         0.26              229.12          217.47          0.26               172.89                     157.12                      28.35                     89.66                      169.22                   173.64                    14.98                         2.62                           165.02                                   177.38                                    38.46            4.96                                9.28                                 -                    
79      0           225.65   200.07   0.62        225.49       197.35       0.53            228.67        197.04        0.5              226.55       200.98       0.57            233.22        201.28        0.45             221.86            211.73            0.72                 239.27             211.58             0.77                  211.11         220.96         0.73              235.49          223.39          0.58               201.27         223.99         0.79              222.16          225.66          0.45               227.16       240.19       0.7             239.27        241.25        0.73             210.2         252.6         0.77             228.98         253.21         0.74              201.57         273.34         0.85              229.58          273.65          0.83               156.44                     117.44                      148.8                     137.58                     115.66                   139.28                    59.88                         17.77                          120.12                                   162.23                                    73.42            90.81                               68.11                                -                    
79      1           229.7    174.28   0.81        230.68       172.77       0.76            228.71        172.84        0.72             255.4        188.54       0.38            255.25        188.54        0.31             236.22            185.51            0.78                 227.04             184.97             0.78                  239.7          196.42         0.78              228.1           194.0           0.65               243.8          205.82         0.77              224.92          202.03          0.41               236.37       205.37       0.64            229.09        205.22        0.71             238.34        220.23        0.43             229.24         220.23         0.39              241.75         207.49         0.24              229.09          220.23          0.26               174.18                     151.68                      22.55                     89.42                      172.88                   174.8                     17.28                         0.94                           162.72                                   179.06                                    39.58            18.51                               41.19                                -                    
79      2           229.24   174.11   0.8         230.97       172.48       0.79            228.37        172.37        0.78             233.91       174.77       0.37            245.75        218.66        0.22             237.06            185.63            0.73                 227.28             184.76             0.71                  240.1          196.39         0.67              228.26          195.84          0.52               243.9          205.84         0.68              226.09          203.77          0.47               237.38       206.49       0.63            230.21        206.16        0.67             240.64        220.18        0.69             229.67         221.05         0.6               244.77         234.96         0.75              236.08          234.3           0.48               173.88                     159.64                      177.78                    152.1                      167.5                    170.11                    14.9                          2.76                           165.1                                    177.24                                    60.52            48.26                               296.84                               -                    
79      3           228.57   173.01   0.68        230.51       171.74       0.7             228.4         171.53        0.69             233.8        174.61       0.57            227.6         173.17        0.4              236.93            184.99            0.55                 226.55             183.77             0.56                  239.08         197.44         0.52              226.8           192.67          0.58               231.57         190.22         0.36              224.56          197.44          0.46               235.07       197.44       0.38            228.44        197.44        0.45             226.8         197.44        0.34             225.66         197.44         0.42              244.78         197.44         0.2               220.51          197.44          0.19               36.34                      153.24                      0.01                      179.98                     98.48                    82.09                     18.29                         6.28                           161.71                                   173.72                                    24.43            -                                   -                                    -                    
80      0           224.79   199.18   0.69        225.25       196.27       0.62            227.09        196.12        0.57             225.86       200.26       0.57            233.68        200.72        0.45             221.26            211.14            0.74                 239.51             211.45             0.79                  209.76         218.66         0.75              240.43          220.65          0.57               200.25         218.05         0.8               235.52          206.7           0.4                225.55       240.28       0.72            238.28        241.2         0.76             209.3         252.55        0.8              228.62         253.32         0.76              202.09         273.87         0.87              229.85          274.33          0.86               143.15                     13.66                       145.72                    138.09                     118.66                   143.79                    65.23                         8.07                           114.77                                   171.93                                    74.92            181.47                              697.7                                -                    
80      1           230.18   174.35   0.82        231.79       172.85       0.81            229.26        172.74        0.8              234.67       175.39       0.44            247.24        175.5         0.22             237.67            185.18            0.76                 227.87             184.72             0.75                  241.59         196.71         0.72              228.91          195.56          0.66               245.28         205.93         0.72              227.87          205.24          0.6                239.17       205.93       0.68            231.56        205.47        0.69             241.24        220.91        0.76             232.71         221.49         0.72              245.28         235.9          0.8               237.9           235.2           0.63               176.98                     168.42                      172.81                    163.4                      176.25                   174.03                    14.65                         4.61                           165.35                                   175.39                                    61.2             44.63                               131.14                               -                    
81      0           224.63   199.23   0.69        225.24       196.47       0.63            227.23        196.16        0.58             225.85       200.3        0.56            233.67        200.45        0.44             221.26            211.18            0.74                 239.03             211.64             0.79                  209.76         218.69         0.75              237.35          219.91          0.56               200.11         217.92         0.8               235.35          215.01          0.4                225.55       240.45       0.72            238.11        241.52        0.76             209.15        252.71        0.8              228.61         253.47         0.75              202.1          274.0          0.86              229.84          274.16          0.85               142.3                      33.62                       145.1                     138.13                     118.44                   143.28                    65.18                         9.75                           114.82                                   170.25                                    74.85            5.56                                250.17                               -                    
81      1           230.22   174.46   0.82        231.71       172.97       0.81            229.18        172.85        0.8              234.71       175.5        0.45            247.15        175.62        0.23             237.7             185.06            0.77                 227.91             184.6              0.75                  241.62         196.58         0.72              228.83          195.55          0.67               245.08         205.69         0.72              227.8           205.34          0.62               239.2        205.57       0.69            231.6         205.23        0.69             241.28        220.89        0.76             232.87         221.47         0.72              245.31         235.87         0.81              238.05          235.29          0.64               177.98                     169.14                      172.64                    163.9                      176.47                   174.33                    14.6                          5.32                           165.4                                    174.68                                    61.12            9.48                                3.85                                 -                    
82      0           224.07   198.53   0.7         224.84       195.74       0.67            225.46        195.9         0.59             224.22       199.61       0.65            233.82        200.07        0.53             220.67            210.29            0.71                 237.84             211.68             0.74                  207.51         215.39         0.75              234.59          217.56          0.51               200.55         212.14         0.75              234.9           206.88          0.4                224.84       239.37       0.68            236.6         240.46        0.71             208.29        252.52        0.77             228.4          254.38         0.71              202.25         274.19         0.82              229.64          274.65          0.81               133.77                     27.27                       144.03                    146.01                     120.29                   151.97                    76.95                         26.46                          103.05                                   153.54                                    75.89            174.41                              244.95                               -                    
82      1           230.8    174.43   0.84        232.37       173.11       0.86            229.84        172.99        0.83             235.61       175.52       0.55            247.88        175.64        0.25             238.5             185.5             0.76                 228.52             184.9              0.71                  242.47         196.69         0.72              229.96          196.45          0.47               246.2          205.59         0.74              229.0           205.59          0.49               239.7        206.67       0.69            231.77        206.31        0.68             241.99        222.42        0.77             232.73         222.67         0.7               246.2          237.94         0.81              238.5           237.7           0.62               176.81                     166.87                      173.07                    162.36                     175.0                    174.74                    16.28                         1.5                            163.72                                   178.5                                     63.39            33.87                               36.94                                -                    
83      0           223.96   198.19   0.71        224.89       195.71       0.68            225.2         195.86        0.61             224.43       199.58       0.64            233.71        200.04        0.52             220.71            210.26            0.7                  237.89             211.65             0.74                  207.4          215.37         0.75              234.49          217.54          0.51               200.59         212.12         0.75              234.8           207.01          0.4                224.89       239.52       0.68            236.66        240.45        0.7              208.17        252.52        0.76             228.45         254.23         0.71              202.29         274.2          0.82              229.69          274.66          0.81               133.49                     28.38                       143.06                    145.76                     119.74                   151.69                    77.14                         27.61                          102.86                                   152.39                                    76.24            1.21                                4.94                                 -                    
83      1           230.81   174.42   0.84        232.37       173.1        0.87            229.85        172.98        0.83             235.62       175.51       0.55            247.9         175.63        0.24             238.51            185.5             0.76                 228.52             184.89             0.71                  242.48         196.81         0.72              229.97          196.57          0.48               246.21         205.72         0.74              229.12          205.72          0.5                239.71       207.04       0.7             231.89        206.68        0.68             242.0         222.57        0.77             232.61         222.93         0.7               246.33         238.21         0.8               238.51          237.85          0.61               176.61                     167.69                      172.9                     160.98                     174.82                   173.75                    16.15                         1.74                           163.85                                   178.26                                    63.61            3.93                                5.4                                  -                    
84      0           223.59   198.16   0.72        224.53       195.99       0.7             224.22        195.99        0.63             225.77       199.56       0.7             233.07        199.56        0.62             220.18            209.97            0.69                 237.27             211.21             0.74                  206.97         213.7          0.75              230.43          215.87          0.49               200.76         209.04         0.72              233.23          208.73          0.39               224.22       239.49       0.68            236.02        240.26        0.71             208.06        252.07        0.75             228.1          254.24         0.71              202.16         274.44         0.8               229.5           274.75          0.81               127.36                     34.34                       142.7                     146.56                     120.12                   152.91                    82.02                         53.26                          97.98                                    126.74                                    76.43            92.89                               70.0                                 -                    
84      1           230.96   174.43   0.84        232.55       173.21       0.85            230.23        173.09        0.81             235.71       175.65       0.67            229.5         175.53        0.37             238.87            185.38            0.78                 228.41             185.02             0.75                  242.77         197.06         0.73              229.99          196.46          0.55               246.54         205.83         0.72              228.04          206.31          0.48               239.73       207.04       0.72            231.69        207.04        0.72             241.92        222.62        0.78             231.69         223.23         0.72              246.18         238.2          0.81              234.61          238.2           0.65               175.14                     160.95                      172.71                    168.96                     174.25                   171.52                    16.18                         0.61                           163.82                                   179.39                                    63.77            10.36                               37.11                                -                    
85      0           223.57   196.95   0.73        223.89       194.6        0.7             223.42        194.75        0.65             225.14       198.67       0.71            232.19        198.67        0.66             219.19            208.69            0.69                 235.63             209.94             0.74                  206.19         210.73         0.77              228.58          213.07          0.5                201.96         203.37         0.77              224.04          206.5           0.43               222.79       238.91       0.68            234.38        239.38        0.71             207.29        251.75        0.73             227.96         255.04         0.71              202.43         274.46         0.78              229.37          274.93          0.78               110.97                     100.66                      141.7                     153.65                     122.84                   160.14                    87.89                         63.6                           92.11                                    116.4                                     77.75            174.42                              284.27                               -                    
85      1           231.76   175.1    0.86        233.39       173.72       0.88            231.01        173.72        0.85             236.53       176.1        0.71            230.01        175.98        0.41             239.41            185.88            0.79                 229.01             185.63             0.74                  243.54         197.41         0.75              229.38          197.28          0.54               247.43         205.93         0.74              227.0           206.56          0.51               240.16       206.93       0.75            232.14        207.06        0.74             242.29        223.22        0.8              231.64         223.85         0.74              246.68         238.89         0.82              233.39          238.89          0.64               175.23                     163.75                      171.81                    171.64                     174.6                    169.97                    17.69                         6.47                           162.31                                   173.53                                    63.79            26.88                               32.21                                -                    
86      0           223.59   196.79   0.73        223.9        194.59       0.7             223.43        194.75        0.65             225.0        198.66       0.71            232.2         198.66        0.66             219.05            208.53            0.69                 235.65             209.94             0.74                  206.21         210.72         0.77              228.29          212.76          0.51               201.82         203.21         0.77              222.8           206.49          0.44               222.8        238.91       0.68            234.39        239.54        0.71             207.3         251.91        0.73             227.97         254.88         0.71              202.45         274.46         0.78              229.38          274.93          0.78               110.57                     110.23                      142.13                    153.28                     122.92                   159.72                    87.36                         66.62                          92.64                                    113.38                                    77.91            6.44                                37.26                                -                    
86      1           231.69   174.97   0.86        233.45       173.72       0.88            230.94        173.72        0.84             236.58       176.1        0.7             229.94        175.98        0.4              239.34            185.88            0.79                 229.06             185.63             0.74                  243.48         197.42         0.75              229.56          197.17          0.53               247.37         205.95         0.74              227.05          206.45          0.5                240.1        206.96       0.75            232.07        207.08        0.74             242.35        223.26        0.79             231.57         223.89         0.73              246.74         238.94         0.82              233.2           238.94          0.63               175.23                     162.39                      172.24                    172.11                     174.16                   170.3                     17.69                         5.5                            162.31                                   174.5                                     63.96            1.85                                3.45                                 -                    
87      0           223.66   196.59   0.72        223.66       194.23       0.7             223.19        194.39        0.65             224.92       198.16       0.73            231.68        198.32        0.69             218.62            208.08            0.68                 235.46             209.81             0.74                  206.35         209.33         0.76              227.12          210.91          0.5                202.58         201.15         0.77              215.16          205.09          0.48               222.08       238.91       0.68            233.73        239.54        0.71             206.82        252.29        0.73             227.91         254.96         0.71              202.58         274.47         0.78              229.48          274.94          0.78               108.92                     146.52                      142.07                    154.81                     124.82                   162.65                    90.55                         79.15                          89.45                                    100.85                                    78.12            65.8                                233.79                               -                    
87      1           231.38   175.16   0.85        233.26       173.91       0.88            230.87        173.78        0.86             236.78       176.17       0.7             230.25        176.04        0.42             239.67            186.22            0.78                 229.24             185.71             0.75                  243.94         197.65         0.72              229.99          196.89          0.6                248.08         206.69         0.72              226.1           206.69          0.53               240.42       207.57       0.7             232.38        207.69        0.69             242.81        223.52        0.74             230.75         224.02         0.68              246.82         238.84         0.8               231.63          238.97          0.62               175.86                     154.47                      173.81                    170.92                     173.51                   166.16                    18.47                         4.27                           161.53                                   175.73                                    63.74            30.78                               29.5                                 -                    
88      0           223.01   195.46   0.73        223.17       192.87       0.7             222.2         193.35        0.63             224.79       197.24       0.7             230.94        197.08        0.63             217.99            207.11            0.69                 234.66             208.56             0.74                  205.7          205.81         0.75              225.27          206.62          0.48               203.43         196.75         0.78              213.14          198.53          0.45               221.39       238.01       0.68            232.72        238.5         0.71             206.34        252.09        0.72             227.86         255.0          0.71              202.46         274.74         0.78              229.48          275.23          0.77               110.05                     158.0                       142.82                    159.04                     126.82                   167.32                    102.28                        97.98                          77.72                                    82.02                                     79.53            134.87                              206.36                               -                    
88      1           232.01   176.02   0.84        233.78       174.75       0.85            231.37        174.5         0.84             237.32       176.78       0.57            250.73        176.65        0.28             239.98            186.77            0.78                 229.6              186.39             0.7                   244.79         198.04         0.72              230.62          197.66          0.5                249.34         206.89         0.73              224.54          206.51          0.45               240.86       207.65       0.7             232.77        207.9         0.68             243.27        224.48        0.73             231.37         224.73         0.65              247.44         239.66         0.78              232.77          239.66          0.6                175.9                      140.42                      172.75                    169.95                     174.3                    166.91                    20.69                         3.23                           159.31                                   176.77                                    63.64            38.41                               47.19                                -                    
89      0           223.08   195.48   0.74        223.24       192.89       0.7             222.27        193.22        0.64             224.86       197.1        0.71            230.85        197.1         0.65             218.07            207.13            0.69                 234.57             208.58             0.74                  205.61         205.67         0.75              224.7           206.48          0.5                203.51         196.61         0.78              213.05          198.39          0.47               221.3        237.86       0.68            232.62        238.34        0.71             206.42        252.25        0.73             227.93         255.0          0.7               202.38         274.73         0.78              229.55          275.22          0.78               109.74                     157.25                      144.25                    159.7                      128.04                   168.01                    102.68                        98.3                           77.32                                    81.7                                      79.49            4.81                                4.88                                 -                    
89      1           231.99   176.02   0.84        233.76       174.76       0.85            231.36        174.51        0.84             237.31       176.78       0.59            250.47        176.66        0.3              239.96            186.78            0.78                 229.72             186.4              0.7                   244.77         198.04         0.72              230.6           197.79          0.5                249.33         206.9          0.73              224.78          206.77          0.44               240.85       207.66       0.7             232.75        207.91        0.68             243.25        224.48        0.72             231.49         224.74         0.65              247.43         239.8          0.78              232.88          239.67          0.59               175.9                      142.61                      172.87                    170.37                     174.3                    167.66                    20.69                         3.59                           159.31                                   176.41                                    63.71            0.45                                10.57                                -                    
90      0           222.64   194.35   0.75        222.97       191.9        0.72            221.99        192.23        0.65             224.61       196.48       0.72            230.0         196.8         0.68             217.09            206.44            0.7                  233.75             207.75             0.74                  205.49         204.48         0.76              224.11          204.81          0.53               203.86         194.35         0.79              213.33          196.15          0.51               220.52       237.65       0.68            231.79        238.14        0.72             205.98        252.84        0.75             227.87         255.62         0.72              202.55         274.9          0.8               229.51          275.39          0.79               108.76                     158.2                       145.1                     162.63                     129.98                   171.05                    105.87                        103.27                         74.13                                    76.73                                     80.79            68.82                               68.0                                 -                    
90      1           232.18   176.07   0.84        234.08       174.68       0.86            231.67        174.55        0.85             237.63       176.95       0.63            230.79        176.83        0.31             240.16            186.96            0.77                 229.77             186.71             0.7                   245.1          198.23         0.72              230.53          197.22          0.52               249.79         207.48         0.73              223.95          205.07          0.49               240.92       207.23       0.69            232.81        207.1         0.68             243.45        224.33        0.73             231.17         224.58         0.65              247.51         239.78         0.78              232.69          239.78          0.6                176.78                     135.88                      173.73                    168.91                     173.72                   166.14                    21.52                         4.34                           158.48                                   175.66                                    63.71            22.33                               56.87                                -                    
91      0           221.76   193.38   0.76        222.1        191.19       0.72            221.09        191.02        0.65             224.29       194.72       0.68            229.16        195.23        0.63             216.55            204.81            0.7                  232.19             206.15             0.73                  205.29         201.28         0.78              223.28          201.11          0.48               204.96         190.35         0.78              212.69          191.53          0.47               219.58       236.74       0.69            230.67        237.25        0.73             205.46        252.88        0.75             227.65         255.57         0.73              202.6          275.24         0.8               229.67          275.74          0.8                109.17                     167.37                      146.1                     164.91                     133.4                    173.41                    112.81                        116.73                         67.19                                    63.27                                     82.11            124.86                              140.4                                -                    
91      1           232.8    176.38   0.87        234.71       174.98       0.91            232.42        174.72        0.88             238.29       177.15       0.75            231.27        176.76        0.44             240.71            187.35            0.78                 230.25             187.1              0.72                  245.94         198.58         0.73              230.76          197.43          0.56               250.79         207.64         0.74              226.17          205.47          0.49               241.09       207.26       0.69            233.31        207.51        0.68             243.77        224.23        0.73             231.01         224.23         0.66              247.6          240.05         0.78              233.31          239.79          0.62               176.83                     147.43                      175.37                    163.78                     172.13                   163.65                    23.88                         5.7                            156.12                                   174.3                                     63.54            30.57                               67.78                                -                    
92      0           221.77   193.37   0.76        222.1        191.18       0.72            221.1         191.01        0.65             224.29       194.88       0.67            229.17        195.22        0.62             216.56            204.8             0.7                  232.36             206.14             0.73                  205.29         201.27         0.78              223.62          200.93          0.46               204.95         190.34         0.78              212.69          191.52          0.45               219.58       236.74       0.69            230.68        237.25        0.73             205.46        252.88        0.75             227.65         255.57         0.73              202.6          275.25         0.8               229.67          275.58          0.8                109.17                     170.06                      146.1                     164.86                     133.4                    173.72                    112.81                        117.71                         67.19                                    62.29                                     82.05            0.33                                0.32                                 -                    
92      1           232.78   176.4    0.87        234.7        175.0        0.91            232.4         174.74        0.88             238.27       177.17       0.75            231.25        176.78        0.45             240.7             187.38            0.77                 230.23             187.12             0.72                  245.93         198.61         0.73              230.74          197.46          0.56               250.78         207.67         0.73              226.02          205.5           0.5                241.08       207.42       0.69            233.3         207.54        0.68             243.76        224.26        0.73             230.87         224.14         0.66              247.59         240.09         0.77              233.04          239.71          0.62               176.83                     146.75                      175.44                    163.75                     172.06                   163.15                    23.89                         5.7                            156.11                                   174.3                                     63.5             0.98                                4.46                                 -                    
93      0           221.77   192.32   0.74        220.38       190.23       0.68            220.56        190.41        0.61             221.95       192.84       0.64            229.6         193.19        0.69             214.99            202.75            0.73                 231.68             203.96             0.76                  205.09         197.53         0.81              221.6           196.14          0.58               206.13         186.23         0.81              212.91          186.93          0.61               218.47       236.12       0.71            229.6         236.47        0.75             204.74        253.85        0.78             227.68         255.77         0.76              202.65         276.1          0.82              229.94          276.28          0.81               112.48                     171.14                      147.6                     168.05                     136.3                    178.01                    123.71                        124.13                         56.29                                    55.87                                     83.87            128.48                              138.17                               -                    
93      1           233.58   176.73   0.89        235.48       175.33       0.92            233.2         175.08        0.91             239.02       177.74       0.6             231.55        177.23        0.3              241.68            187.87            0.78                 230.16             187.74             0.74                  246.62         199.14         0.72              227.5           197.62          0.57               251.94         208.51         0.74              222.69          206.23          0.5                241.43       206.87       0.66            233.45        206.61        0.66             244.47        224.85        0.74             230.41         224.47         0.63              247.89         240.93         0.79              231.68          240.05          0.65               174.09                     165.87                      177.59                    165.69                     169.64                   160.44                    24.43                         24.97                          155.57                                   155.03                                    63.76            43.08                               102.67                               -                    
94      0           221.5    192.15   0.75        220.29       190.23       0.7             220.64        190.23        0.62             222.03       192.84       0.69            229.5         193.19        0.74             214.9             202.58            0.73                 231.77             203.97             0.76                  205.16         197.71         0.81              220.98          196.32          0.61               206.03         186.23         0.81              212.81          186.93          0.65               218.37       236.15       0.7             229.68        236.32        0.74             204.81        253.54        0.78             227.77         255.8          0.76              202.72         276.15         0.82              229.85          276.32          0.81               112.23                     166.4                       147.32                    168.58                     136.13                   178.08                    122.48                        121.67                         57.52                                    58.33                                     84.08            3.08                                2.99                                 -                    
94      1           233.5    176.72   0.89        235.4        175.2        0.93            233.12        175.07        0.91             238.95       177.73       0.65            231.48        177.22        0.34             241.48            187.73            0.78                 230.08             187.73             0.74                  246.54         199.13         0.72              228.18          197.61          0.56               251.86         208.5          0.75              224.64          206.73          0.49               241.35       207.11       0.66            233.5         207.23        0.66             244.39        224.71        0.73             230.46         224.58         0.63              248.06         240.91         0.79              232.24          240.41          0.64               174.38                     169.64                      177.03                    163.67                     169.83                   160.12                    24.34                         20.83                          155.66                                   159.17                                    63.94            2.41                                60.56                                -                    
95      0           221.46   191.9    0.78        220.57       189.77       0.74            220.57        189.59        0.64             222.71       192.08       0.62            230.02        192.62        0.65             214.87            201.88            0.75                 231.44             203.49             0.76                  205.07         196.0          0.82              222.71          194.76          0.6                207.03         184.6          0.84              214.34          186.03          0.62               218.08       235.38       0.72            229.3         235.74        0.76             204.89        253.38        0.79             227.88         255.51         0.78              202.93         276.36         0.83              230.02          276.18          0.82               111.21                     178.81                      148.64                    169.97                     138.3                    179.67                    126.43                        131.21                         53.57                                    48.79                                     84.37            57.74                               53.42                                -                    
95      1           233.91   176.87   0.88        235.69       175.47       0.92            233.4         175.22        0.89             239.12       177.63       0.71            232.0         177.38        0.46             241.67            187.93            0.76                 230.98             187.81             0.7                   246.88         199.0          0.72              230.22          197.47          0.5                252.09         208.41         0.74              226.66          207.01          0.37               241.16       206.88       0.65            233.91        206.88        0.64             244.46        224.94        0.7              229.97         224.68         0.58              248.15         241.08         0.77              230.73          240.7           0.56               176.24                     164.04                      177.51                    164.79                     168.09                   158.8                     26.77                         13.23                          153.23                                   166.77                                    64.02            7.48                                61.44                                -                    
96      0           221.98   189.8    0.78        220.51       187.6        0.69            221.43        187.41        0.61             221.98       190.54       0.63            229.52        191.27        0.68             214.81            200.29            0.74                 230.81             201.94             0.76                  205.06         193.3          0.82              222.72          192.56          0.6                208.19         181.34         0.84              214.99          182.63          0.63               217.38       234.31       0.72            228.6         234.5         0.75             204.69        253.08        0.8              227.87         255.28         0.79              203.22         276.43         0.84              230.26          276.43          0.83               110.98                     177.09                      149.53                    171.52                     141.6                    178.15                    129.97                        135.34                         50.03                                    44.66                                     86.63            103.96                              104.01                               -                    
96      1           234.32   177.42   0.9         235.97       175.89       0.93            233.81        175.77        0.91             239.79       178.06       0.71            232.41        177.8         0.47             242.34            188.5             0.76                 232.28             188.38             0.69                  247.56         199.58         0.7               232.15          197.67          0.49               253.17         209.01         0.74              228.97          207.1           0.3                241.32       207.1        0.62            235.21        206.97        0.62             244.89        225.06        0.63             230.24         225.06         0.53              248.33         241.49         0.73              248.33          241.1           0.55               174.5                      162.12                      179.41                    116.23                     165.63                   155.69                    28.37                         9.74                           151.63                                   170.26                                    63.87            37.05                               69.4                                 -                    
97      0           221.98   189.83   0.78        220.69       187.63       0.69            221.43        187.44        0.6              221.98       190.38       0.62            229.51        191.3         0.67             214.62            200.31            0.74                 230.8              201.97             0.76                  205.06         193.33         0.82              222.53          192.59          0.6                208.19         181.38         0.84              214.99          182.48          0.63               217.38       234.33       0.72            228.6         234.51        0.76             204.51        253.08        0.8              227.86         255.1          0.79              203.22         276.43         0.84              230.25          276.24          0.83               111.5                      175.28                      148.69                    171.51                     140.9                    178.17                    130.79                        134.7                          49.21                                    45.3                                      86.5             0.98                                4.57                                 -                    
97      1           234.34   177.45   0.9         235.99       175.92       0.93            233.7         175.79        0.91             239.69       177.96       0.73            232.3         177.7         0.49             242.36            188.53            0.76                 232.3              188.41             0.69                  247.59         199.62         0.7               232.43          197.58          0.49               253.07         208.92         0.74              228.73          207.14          0.3                241.34       207.01       0.62            235.23        207.01        0.62             244.78        224.98        0.62             229.62         224.98         0.53              248.35         241.41         0.73              248.35          241.16          0.57               174.73                     158.06                      178.59                    113.49                     166.0                    153.72                    28.39                         8.16                           151.61                                   171.84                                    63.84            3.97                                7.21                                 -                    
98      0           221.14   187.65   0.73        219.19       185.7        0.64            218.8         185.31        0.51             220.16       188.62       0.59            229.91        188.23        0.63             213.93            198.17            0.74                 230.49             199.73             0.76                  204.77         189.79         0.81              222.7           189.59          0.62               209.25         177.51         0.84              215.88          179.46          0.66               216.27       233.05       0.7             228.15        233.05        0.74             204.38        252.92        0.79             227.96         254.48         0.79              203.4          276.5          0.84              230.49          276.11          0.83               112.4                      176.37                      151.49                    172.8                      145.28                   176.51                    136.29                        138.42                         43.71                                    41.58                                     88.66            120.49                              94.57                                -                    
98      1           234.98   178.35   0.86        236.62       176.7        0.89            234.35        176.7         0.89             240.67       178.98       0.64            232.96        178.85        0.37             242.95            189.09            0.76                 233.59             189.22             0.7                   248.51         200.22         0.7               233.21          198.32          0.48               254.2          209.83         0.75              220.69          207.05          0.29               242.19       207.43       0.61            236.24        207.3         0.62             245.35        225.26        0.65             230.55         224.75         0.56              248.64         242.2          0.76              227.39          241.57          0.56               175.94                     127.26                      179.07                    172.59                     167.58                   153.59                    28.93                         10.74                          151.07                                   169.26                                    63.54            43.69                               241.85                               -                    
99      0           221.56   187.5    0.73        219.02       185.55       0.62            218.83        185.16        0.5              219.81       188.48       0.57            229.77        188.09        0.62             213.94            198.25            0.74                 230.36             199.81             0.75                  204.76         189.85         0.82              222.93          189.65          0.62               209.25         177.53         0.84              215.9           179.68          0.65               216.29       233.04       0.71            228.01        233.04        0.74             204.56        252.77        0.79             228.01         254.53         0.79              203.39         276.42         0.84              230.55          276.03          0.83               112.4                      179.06                      152.13                    173.26                     145.43                   175.96                    136.31                        139.8                          43.69                                    40.2                                      88.73            0.6                                 6.68                                 -                    
99      1           234.97   178.33   0.86        236.61       176.82       0.89            234.46        176.69        0.89             240.52       178.96       0.63            233.07        178.84        0.37             242.92            189.06            0.76                 233.58             189.19             0.7                   248.48         200.04         0.69              232.44          198.28          0.48               254.16         209.76         0.75              220.58          206.86          0.31               242.42       207.49       0.61            236.23        207.24        0.62             245.32        225.17        0.66             230.55         224.66         0.57              248.6          242.08         0.76              227.39          241.32          0.57               176.53                     133.01                      178.35                    172.66                     169.1                    153.59                    28.4                          15.48                          151.6                                    164.52                                    63.37            2.38                                6.64                                 -                    
100     0           220.04   186.6    0.72        218.64       184.59       0.61            217.84        183.99        0.5              219.84       187.8        0.55            229.67        187.2         0.58             213.42            197.03            0.74                 229.67             198.44             0.75                  204.39         188.2          0.82              222.65          188.4           0.64               209.41         175.96         0.85              216.23          178.77          0.7                215.63       232.75       0.71            227.67        232.55        0.73             204.39        253.01        0.8              228.07         254.62         0.81              203.39         276.09         0.85              230.68          276.09          0.85               112.07                     178.7                       153.48                    174.11                     147.46                   175.59                    137.89                        141.64                         42.11                                    38.36                                     89.49            47.44                               29.17                                -                    
100     1           235.27   178.21   0.88        237.03       176.83       0.9             234.77        176.7         0.9              240.81       178.97       0.66            233.51        178.72        0.38             243.2             189.29            0.76                 233.64             189.41             0.7                   248.74         200.61         0.69              233.38          198.98          0.47               254.4          210.18         0.76              219.79          207.91          0.33               242.82       207.91       0.61            236.15        207.66        0.63             245.46        225.03        0.67             230.24         224.15         0.59              248.74         242.27         0.77              227.47          241.39          0.59               175.42                     124.83                      178.03                    169.39                     170.06                   152.41                    27.21                         9.36                           152.79                                   170.64                                    63.61            14.41                               39.44                                -                    
101     0           218.8    185.95   0.73        218.19       183.7        0.63            217.57        183.29        0.5              220.02       187.17       0.57            228.81        186.35        0.58             212.87            195.96            0.76                 229.22             197.39             0.78                  204.5          186.76         0.84              222.27          186.97          0.67               209.81         174.71         0.88              216.14          176.96          0.76               215.33       232.32       0.73            226.97        232.11        0.76             204.5         252.95        0.82             227.79         254.18         0.82              203.48         276.24         0.87              230.85          276.24          0.86               113.88                     177.79                      154.82                    174.21                     148.45                   174.18                    141.52                        142.61                         38.48                                    37.39                                     90.29            39.61                               54.7                                 -                    
101     1           235.47   178.26   0.89        237.24       177.0        0.93            234.97        176.75        0.92             241.15       179.27       0.64            261.83        178.76        0.34             243.67            189.61            0.77                 233.46             189.36             0.7                   249.22         200.71         0.72              235.98          199.45          0.42               254.52         210.29         0.75              217.44          182.29          0.35               243.29       208.65       0.64            236.23        208.27        0.65             245.56        224.92        0.67             230.05         224.29         0.62              248.84         242.32         0.77              226.9           241.94          0.63               177.64                     33.19                       177.27                    169.03                     170.92                   150.56                    27.7                          5.69                           152.3                                    174.31                                    63.87            4.88                                773.91                               -                    
102     0           218.33   184.38   0.76        218.33       181.88       0.68            217.91        181.68        0.54             219.57       184.79       0.57            227.67        184.58        0.56             211.68            194.35            0.79                 228.5              195.8              0.79                  204.2          183.96         0.86              221.86          184.38          0.7                209.81         171.71         0.88              216.66          174.2           0.8                214.17       231.32       0.75            225.8         231.11        0.77             204.62        252.71        0.83             227.67         253.33         0.83              203.37         275.97         0.88              231.2           275.76          0.87               119.66                     176.84                      159.0                     175.86                     152.08                   170.82                    148.1                         145.44                         31.9                                     34.56                                     91.49            90.36                               84.45                                -                    
102     1           235.81   178.75   0.91        237.57       177.62       0.93            235.18        177.36        0.93             241.48       180.01       0.62            261.89        179.25        0.34             244.25            190.09            0.78                 233.66             189.71             0.72                  249.67         201.31         0.74              236.44          200.18          0.47               255.09         210.76         0.75              218.04          208.87          0.3                244.12       209.63       0.64            236.18        209.5         0.65             245.89        225.63        0.69             230.51         225.0          0.67              249.16         242.9          0.81              227.61          242.9           0.66               175.96                     100.45                      175.54                    169.11                     173.34                   152.65                    26.16                         7.59                           153.84                                   172.41                                    64.15            22.3                                799.74                               -                    
103     0           218.3    184.36   0.76        218.3        181.87       0.68            218.3         181.66        0.55             219.76       184.99       0.57            227.65        184.78        0.56             211.66            194.33            0.79                 228.48             195.79             0.79                  204.18         184.16         0.86              221.63          184.36          0.7                209.79         171.69         0.88              216.64          174.18          0.8                214.15       231.31       0.75            225.78        231.1         0.77             204.8         252.71        0.83             227.65         253.54         0.83              203.35         275.97         0.88              231.18          275.76          0.87               119.47                     175.13                      159.98                    175.74                     152.54                   170.86                    147.55                        144.66                         32.45                                    35.34                                     91.5             0.86                                0.83                                 -                    
103     1           235.83   178.75   0.9         237.47       177.61       0.93            235.2         177.36        0.93             241.5        180.01       0.62            261.92        179.25        0.34             244.28            190.09            0.78                 233.69             189.71             0.72                  249.7          201.3          0.74              236.34          200.17          0.47               255.11         210.75         0.75              218.07          208.86          0.3                244.15       209.62       0.65            236.21        209.49        0.65             245.79        225.5         0.68             230.67         224.99         0.67              249.19         242.89         0.81              227.52          242.89          0.66               175.96                     101.25                      174.82                    170.3                      173.74                   153.06                    26.16                         6.94                           153.84                                   173.06                                    64.14            0.82                                0.92                                 -                    
104     0           218.05   182.18   0.79        217.63       179.63       0.7             217.42        179.63        0.59             219.33       182.6        0.56            227.6         182.82        0.56             210.84            192.16            0.81                 228.03             193.64             0.8                   203.83         180.91         0.87              221.66          182.18          0.73               209.99         168.81         0.89              216.78          171.99          0.84               213.38       229.93       0.76            225.06        229.72        0.78             205.32        252.86        0.83             227.6          252.86         0.84              203.2          275.14         0.88              231.42          274.72          0.87               121.13                     176.55                      166.06                    176.37                     156.76                   169.01                    151.95                        146.24                         28.05                                    33.76                                     92.75            86.94                               66.07                                -                    
104     1           236.33   179.48   0.9         238.09       178.35       0.93            235.82        178.1         0.93             241.99       180.61       0.68            261.89        179.73        0.38             244.76            190.69            0.78                 234.06             190.18             0.75                  250.18         202.02         0.76              237.71          200.64          0.51               255.47         211.34         0.75              239.73          186.15          0.32               244.13       209.95       0.66            236.2         209.58        0.68             246.02        225.57        0.68             231.67         225.06         0.69              249.42         243.7          0.82              228.14          243.32          0.71               175.96                     27.18                       176.28                    174.62                     171.23                   157.39                    27.41                         12.96                          152.59                                   167.04                                    64.03            20.54                               944.12                               -                    
105     0           217.87   182.16   0.79        217.66       179.61       0.69            217.45        179.61        0.58             219.36       182.58       0.56            227.42        182.79        0.56             210.87            192.13            0.81                 228.05             193.62             0.8                   203.87         180.88         0.87              221.69          182.16          0.72               210.02         168.79         0.89              216.81          171.97          0.84               213.41       229.9        0.76            225.08        229.48        0.78             205.35        252.82        0.83             227.63         252.82         0.84              203.23         275.1          0.88              231.45          274.67          0.87               121.13                     176.55                      166.06                    176.31                     156.76                   169.04                    151.95                        146.21                         28.05                                    33.79                                     92.73            1.11                                1.08                                 -                    
105     1           236.41   179.52   0.9         238.18       178.38       0.93            235.91        178.13        0.93             241.95       180.65       0.66            280.34        179.77        0.37             244.72            190.72            0.78                 234.15             190.09             0.75                  250.13         202.05         0.76              237.67          200.54          0.52               255.42         211.36         0.75              240.19          209.6           0.32               244.09       209.85       0.66            236.04        209.6         0.68             246.1         225.58        0.68             231.63         225.08         0.7               249.38         243.71         0.83              228.11          243.33          0.71               175.96                     176.88                      177.06                    175.05                     170.82                   158.59                    27.42                         13.11                          152.58                                   166.89                                    64.0             1.58                                705.42                               -                    
106     0           217.6    181.25   0.81        217.39       179.11       0.74            217.39        178.68        0.62             219.32       181.46       0.57            227.65        182.1         0.59             210.55            191.3             0.82                 227.87             193.01             0.81                  203.49         179.75         0.87              221.45          181.25          0.72               209.91         167.78         0.89              216.96          170.98          0.83               213.12       229.35       0.76            224.66        229.14        0.78             205.63        253.09        0.83             227.65         252.66         0.84              203.07         274.89         0.88              231.72          274.47          0.86               120.39                     175.02                      169.21                    176.7                      158.64                   167.67                    152.43                        146.32                         27.57                                    33.68                                     93.43            30.63                               30.08                                -                    
106     1           236.69   180.09   0.9         238.56       178.84       0.93            236.19        178.59        0.93             242.19       181.09       0.68            280.32        179.97        0.39             245.07            190.97            0.78                 234.06             190.34             0.76                  250.32         202.22         0.75              238.19          201.1           0.53               255.57         211.6          0.74              240.07          184.84          0.33               244.44       210.1        0.65            236.44        209.72        0.67             246.07        225.48        0.65             231.94         225.1          0.68              249.44         244.1          0.8               228.31          243.73          0.7                175.77                     27.57                       175.76                    174.7                      172.1                    156.7                     26.89                         14.0                           153.11                                   166.0                                     63.83            8.43                                744.78                               -                    
107     0           217.31   180.12   0.81        217.31       177.97       0.74            217.53        177.54        0.64             218.6        180.55       0.56            226.98        181.41        0.57             210.01            190.43            0.81                 227.41             192.15             0.8                   203.56         178.18         0.86              221.61          180.12          0.71               209.79         166.58         0.87              217.31          170.23          0.8                212.37       228.47       0.76            223.97        228.04        0.76             205.93        252.53        0.82             227.41         251.67         0.82              203.13         274.45         0.88              231.71          273.59          0.86               124.0                      177.76                      172.27                    177.18                     161.45                   166.25                    155.8                         148.79                         24.2                                     31.21                                     93.9             36.17                               24.93                                -                    
107     1           236.67   180.49   0.9         238.55       179.24       0.93            236.3         178.99        0.93             242.17       181.37       0.63            280.15        180.37        0.37             245.42            191.36            0.77                 234.3              190.61             0.77                  250.66         202.6          0.77              238.3           201.36          0.56               255.91         211.97         0.76              239.55          210.35          0.34               244.67       210.48       0.66            236.55        210.23        0.69             246.54        226.22        0.66             232.3          225.84         0.7               249.66         244.58         0.81              228.8           244.45          0.72               175.77                     167.5                       177.14                    175.43                     170.97                   158.24                    27.26                         13.87                          152.74                                   166.13                                    64.02            15.3                                767.54                               -                    
108     0           217.22   178.96   0.8         216.58       176.82       0.73            217.86        176.39        0.62             216.58       178.96       0.52            226.44        180.25        0.53             209.28            188.83            0.82                 226.87             190.97             0.82                  203.06         175.96         0.88              221.94          178.53          0.73               209.5          164.16         0.88              217.01          167.81          0.8                211.43       226.8        0.78            222.8         226.37        0.77             206.92        251.47        0.81             227.52         250.61         0.82              203.06         273.35         0.87              232.02          273.35          0.86               125.59                     176.93                      179.66                    179.81                     166.42                   162.41                    157.44                        151.8                          22.56                                    28.2                                      94.39            73.36                               73.59                                -                    
108     1           237.09   180.99   0.88        238.98       179.6        0.92            236.71        179.35        0.91             242.75       181.74       0.49            273.73        180.74        0.3              246.15            192.19            0.76                 234.82             191.19             0.76                  251.32         203.65         0.77              238.35          202.01          0.57               256.35         212.84         0.76              237.59          211.2           0.36               245.02       211.58       0.66            236.71        211.33        0.68             246.91        227.32        0.67             232.43         227.19         0.71              249.93         245.32         0.82              229.16          245.45          0.74               175.53                     157.27                      177.32                    175.06                     169.81                   159.54                    27.6                          12.68                          152.4                                    167.32                                    64.4             29.28                               64.12                                landing              
109     0           217.24   179.08   0.81        216.38       176.72       0.73            217.88        176.29        0.62             216.38       178.87       0.52            226.46        180.37        0.51             209.09            188.94            0.82                 226.67             191.08             0.83                  203.09         175.87         0.88              221.95          178.44          0.74               209.31         164.08         0.88              217.24          167.93          0.8                211.45       226.67       0.78            222.81        226.24        0.77             206.95        251.32        0.81             227.53         250.68         0.82              202.88         273.4          0.87              232.24          273.61          0.86               127.54                     176.27                      179.9                     179.3                      166.07                   162.81                    158.92                        153.29                         21.08                                    26.71                                     94.42            6.25                                8.0                                  -                    
109     1           237.09   181.06   0.88        238.98       179.68       0.92            236.72        179.43        0.91             242.62       181.94       0.52            273.76        180.93        0.32             246.14            192.11            0.76                 234.83             191.35             0.76                  251.16         203.53         0.77              238.22          201.9           0.57               256.43         212.83         0.76              239.23          211.19          0.36               245.01       211.45       0.66            236.72        210.94        0.69             246.89        227.27        0.67             232.45         227.02         0.71              249.9          245.35         0.82              229.31          245.35          0.74               174.15                     168.35                      177.33                    174.84                     169.87                   159.63                    27.07                         12.33                          152.93                                   167.67                                    64.29            2.42                                49.23                                -                    
110     0           216.79   178.37   0.8         215.73       175.82       0.7             218.27        175.82        0.58             215.73       177.94       0.52            226.11        179.85        0.51             208.73            187.9             0.83                 226.32             190.23             0.84                  203.01         174.55         0.9               221.87          177.1           0.75               208.94         162.9          0.88              217.0           166.5           0.81               211.28       225.63       0.8             222.3         225.2         0.79             207.25        250.63        0.81             227.17         249.79         0.83              203.01         273.1          0.87              232.04          272.89          0.87               129.82                     174.01                      178.46                    179.3                      167.0                    162.22                    160.66                        154.72                         19.34                                    25.28                                     94.63            37.13                               43.79                                -                    
110     1           237.4    181.48   0.9         239.3        179.97       0.93            237.02        179.71        0.92             242.96       182.24       0.52            274.07        180.85        0.32             246.25            192.49            0.77                 235.12             191.6              0.78                  251.18         203.87         0.77              238.66          201.97          0.63               256.49         213.22         0.78              239.42          211.2           0.4                245.24       211.45       0.68            236.89        211.2         0.71             246.88        227.13        0.69             232.85         227.01         0.73              250.04         245.6          0.83              230.06          244.97          0.76               173.85                     165.85                      176.27                    174.45                     170.96                   160.48                    26.48                         13.69                          153.52                                   166.31                                    63.8             12.12                               5.79                                 -                    
111     0           216.14   177.15   0.79        215.51       174.85       0.73            217.6         175.06        0.62             215.51       176.52       0.55            225.54        178.4         0.57             207.78            185.93            0.84                 225.96             188.85             0.85                  202.77         172.97         0.9               221.78          175.9           0.76               207.78         161.69         0.9               217.19          165.87          0.82               210.29       223.75       0.8             221.36        223.33        0.78             207.36        248.61        0.82             226.38         247.57         0.84              203.6          272.44         0.87              231.81          271.6           0.87               134.88                     173.26                      177.74                    178.95                     169.5                    160.72                    162.63                        154.53                         17.37                                    25.47                                     94.87            50.48                               19.87                                -                    
111     1           237.72   182.27   0.9         239.72       180.77       0.94            237.35        180.52        0.92             243.35       183.15       0.51            274.11        181.77        0.31             246.35            193.4             0.78                 235.47             192.53             0.78                  251.23         204.4          0.76              238.97          202.65          0.66               256.73         214.03         0.77              243.35          212.03          0.41               245.85       212.41       0.68            237.35        212.03        0.71             247.23        227.41        0.69             233.35         227.28         0.74              250.23         246.54         0.83              231.35          246.16          0.79               174.16                     174.05                      176.32                    171.35                     173.26                   159.81                    25.41                         13.58                          154.59                                   166.42                                    64.08            25.25                               120.77                               -                    
112     0           216.43   177.4    0.8         215.6        174.92       0.72            217.46        175.12        0.61             215.6        176.36       0.6             225.53        178.64        0.62             207.73            186.09            0.84                 225.95             188.99             0.84                  202.56         173.05         0.9               221.39          176.36          0.76               207.53         161.88         0.9               217.25          166.43          0.82               210.22       223.97       0.81            221.39        223.76        0.79             207.53        248.81        0.82             226.36         247.77         0.84              203.59         272.4          0.87              231.74          271.78          0.87               134.39                     177.21                      176.72                    179.06                     170.07                   160.85                    162.11                        152.71                         17.89                                    27.29                                     94.69            9.59                                17.09                                -                    
112     1           237.58   182.34   0.9         239.71       180.96       0.94            237.33        180.71        0.92             243.35       183.09       0.51            274.2         181.84        0.31             246.36            193.38            0.78                 235.58             192.5              0.77                  251.38         204.54         0.76              239.09          202.65          0.65               256.77         214.07         0.77              243.35          212.18          0.41               245.73       212.31       0.68            237.33        211.81        0.7              247.24        227.23        0.67             233.32         227.11         0.72              250.25         246.54         0.83              231.31          246.16          0.79               174.7                      174.97                      176.9                     171.31                     172.35                   160.11                    26.1                          13.87                          153.9                                    166.13                                    64.01            1.59                                4.63                                 -                    
113     0           238.03   183.2    0.89        239.92       181.69       0.94            237.52        181.56        0.92             243.7        183.83       0.46            274.6         216.24        0.3              246.73            194.17            0.78                 236.01             193.04             0.76                  251.4          205.15         0.75              239.54          202.88          0.62               256.57         214.73         0.76              243.58          212.46          0.4                245.85       213.47       0.66            237.52        212.97        0.69             247.36        228.48        0.68             233.49         228.1          0.74              250.26         247.27         0.83              232.35          246.77          0.78               174.69                     176.91                      176.98                    168.55                     171.62                   160.73                    25.66                         15.4                           154.34                                   164.6                                     63.82            2169.12                             1595.23                              -                    
113     1           216.19   175.71   0.82        215.13       173.8        0.71            217.25        174.65        0.61             215.13       175.28       0.61            225.75        178.05        0.65             207.48            184.85            0.84                 225.54             188.04             0.84                  202.59         171.46         0.87              222.78          175.71          0.76               206.63         161.04         0.9               217.25          165.51          0.83               209.18       222.89       0.83            220.23        222.26        0.79             207.48        248.19        0.84             225.75         246.06         0.84              204.5          271.57         0.85              231.49          270.29          0.86               138.75                     164.19                      176.59                    179.74                     173.59                   158.1                     162.5                         158.54                         17.5                                     21.46                                     95.22            2195.4                              1608.83                              -                    
114     0           237.88   183.09   0.91        239.89       181.7        0.95            237.62        181.45        0.93             243.68       183.97       0.47            274.58        216.27        0.3              246.71            194.19            0.78                 235.86             193.18             0.77                  251.37         205.29         0.75              239.52          203.15          0.63               256.54         214.75         0.76              243.68          212.61          0.41               245.95       213.49       0.67            237.62        212.99        0.69             247.34        228.37        0.68             233.46         228.12         0.75              250.24         247.42         0.84              232.33          246.66          0.79               174.14                     176.41                      176.67                    168.13                     172.43                   159.53                    25.05                         15.06                          154.95                                   164.94                                    63.95            0.97                                5.37                                 -                    
114     1           215.95   175.83   0.83        215.1        173.7        0.73            216.59        174.13        0.65             215.31       175.4        0.6             225.72        177.95        0.63             207.46            184.74            0.84                 225.29             188.14             0.83                  202.36         171.16         0.88              222.32          175.61          0.75               206.61         160.54         0.9               217.22          165.42          0.83               208.94       223.16       0.84            220.2         222.53        0.79             207.46        248.43        0.85             225.72         246.3          0.84              204.49         271.57         0.85              231.45          270.5           0.86               137.64                     166.78                      176.05                    179.74                     174.42                   158.5                     161.66                        158.22                         18.34                                    21.78                                     95.21            15.11                               2.64                                 -                    
115     0           238.13   183.39   0.91        240.03       182.12       0.96            237.75        181.74        0.94             243.58       184.27       0.51            274.66        183.0         0.28             247.13            194.55            0.78                 235.97             193.41             0.77                  251.45         205.71         0.75              239.65          203.55          0.64               256.39         215.35         0.76              243.58          212.94          0.41               245.86       214.46       0.66            237.49        213.7         0.68             247.51        229.18        0.67             233.31         228.67         0.74              250.18         247.82         0.83              232.93          247.44          0.79               173.96                     177.2                       178.26                    165.54                     169.96                   160.09                    24.77                         15.64                          155.23                                   164.36                                    64.25            18.57                               10.43                                -                    
115     1           215.85   175.54   0.86        214.97       173.13       0.6             216.28        174.45        0.56             215.19       176.41       0.5             226.99        178.38        0.62             207.54            184.06            0.86                 225.24             187.33             0.84                  202.52         169.86         0.87              222.18          174.66          0.78               206.89         158.28         0.92              216.5           164.62          0.87               208.42       222.28       0.87            219.34        221.63        0.82             207.33        247.84        0.86             225.46         245.44         0.85              204.92         271.0          0.85              231.57          270.56          0.86               139.84                     164.09                      176.52                    179.28                     176.24                   155.84                    161.82                        156.67                         18.18                                    23.33                                     95.24            68.51                               32.6                                 -                    
116     0           238.4    184.24   0.9         240.31       182.84       0.95            237.89        182.58        0.94             244.0        185.13       0.48            274.9         183.98        0.26             247.43            195.56            0.79                 236.24             194.29             0.78                  251.63         206.37         0.76              239.67          204.33          0.63               256.59         216.29         0.77              238.4           214.13          0.42               246.03       215.53       0.66            237.38        214.76        0.69             247.56        230.15        0.68             233.69         229.52         0.75              250.23         248.72         0.84              233.57          248.21          0.82               174.65                     153.73                      177.77                    166.35                     170.04                   162.76                    25.23                         15.67                          154.77                                   164.33                                    64.23            28.84                               159.92                               -                    
116     1           215.6    174.99   0.86        214.27       172.35       0.54            216.04        174.11        0.55             214.27       176.31       0.48            226.62        178.08        0.62             206.78            182.92            0.86                 223.97             186.45             0.84                  202.15         167.72         0.87              222.65          173.23          0.78               206.56         155.82         0.92              216.92          163.75          0.84               207.44       221.05       0.86            218.46        220.61        0.82             206.78        246.39        0.85             224.63         243.97         0.83              206.34         269.31         0.86              231.02          268.43          0.85               142.75                     154.55                      179.61                    179.85                     177.51                   156.04                    164.07                        165.13                         15.93                                    14.87                                     93.88            74.74                               28.87                                -                    
117     0           238.18   184.3    0.91        240.2        182.91       0.96            237.81        182.66        0.95             243.97       185.3        0.45            274.52        217.61        0.26             247.36            195.49            0.79                 236.42             194.23             0.77                  251.51         206.55         0.75              239.82          204.16          0.63               256.67         216.36         0.77              238.56          213.72          0.42               246.11       215.22       0.66            237.56        214.47        0.69             247.49        229.68        0.68             233.66         229.43         0.76              250.25         248.67         0.84              233.66          248.04          0.81               172.83                     153.64                      177.17                    165.4                      170.89                   162.2                     24.2                          15.67                          155.8                                    164.33                                    64.06            3.12                                13.29                                -                    
117     1           215.37   175.09   0.87        214.26       172.44       0.54            216.03        174.21        0.55             214.26       176.42       0.49            226.66        178.19        0.62             206.73            182.84            0.87                 224.01             186.39             0.85                  202.08         167.56         0.88              222.23          173.32          0.78               206.51         155.6          0.93              216.92          164.02          0.84               207.4        221.16       0.86            218.47        220.72        0.83             206.73        246.41        0.86             224.45         243.97         0.84              206.29         269.44         0.87              231.09          268.56          0.86               142.75                     157.98                      179.59                    179.3                      177.5                    156.42                    164.07                        163.12                         15.93                                    16.88                                     93.91            6.68                                8.03                                 -                    
118     0           238.33   185.16   0.92        240.25       183.63       0.96            237.94        183.24        0.95             244.1        185.81       0.42            274.86        228.24        0.25             247.69            196.45            0.79                 236.66             194.91             0.79                  251.53         207.47         0.76              240.12          204.78          0.64               256.53         217.21         0.8               239.87          214.13          0.45               246.15       216.31       0.68            237.56        215.54        0.71             247.56        230.8         0.71             233.71         230.29         0.78              250.25         249.51         0.85              234.23          248.62          0.84               172.07                     159.11                      177.37                    163.78                     170.01                   162.89                    23.66                         16.83                          156.34                                   163.17                                    63.9             26.04                               41.22                                -                    
118     1           214.6    174.19   0.84        214.15       171.92       0.77            216.19        172.37        0.72             214.83       175.32       0.57            225.47        176.68        0.63             205.99            182.34            0.85                 223.43             186.19             0.82                  201.69         167.39         0.85              222.3           172.15          0.74               205.09         154.48         0.89              216.41          163.31          0.79               206.67       220.62       0.84            217.54        219.94        0.79             205.77        244.86        0.83             224.11         242.59         0.81              207.58         268.19         0.84              231.13          266.83          0.82               149.2                      150.92                      173.42                    179.98                     176.84                   153.93                    164.96                        165.49                         15.04                                    14.51                                     93.32            54.5                                26.1                                 -                    
119     0           238.32   185.14   0.91        240.24       183.73       0.95            237.93        183.35        0.94             244.2        185.91       0.42            274.91        228.26        0.26             247.66            196.53            0.79                 236.65             194.99             0.78                  251.5          207.4          0.76              240.11          204.72          0.64               256.62         217.26         0.79              239.85          214.06          0.45               246.12       216.36       0.67            237.55        215.59        0.71             247.53        230.69        0.7              233.84         230.31         0.78              250.35         249.5          0.85              234.22          248.73          0.83               171.99                     158.87                      177.1                     164.65                     169.96                   163.36                    23.87                         17.07                          156.13                                   162.93                                    63.98            2.89                                2.39                                 -                    
119     1           214.57   174.34   0.83        214.11       171.85       0.78            216.38        172.3         0.72             214.79       175.25       0.58            225.23        176.61        0.63             205.95            182.28            0.84                 223.41             186.36             0.82                  201.64         167.31         0.84              222.5           172.3           0.73               205.27         154.38         0.89              216.61          163.46          0.78               206.63       220.61       0.84            217.74        219.93        0.79             205.72        244.87        0.83             224.09         242.6          0.81              207.54         268.01         0.84              231.12          266.64          0.82               148.26                     150.0                       173.37                    179.34                     176.84                   154.77                    164.96                        166.72                         15.04                                    13.28                                     92.98            6.21                                7.26                                 -                    
120     0           238.44   185.35   0.92        240.48       183.81       0.95            238.05        183.43        0.94             244.32       186.11       0.41            274.77        228.46        0.24             247.78            196.99            0.8                  236.65             195.07             0.79                  251.61         207.86         0.76              240.23          204.92          0.64               256.6          217.71         0.79              239.97          214.26          0.46               246.24       216.69       0.68            237.67        215.92        0.72             247.65        231.14        0.71             233.7          230.76         0.78              250.21         249.82         0.85              234.47          248.92          0.83               172.58                     158.45                      177.76                    162.62                     169.98                   162.23                    23.9                          17.17                          156.1                                    162.83                                    64.03            13.74                               7.04                                 -                    
120     1           213.77   173.65   0.83        213.77       170.95       0.76            216.48        171.62        0.71             214.22       175.0        0.52            223.91        176.13        0.58             205.44            181.99            0.84                 223.01             185.82             0.81                  201.61         166.89         0.83              223.46          171.85          0.73               204.76         153.6          0.88              217.15          163.51          0.76               206.34       220.07       0.83            217.38        219.39        0.78             205.21        244.18        0.82             223.69         241.47         0.8               207.91         267.38         0.84              231.12          264.91          0.83               152.41                     141.04                      170.68                    178.34                     175.97                   154.53                    167.12                        172.32                         12.88                                    7.68                                      92.49            28.12                               16.47                                -                    
121     0           238.72   186.07   0.9         240.77       184.67       0.93            238.34        184.28        0.93             244.61       186.71       0.45            274.96        229.09        0.23             248.07            197.73            0.79                 236.93             195.81             0.78                  251.66         208.99         0.76              240.39          205.54          0.62               256.39         218.72         0.79              240.13          215.01          0.45               246.41       217.44       0.66            237.96        216.67        0.7              247.69        231.91        0.72             233.86         231.14         0.8               250.25         250.48         0.84              235.4           249.32          0.83               171.69                     158.89                      177.2                     159.36                     170.12                   161.38                    22.48                         16.75                          157.52                                   163.25                                    63.82            31.08                               23.15                                -                    
121     1           213.0    171.91   0.84        213.23       169.63       0.8             215.27        170.09        0.76             213.68       173.73       0.56            223.02        175.1         0.61             204.57            181.25            0.85                 222.11             185.12             0.8                   200.47         166.22         0.82              223.93          171.91          0.72               202.98         151.64         0.88              217.55          163.48          0.76               205.26       218.37       0.84            216.19        217.45        0.79             204.12        241.82        0.84             222.33         239.54         0.82              208.44         265.05         0.85              230.76          261.4           0.83               154.99                     135.03                      166.67                    174.48                     176.17                   154.07                    165.8                         177.48                         14.2                                     2.52                                      91.32            79.64                               12.05                                -                    
122     0           238.8    186.05   0.9         240.71       184.65       0.93            238.29        184.26        0.93             244.54       186.69       0.49            274.79        185.67        0.23             248.11            197.67            0.79                 236.75             195.75             0.78                  251.56         208.9          0.76              240.33          205.45          0.62               256.41         218.73         0.79              240.07          215.02          0.45               246.33       217.07       0.66            238.03        216.43        0.7              247.6         231.75        0.71             233.82         231.11         0.79              250.28         250.51         0.84              235.35          249.36          0.83               170.79                     158.25                      176.84                    159.19                     169.77                   160.46                    22.32                         16.69                          157.68                                   163.31                                    63.89            0.55                                1.86                                 -                    
122     1           212.81   172.08   0.85        213.49       169.58       0.8             215.08        170.26        0.76             213.95       173.91       0.57            222.83        175.04        0.61             204.38            181.2             0.85                 222.15             185.3              0.81                  200.5          166.39         0.83              223.74          171.85          0.72               202.78         151.8          0.88              217.59          163.65          0.75               205.29       218.11       0.84            216.22        217.42        0.79             204.15        242.03        0.84             222.38         239.53         0.82              208.48         265.27         0.86              230.81          261.4           0.83               156.46                     136.36                      166.72                    174.48                     175.86                   154.0                     166.76                        176.32                         13.24                                    3.68                                      91.25            7.66                                5.18                                 -                    
123     0           238.89   186.6    0.9         240.94       185.19       0.94            238.51        184.81        0.92             244.66       187.37       0.47            275.02        186.22        0.22             248.37            198.26            0.79                 236.84             196.34             0.79                  251.57         209.79         0.77              240.56          206.34          0.64               256.19         219.28         0.79              239.92          215.56          0.46               246.45       217.61       0.67            238.25        216.71        0.71             247.6         232.47        0.73             233.89         231.7          0.8               250.29         250.92         0.84              236.2           249.51          0.84               169.58                     155.63                      176.14                    156.42                     169.89                   159.84                    21.2                          16.44                          158.8                                    163.56                                    63.62            17.86                               16.8                                 -                    
123     1           212.44   170.94   0.81        212.21       168.42       0.7             214.73        168.19        0.68             211.52       172.31       0.55            221.13        174.14        0.59             203.51            180.1             0.85                 221.13             184.21             0.79                  199.62         164.99         0.82              224.11          173.0           0.7                201.22         149.43         0.87              218.62          163.62          0.7                203.97       216.02       0.84            214.96        215.34        0.79             203.28        240.51        0.84             221.36         237.99         0.82              209.01         263.4          0.85              230.52          258.82          0.83               159.68                     134.8                       164.36                    172.06                     177.66                   152.98                    166.29                        176.37                         13.71                                    3.63                                      90.17            85.4                                30.88                                -                    
124     0           238.92   186.71   0.91        240.97       185.17       0.94            238.41        184.78        0.93             244.69       187.48       0.47            274.97        186.19        0.23             248.41            198.25            0.79                 236.74             196.46             0.8                   251.62         209.8          0.76              240.59          206.72          0.65               256.24         219.42         0.78              239.95          215.83          0.47               246.49       217.63       0.67            238.28        216.73        0.71             247.64        232.51        0.73             233.92         231.74         0.8               250.34         250.86         0.84              236.23          249.45          0.85               169.88                     155.42                      176.08                    156.36                     169.89                   159.45                    21.2                          16.21                          158.8                                    163.79                                    63.44            4.71                                8.2                                  -                    
124     1           212.42   170.97   0.81        211.96       168.45       0.7             214.71        168.22        0.68             211.5        172.58       0.53            221.13        174.64        0.57             203.7             180.14            0.85                 221.36             184.04             0.79                  199.81         165.01         0.81              224.34          172.35          0.72               201.18         149.42         0.87              218.61          163.4           0.71               203.93       216.14       0.84            214.94        215.45        0.79             203.25        240.45        0.84             221.36         237.92         0.82              208.98         263.37         0.85              230.53          258.79          0.83               160.51                     133.04                      164.34                    172.22                     178.01                   152.5                     165.92                        177.25                         14.08                                    2.75                                      90.11            1.32                                6.46                                 -                    
125     0           238.92   187.02   0.9         241.1        185.48       0.93            238.53        185.1         0.92             244.82       187.67       0.6             237.12        186.51        0.29             248.42            198.58            0.79                 236.61             196.78             0.8                   251.5          209.87         0.76              240.46          206.79          0.66               256.12         219.5          0.78              239.95          216.03          0.47               246.49       217.57       0.67            238.28        216.8         0.7              247.65        232.85        0.73             233.91         232.08         0.8               250.34         251.2          0.83              236.48          249.66          0.84               169.61                     155.78                      175.97                    155.75                     169.89                   159.29                    21.04                         16.27                          158.96                                   163.73                                    63.41            4.26                                6.06                                 -                    
125     1           211.93   170.39   0.8         211.24       167.87       0.66            214.0         167.64        0.65             210.55       171.77       0.54            220.65        173.61        0.59             203.44            179.8             0.84                 221.11             183.01             0.78                  199.31         164.43         0.81              224.32          170.85          0.72               200.46         149.05         0.87              219.04          162.82          0.72               203.44       215.14       0.83            214.46        214.68        0.78             202.75        239.46        0.83             221.11         237.39         0.81              209.41         262.41         0.84              230.52          257.82          0.81               160.69                     131.89                      162.21                    171.59                     178.38                   151.81                    164.96                        177.07                         15.04                                    2.93                                      89.72            24.37                               21.89                                -                    
126     0           239.11   187.4    0.9         241.27       186.01       0.94            238.73        185.63        0.92             245.08       188.17       0.56            274.79        187.02        0.26             248.63            199.09            0.8                  236.82             197.31             0.81                  251.55         210.64         0.77              240.63          207.22          0.66               255.75         220.3          0.79              240.13          216.49          0.47               246.73       218.52       0.67            238.47        217.37        0.69             247.87        233.5         0.73             234.28         232.61         0.79              250.54         252.17         0.84              237.33          250.27          0.82               170.71                     155.83                      176.23                    154.83                     170.04                   159.92                    19.78                         16.33                          160.22                                   163.67                                    63.82            26.49                               14.65                                -                    
126     1           211.9    169.46   0.76        210.77       167.43       0.62            213.93        166.76        0.6              210.1        170.81       0.65            220.24        173.07        0.64             202.89            179.15            0.81                 220.46             182.75             0.74                  198.61         163.38         0.77              224.29          175.32          0.69               198.38         147.16         0.81              220.91          164.28          0.69               202.66       213.62       0.81            213.25        213.17        0.76             201.76        237.72        0.81             220.01         235.47         0.78              209.87         259.35         0.8               230.15          255.52          0.79               165.61                     135.72                      157.3                     170.04                     178.23                   149.81                    164.44                        166.08                         15.56                                    13.92                                     87.98            84.55                               71.3                                 -                    
127     0           239.24   187.41   0.9         241.27       186.01       0.94            238.73        185.63        0.92             245.08       188.17       0.56            274.8         187.03        0.26             248.63            199.09            0.8                  236.82             197.32             0.81                  251.55         210.65         0.77              240.63          207.22          0.66               255.75         220.3          0.79              240.12          216.49          0.47               246.73       218.52       0.67            238.47        217.38        0.69             247.87        233.51        0.73             234.28         232.62         0.79              250.54         252.05         0.84              237.33          250.28          0.82               170.71                     155.83                      176.18                    154.83                     170.04                   159.92                    19.78                         16.33                          160.22                                   163.67                                    63.76            0.21                                0.21                                 -                    
127     1           211.9    169.46   0.76        210.99       167.43       0.62            213.92        166.76        0.6              210.09       170.81       0.66            220.23        173.06        0.64             202.89            179.14            0.81                 220.45             182.75             0.74                  198.61         163.38         0.77              224.28          175.31          0.69               198.38         147.16         0.81              220.91          164.28          0.69               202.66       213.61       0.81            213.25        213.16        0.76             201.76        237.71        0.81             220.0          235.45         0.78              209.87         259.33         0.8               230.14          255.5           0.79               165.61                     135.72                      157.3                     170.04                     178.23                   149.81                    164.44                        166.08                         15.56                                    13.92                                     87.96            0.05                                0.21                                 -                    
128     0           239.61   187.73   0.89        241.64       186.33       0.96            239.23        185.95        0.93             245.58       188.49       0.38            274.93        234.61        0.25             248.88            199.67            0.81                 237.07             197.76             0.82                  251.55         211.23         0.77              240.37          206.91          0.64               255.36         221.52         0.79              243.04          216.31          0.45               246.6        219.36       0.67            238.85        217.96        0.71             247.87        234.1         0.72             234.4          232.96         0.8               250.41         252.65         0.85              237.7           250.36          0.84               172.67                     175.99                      177.13                    152.73                     168.45                   158.45                    19.62                         14.82                          160.38                                   165.18                                    63.78            38.46                               87.82                                -                    
128     1           210.3    168.48   0.8         210.52       166.67       0.74            212.1         166.22        0.68             210.75       169.61       0.71            218.87        171.64        0.72             201.72            177.51            0.83                 219.78             182.02             0.78                  197.44         162.16         0.79              224.74          176.38          0.74               195.86         146.14         0.85              221.81          164.64          0.72               201.72       212.03       0.82            211.88        211.35        0.78             200.37        236.4         0.83             219.1          233.92         0.81              210.3          256.94         0.82              229.93          252.65          0.81               170.02                     124.62                      151.02                    167.7                      176.82                   147.19                    164.39                        153.72                         15.61                                    26.28                                     86.31            81.9                                29.28                                -                    
129     0           239.61   187.74   0.9         241.65       186.34       0.96            239.23        185.96        0.94             245.58       188.5        0.36            274.56        234.62        0.25             248.89            199.55            0.81                 237.07             197.77             0.82                  251.56         211.12         0.77              240.38          206.92          0.65               255.37         221.54         0.8               243.04          216.45          0.46               246.6        219.38       0.67            238.85        218.11        0.71             247.87        233.99        0.72             234.4          232.97         0.8               250.41         252.67         0.85              237.71          250.38          0.84               172.9                      175.79                      177.22                    152.6                      168.45                   158.35                    19.58                         14.85                          160.42                                   165.15                                    63.79            0.47                                4.22                                 -                    
129     1           210.3    168.48   0.8         210.53       166.68       0.74            212.11        166.22        0.68             210.75       169.61       0.71            218.88        171.64        0.72             201.72            177.51            0.83                 219.78             182.03             0.78                  197.43         162.16         0.79              224.75          176.38          0.74               195.85         146.13         0.85              221.81          164.64          0.72               201.72       212.05       0.82            211.88        211.37        0.78             200.37        236.21        0.83             219.1          233.95         0.81              210.3          256.98         0.82              229.94          252.69          0.81               170.02                     124.62                      151.23                    167.7                      176.79                   147.19                    164.39                        153.72                         15.61                                    26.28                                     86.35            0.23                                0.17                                 -                    
130     0           239.59   187.96   0.89        241.63       186.56       0.95            239.21        186.18        0.92             245.7        188.59       0.37            274.34        234.8         0.26             248.76            199.92            0.81                 237.05             198.01             0.83                  251.56         211.38         0.77              240.36          207.31          0.66               255.25         221.69         0.8               242.9           216.47          0.47               246.59       219.65       0.67            238.83        218.38        0.71             247.87        234.29        0.72             234.25         233.27         0.79              250.41         252.88         0.84              238.07          250.08          0.84               174.04                     175.92                      177.17                    150.09                     168.77                   157.9                     20.0                          14.6                           160.0                                    165.4                                     63.52            5.86                                4.25                                 -                    
130     1           209.95   168.22   0.79        210.18       166.41       0.72            212.21        166.19        0.66             210.41       169.35       0.71            218.75        171.15        0.74             201.38            177.02            0.84                 219.2              181.75             0.78                  197.1          161.23         0.79              225.07          176.79          0.75               194.84         144.76         0.87              221.91          164.38          0.72               201.16       211.76       0.82            211.53        210.85        0.79             200.03        236.35        0.84             218.75         233.41         0.82              210.63         256.2          0.83              229.81          251.46          0.82               172.61                     115.96                      149.27                    166.26                     177.75                   147.49                    164.44                        145.0                          15.56                                    35.0                                      85.61            51.33                               8.37                                 -                    
131     0           239.85   188.52   0.89        241.65       187.11       0.94            239.33        186.85        0.92             245.89       189.29       0.38            274.57        235.07        0.26             249.11            200.48            0.81                 237.15             198.42             0.83                  251.42         211.92         0.77              240.36          207.55          0.65               255.02         222.34         0.8               242.42          217.2           0.45               246.92       220.15       0.67            238.95        218.74        0.71             247.95        234.81        0.72             234.57         233.66         0.79              250.52         253.46         0.86              238.69          249.73          0.84               172.36                     172.64                      176.16                    149.3                      169.65                   158.6                     17.77                         14.33                          162.23                                   165.67                                    63.07            20.69                               26.2                                 -                    
131     1           210.01   167.8    0.76        210.01       166.25       0.72            213.32        166.47        0.67             209.79       169.12       0.71            217.96        171.11        0.75             200.51            175.97            0.83                 218.62             181.71             0.78                  196.09         160.29         0.78              225.69          177.29          0.78               192.56         144.16         0.88              221.71          165.59          0.75               200.51       209.98       0.82            210.23        209.32        0.8              198.74        234.72        0.86             217.3          231.62         0.83              211.11         253.27         0.83              229.0           247.97          0.83               176.63                     103.25                      142.22                    161.97                     175.91                   145.51                    164.27                        138.91                         15.73                                    41.09                                     82.82            70.89                               36.68                                -                    
132     0           239.76   188.5    0.89        241.56       187.09       0.94            239.25        186.83        0.92             245.8        189.27       0.42            274.56        234.98        0.25             249.14            200.44            0.81                 237.19             198.52             0.83                  251.45         211.87         0.77              240.4           207.76          0.65               255.04         222.27         0.8               240.28          217.52          0.45               246.82       219.96       0.67            238.86        218.55        0.71             247.98        234.85        0.71             234.5          233.57         0.79              250.42         253.34         0.85              238.61          249.62          0.83               172.36                     160.1                       176.92                    149.44                     168.81                   159.03                    18.19                         14.38                          161.81                                   165.62                                    62.98            2.17                                65.19                                -                    
132     1           209.56   167.62   0.77        209.78       166.3        0.74            212.88        166.3         0.67             209.78       169.39       0.73            218.18        171.16        0.76             200.5             176.02            0.84                 218.62             181.99             0.78                  196.07         160.33         0.79              225.7           177.35          0.79               192.54         144.19         0.89              221.72          165.63          0.76               200.5        210.07       0.83            210.22        209.41        0.8              198.95        234.61        0.86             217.52         231.51         0.83              211.33         253.4          0.83              229.24          247.87          0.83               176.63                     104.52                      143.01                    162.65                     176.39                   144.7                     164.27                        140.31                         15.73                                    39.69                                     83.01            1.03                                1.38                                 -                    
133     0           240.05   189.07   0.88        241.98       187.65       0.92            239.53        187.39        0.9              246.1        189.84       0.43            274.57        236.35        0.25             249.32            201.05            0.8                  237.34             199.37             0.82                  251.39         212.39         0.77              240.43          208.78          0.65               254.73         222.82         0.79              240.31          218.18          0.48               246.88       220.63       0.66            238.89        219.34        0.71             248.04        235.45        0.71             234.64         234.16         0.78              250.48         253.61         0.85              239.4           250.13          0.82               172.51                     161.02                      176.8                     147.37                     168.4                    159.56                    17.43                         13.77                          162.57                                   166.23                                    62.8             18.95                               19.96                                -                    
133     1           209.86   168.06   0.71        209.64       166.75       0.71            211.82        166.97        0.64             210.07       168.72       0.65            217.72        170.25        0.68             200.03            175.05            0.77                 217.28             181.6              0.74                  195.23         159.55         0.73              226.45          177.89          0.76               189.99         143.83         0.8               221.65          166.1           0.72               199.81       209.33       0.8             209.2         208.67        0.75             197.85        234.0         0.84             216.41         230.28         0.79              211.38         250.15         0.79              228.19          244.48          0.79               178.78                     89.87                       135.49                    158.72                     175.81                   144.95                    162.42                        128.65                         17.58                                    51.35                                     79.25            77.44                               14.15                                -                    
134     0           240.0    189.09   0.88        241.94       187.67       0.92            239.49        187.41        0.9              246.05       189.73       0.42            274.49        236.44        0.25             249.14            201.05            0.8                  237.43             199.38             0.82                  251.33         212.38         0.77              240.52          208.78          0.65               254.67         222.67         0.79              240.65          218.17          0.48               246.83       220.61       0.67            238.98        219.46        0.71             248.11        235.28        0.71             234.6          234.25         0.79              250.56         253.56         0.85              239.49          250.21          0.82               172.93                     162.59                      177.39                    146.49                     168.23                   159.13                    17.69                         13.8                           162.31                                   166.2                                     62.8             4.79                                10.3                                 -                    
134     1           209.24   167.64   0.72        209.24       166.33       0.72            211.85        166.77        0.65             210.33       168.73       0.67            217.74        170.47        0.7              200.08            175.05            0.79                 217.52             181.59             0.75                  195.06         159.57         0.74              226.46          177.89          0.78               190.05         143.87         0.82              221.66          166.11          0.74               199.64       209.06       0.8             209.02        208.63        0.76             197.9         233.92        0.85             216.43         230.21         0.79              211.42         250.27         0.8               228.21          244.6           0.8                179.77                     90.35                       136.41                    159.66                     176.72                   143.59                    161.32                        129.98                         18.68                                    50.02                                     79.8             2.26                                0.72                                 -                    
135     0           240.06   189.39   0.88        241.86       187.84       0.92            239.54        187.58        0.91             246.12       189.91       0.42            274.53        236.64        0.26             249.22            201.27            0.8                  237.48             199.59             0.81                  251.29         212.63         0.77              240.57          209.14          0.65               254.39         223.08         0.79              241.35          218.44          0.49               246.9        220.89       0.66            239.02        219.6         0.7              248.06        235.61        0.71             234.64         234.44         0.78              250.64         253.81         0.85              239.93          250.71          0.81               173.8                      166.79                      176.44                    145.5                      168.73                   159.1                     17.06                         13.54                          162.94                                   166.46                                    62.87            15.08                               22.54                                -                    
135     1           210.42   168.33   0.68        209.77       166.81       0.69            211.5         167.03        0.64             210.2        168.76       0.65            217.56        170.49        0.68             199.61            175.03            0.75                 216.91             181.3              0.72                  194.42         158.81         0.72              226.42          178.05          0.75               189.02         143.68         0.78              221.45          165.73          0.73               199.18       208.54       0.79            208.48        207.89        0.73             197.45        233.62        0.84             216.04         229.73         0.78              211.5          248.54         0.78              227.93          242.91          0.78               178.09                     86.85                       132.76                    157.07                     176.79                   143.29                    161.52                        126.42                         18.48                                    53.58                                     77.4             31.59                               13.18                                -                    
136     0           240.17   189.55   0.88        241.97       188.14       0.92            239.66        187.88        0.91             246.22       190.32       0.47            274.78        236.77        0.25             249.31            201.52            0.8                  237.6              199.71             0.8                   251.37         212.97         0.74              240.56          209.49          0.64               254.2          223.39         0.75              240.3           218.63          0.47               247.12       220.56       0.65            239.14        219.27        0.69             248.15        235.61        0.69             234.77         234.32         0.76              250.59         254.01         0.85              240.17          250.79          0.79               175.0                      161.55                      176.34                    145.63                     169.54                   159.28                    16.74                         12.32                          163.26                                   167.68                                    62.85            10.78                               32.02                                -                    
136     1           210.49   168.49   0.69        209.23       167.01       0.63            213.02        167.85        0.61             208.6        168.7        0.66            216.81        170.38        0.69             199.11            174.38            0.77                 216.18             181.55             0.72                  193.22         158.16         0.73              226.93          177.97          0.76               187.74         143.62         0.78              221.45          165.54          0.73               198.9        208.1        0.78            208.39        207.67        0.74             196.8         232.96        0.82             215.55         229.37         0.78              211.55         246.86         0.79              227.35          241.17          0.78               179.34                     84.65                       128.47                    153.27                     175.51                   145.12                    159.66                        125.05                         20.34                                    54.95                                     75.53            38.53                               5.88                                 -                    
137     0           212.76   169.34   0.63        210.11       166.9        0.57            212.76        167.92        0.59             207.88       167.72       0.59            216.01        169.55        0.63             198.52            174.02            0.7                  215.4              180.94             0.68                  191.81         157.75         0.68              227.0           178.09          0.7                185.3          143.92         0.7               220.89          165.07          0.7                198.52       207.78       0.76            207.47        206.97        0.69             195.88        232.39        0.76             215.2          228.73         0.74              211.34         243.78         0.76              226.79          238.29          0.76               177.22                     78.68                       120.25                    149.06                     173.87                   143.5                     157.58                        120.74                         22.42                                    59.26                                     71.69            3163.93                             1713.57                              -                    
137     1           240.5    190.14   0.88        242.42       188.61       0.91            239.99        188.48        0.9              246.5        190.91       0.57            274.46        190.4         0.28             249.31            202.14            0.8                  237.69             200.61             0.81                  251.1          213.88         0.75              240.5           210.44          0.65               253.52         224.22         0.76              239.86          219.5           0.47               247.01       221.42       0.66            239.1         220.14        0.7              248.16        236.6         0.69             234.88         235.33         0.76              250.59         254.99         0.85              240.88          250.77          0.77               175.45                     160.03                      176.81                    143.27                     168.88                   160.39                    15.45                         11.83                          164.55                                   168.17                                    62.74            3129.81                             1715.37                              -                    
138     0           240.51   190.14   0.88        242.42       188.61       0.91            240.0         188.48        0.9              246.51       190.91       0.57            274.46        190.4         0.27             249.31            202.14            0.8                  237.7              200.61             0.81                  251.1          213.89         0.75              240.51          210.44          0.64               253.53         224.23         0.76              239.87          219.51          0.47               247.02       221.42       0.66            239.1         220.14        0.7              248.17        236.61        0.69             234.89         235.34         0.76              250.59         255.0          0.85              240.89          250.78          0.77               175.45                     160.03                      176.81                    143.27                     168.88                   160.39                    15.45                         11.83                          164.55                                   168.17                                    62.75            3170.08                             1734.15                              -                    
138     1           212.77   169.31   0.63        209.93       166.88       0.57            212.77        167.89        0.59             207.9        167.69       0.59            216.23        169.52        0.63             198.56            173.98            0.71                 215.41             180.89             0.68                  191.86         157.74         0.68              226.99          178.05          0.7                185.36         143.93         0.71              220.9           165.05          0.7                198.56       207.7        0.76            207.49        207.09        0.7              195.92        232.48        0.76             215.21         228.62         0.74              211.35         243.85         0.76              226.79          238.36          0.76               177.22                     78.68                       120.3                     149.82                     173.92                   143.46                    157.58                        120.62                         22.42                                    59.38                                     71.79            3168.61                             1734.61                              -                    
139     0           240.34   190.34   0.88        242.26       188.94       0.91            239.96        188.68        0.91             246.34       191.36       0.56            274.55        190.72        0.28             249.28            202.46            0.79                 237.79             200.8              0.8                   251.06         214.46         0.75              240.6           211.01          0.64               253.36         224.93         0.75              239.32          220.46          0.44               247.24       222.12       0.65            239.32        220.59        0.68             248.26        237.18        0.69             234.98         235.65         0.74              250.55         255.43         0.84              241.62          251.6           0.77               176.09                     156.93                      176.7                     141.34                     170.19                   159.5                     14.4                          10.95                          165.6                                    169.05                                    63.17            21.52                               33.01                                -                    
139     1           211.56   169.11   0.62        209.78       166.92       0.58            212.16        167.72        0.6              208.19       167.52       0.57            216.13        169.5         0.62             198.26            173.87            0.69                 214.94             180.82             0.68                  190.92         157.59         0.66              226.85          178.24          0.69               183.97         143.1          0.68              221.29          166.13          0.69               197.86       207.42       0.74            207.2         206.83        0.68             195.28        232.24        0.75             214.94         228.47         0.73              211.37         242.37         0.75              226.85          237.4           0.75               178.67                     77.57                       116.26                    146.56                     174.74                   143.73                    155.04                        118.8                          24.96                                    61.2                                      70.78            48.67                               34.59                                -                    
140     0           209.4    167.86   0.64        209.0        165.87       0.64            210.99        166.47        0.64             209.2        167.27       0.59            215.57        168.86        0.63             197.26            173.04            0.69                 214.58             180.4              0.68                  189.7          157.32         0.66              227.11          178.41          0.7                182.54         143.19         0.67              221.74          167.07          0.7                197.46       207.66       0.74            207.01        206.67        0.68             194.68        231.74        0.75             214.38         227.96         0.73              211.59         240.89         0.75              226.91          236.91          0.75               178.8                      73.67                       111.82                    144.61                     173.07                   144.86                    154.64                        115.08                         25.36                                    64.92                                     71.04            3253.55                             1691.05                              -                    
140     1           240.58   190.87   0.85        242.48       189.22       0.88            240.07        189.09        0.89             246.42       191.51       0.57            274.0         191.13        0.3              249.22            202.69            0.79                 237.78             201.29             0.8                   251.0          214.77         0.75              240.32          211.21          0.63               253.16         225.19         0.76              238.92          220.74          0.47               247.31       223.15       0.65            239.3         221.63        0.67             248.46        237.64        0.7              235.24         235.61         0.74              250.49         255.44         0.84              241.59          250.73          0.78               176.67                     157.27                      177.99                    140.99                     170.16                   159.49                    13.71                         10.09                          166.29                                   169.91                                    62.22            3229.73                             1726.37                              -                    
141     0           211.62   167.71   0.59        209.1        165.78       0.62            210.65        166.16        0.63             209.3        167.52       0.57            214.33        168.29        0.6              196.52            173.33            0.63                 213.94             180.1              0.64                  188.58         157.45         0.64              226.91          178.75          0.69               180.45         142.35         0.65              221.88          167.13          0.66               197.3        207.01       0.71            206.78        206.43        0.67             194.2         231.21        0.75             213.75         227.91         0.69              212.2          239.14         0.75              225.95          235.27          0.76               178.26                     72.54                       106.5                     139.07                     171.39                   146.81                    154.75                        111.18                         25.25                                    68.82                                     69.49            67.57                               4.65                                 -                    
141     1           240.65   191.41   0.85        242.68       189.76       0.89            240.14        189.5         0.9              246.75       191.92       0.58            274.07        191.41        0.31             249.29            202.98            0.78                 237.98             201.58             0.79                  250.94         215.05         0.74              240.39          211.36          0.63               252.72         225.47         0.76              239.5           220.9           0.45               247.26       222.42       0.64            239.5         220.9         0.67             248.53        237.42        0.69             235.69         235.64         0.73              250.56         255.59         0.84              242.17          251.4           0.77               178.1                      160.81                      178.46                    143.14                     169.19                   160.99                    13.76                         9.35                           166.24                                   170.65                                    62.09            15.7                                18.07                                -                    
142     0           206.18   166.95   0.6         206.55       165.12       0.63            207.83        166.22        0.62             208.01       167.13       0.65            213.31        168.23        0.64             195.96            172.24            0.63                 213.12             180.64             0.63                  187.19         157.64         0.64              227.55          179.18          0.73               178.06         142.85         0.64              222.62          167.68          0.68               196.51       206.76       0.67            205.82        206.76        0.65             193.04        231.23        0.76             213.67         227.76         0.65              212.94         236.52         0.74              225.18          232.69          0.79               179.28                     72.58                       96.83                     133.7                      171.02                   143.87                    149.95                        111.41                         30.05                                    68.59                                     67.66            73.44                               27.68                                -                    
142     1           240.86   192.06   0.84        242.9        190.4        0.87            240.22        190.14        0.88             246.85       192.44       0.67            239.07        191.8         0.39             249.41            203.54            0.78                 238.18             202.14             0.78                  250.94         215.8          0.73              239.96          212.48          0.63               252.09         226.26         0.75              237.92          222.69          0.46               247.24       224.22       0.64            239.32        222.56        0.64             248.77        238.9         0.71             235.75         236.85         0.73              250.68         256.51         0.84              243.02          251.4           0.77               179.14                     158.88                      179.75                    139.4                      168.05                   162.74                    13.12                         6.59                           166.88                                   173.41                                    61.9             30.45                               71.89                                -                    
143     0           205.91   166.42   0.65        205.54       164.42       0.65            207.55        165.88        0.6              206.82       166.61       0.71            213.76        168.43        0.7              196.05            172.63            0.7                  213.4              180.85             0.67                  187.1          157.11         0.68              227.64          179.02          0.78               178.15         142.69         0.69              222.34          167.52          0.73               196.23       206.6        0.71            205.73        206.42        0.67             192.94        231.25        0.78             213.4          226.69         0.69              212.12         236.73         0.76              225.45          231.98          0.8                178.15                     72.59                       98.35                     134.45                     172.1                    142.58                    150.35                        114.01                         29.65                                    65.99                                     67.93            5.5                                 9.57                                 -                    
143     1           240.91   192.17   0.85        242.96       190.38       0.88            240.28        190.25        0.89             246.78       192.55       0.7             239.25        191.91        0.43             249.34            203.53            0.78                 238.11             202.12             0.78                  250.87         215.65         0.74              239.64          212.97          0.65               252.15         226.25         0.75              237.34          222.93          0.48               247.42       224.59       0.65            239.38        222.93        0.64             248.83        239.14        0.73             235.81         236.84         0.74              250.74         256.5          0.85              242.96          251.14          0.77               179.67                     158.97                      179.22                    139.03                     169.29                   162.08                    12.39                         4.53                           167.61                                   175.47                                    61.65            1.83                                18.91                                -                    
144     0           241.3    192.67   0.82        243.32       190.9        0.84            240.54        190.78        0.85             246.87       193.05       0.77            239.28        192.42        0.57             249.4             204.07            0.76                 238.14             202.8              0.76                  250.79         216.34         0.71              238.64          214.19          0.64               251.55         226.85         0.7               236.24          224.69          0.51               247.25       225.45       0.63            239.02        224.44        0.62             249.02        240.13        0.72             236.36         238.36         0.69              250.79         256.84         0.82              243.58          250.89          0.73               177.66                     164.56                      179.17                    139.26                     167.37                   166.85                    12.21                         0.2                            167.79                                   179.8                                     61.19            3359.43                             1770.05                              -                    
144     1           204.14   165.69   0.67        204.83       164.12       0.68            204.83        165.17        0.62             205.7        166.39       0.76            213.89        168.13        0.74             195.08            171.96            0.67                 212.84             180.49             0.65                  185.68         157.51         0.66              227.47          179.27          0.78               176.97         144.62         0.68              222.94          167.95          0.74               195.95       207.48       0.67            205.01        206.95        0.65             192.47        230.81        0.71             211.97         225.58         0.66              212.32         233.24         0.74              224.86          229.07          0.81               179.0                      72.96                       88.51                     125.62                     170.11                   143.01                    148.36                        111.26                         31.64                                    68.74                                     65.47            3338.22                             1709.65                              -                    
145     0           204.06   165.67   0.67        204.58       164.1        0.67            204.58        165.14        0.61             205.45       166.37       0.77            213.83        168.29        0.74             194.98            171.95            0.67                 212.96             180.51             0.65                  185.73         157.64         0.66              227.45          179.11          0.78               177.0          144.72         0.69              222.91          167.94          0.74               196.03       207.22       0.68            204.93        206.87        0.66             192.53        230.79        0.72             211.91         225.55         0.66              211.91         233.23         0.74              224.83          228.69          0.81               178.83                     73.4                        88.76                     124.17                     169.87                   142.56                    148.83                        112.45                         31.17                                    67.55                                     65.29            3336.89                             1753.89                              -                    
145     1           241.37   192.84   0.83        243.27       191.07       0.85            240.61        190.81        0.86             246.82       192.84       0.77            239.09        192.46        0.57             249.35            204.12            0.76                 238.08             202.72             0.76                  250.62         216.15         0.72              238.33          214.12          0.65               251.38         226.79         0.71              235.8           225.15          0.53               247.45       225.78       0.65            238.84        224.51        0.64             248.97        240.35        0.74             235.93         238.57         0.69              250.62         257.07         0.82              243.53          250.86          0.74               178.08                     165.78                      179.67                    136.55                     169.03                   166.3                     11.02                         0.72                           168.98                                   179.28                                    61.12            3334.85                             1763.52                              -                    
146     0           241.08   193.03   0.83        243.1        191.27       0.85            240.45        191.14        0.85             246.75       193.16       0.83            239.19        192.65        0.64             249.53            204.37            0.77                 238.06             202.98             0.76                  250.53         216.72         0.71              237.93          214.58          0.67               251.16         227.3          0.72              235.29          225.54          0.56               247.13       226.04       0.65            238.94        224.78        0.63             248.77        240.66        0.73             235.29         237.89         0.68              250.66         257.17         0.81              243.6           250.74          0.74               178.74                     167.05                      179.86                    131.51                     167.3                    162.1                     10.97                         2.94                           169.03                                   177.06                                    60.93            3339.34                             1772.45                              -                    
146     1           203.61   166.01   0.65        204.29       164.31       0.65            203.95        165.5         0.61             204.63       166.52       0.72            213.31        168.06        0.73             194.59            171.29            0.67                 212.8              180.14             0.64                  184.21         157.0          0.66              227.77          179.29          0.79               174.51         143.38         0.69              223.35          168.4           0.75               195.44       206.17       0.66            204.63        205.83        0.64             191.87        230.5         0.71             211.44         225.06         0.63              211.27         231.52         0.74              224.37          227.27          0.8                179.48                     71.14                       84.66                     119.2                      170.25                   142.87                    145.41                        110.89                         34.59                                    69.11                                     63.38            3412.27                             1747.86                              -                    
147     0           241.54   193.46   0.84        243.31       191.82       0.85            240.66        191.57        0.86             246.71       193.58       0.82            239.02        193.21        0.65             249.61            204.94            0.78                 238.01             203.8              0.78                  250.5          217.05         0.73              237.13          215.66          0.72               251.0          227.26         0.73              234.1           226.0           0.65               247.47       226.89       0.67            239.27        225.75        0.65             249.23        241.64        0.76             235.74         239.12         0.73              250.75         258.04         0.82              244.44          250.98          0.76               178.66                     167.94                      178.45                    128.92                     167.6                    161.91                    9.75                          7.55                           170.25                                   172.45                                    61.05            5.08                                38.4                                 -                    
147     1           207.14   166.58   0.6         206.02       164.81       0.6             207.79        165.78        0.65             205.06       166.42       0.61            212.92        167.22        0.65             193.5             170.43            0.66                 211.96             179.9              0.63                  182.27         157.11         0.68              227.53          179.42          0.82               171.83         143.95         0.71              223.84          169.15          0.77               194.3        204.94       0.65            203.77        204.78        0.64             190.77        230.14        0.74             210.68         223.56         0.58              209.39         228.37         0.77              223.2           224.2           0.79               178.26                     72.0                        76.61                     113.12                     170.69                   141.61                    141.19                        109.98                         38.81                                    70.02                                     59.71            82.45                               26.99                                -                    
147     2           211.66   168.01   0.57        213.28       166.12       0.49            212.2         166.39        0.57             203.17       165.85       0.58            210.31        167.88        0.64             194.4             170.3             0.64                 211.66             179.88             0.63                  182.13         157.36         0.69              227.71          179.2           0.8                172.28         144.54         0.6               224.34          169.09          0.63               193.73       204.02       0.57            203.84        204.29        0.55             190.76        229.91        0.64             210.99         221.95         0.47              209.51         227.89         0.69              221.91          224.11          0.7                174.07                     73.97                       77.3                      123.2                      174.61                   140.21                    135.39                        110.17                         44.61                                    69.83                                     57.99            2835.88                             1044.76                              peak_hand_velocity   
148     0           241.34   193.46   0.84        243.36       191.7        0.86            240.71        191.58        0.86             246.88       193.72       0.84            239.2         193.34        0.67             249.65            205.05            0.78                 237.94             203.79             0.78                  250.41         217.26         0.73              237.06          215.62          0.72               250.91         227.33         0.74              234.04          225.82          0.64               247.26       226.83       0.67            239.33        225.82        0.65             249.02        241.69        0.76             235.68         239.17         0.73              250.66         257.93         0.82              244.36          250.75          0.76               179.32                     167.75                      178.99                    127.83                     166.97                   161.1                     9.81                          7.86                           170.19                                   172.14                                    60.88            3.44                                5.67                                 -                    
148     1           208.8    167.37   0.57        213.12       165.62       0.45            209.34        166.16        0.52             203.12       166.43       0.59            210.69        167.78        0.62             194.34            170.21            0.65                 211.91             179.94             0.62                  182.05         157.24         0.7               227.99          179.26          0.8                172.59         143.86         0.61              224.07          169.0           0.62               193.67       203.45       0.58            203.66        203.86        0.56             190.83        229.93        0.64             210.56         221.96         0.5               209.74         228.04         0.68              222.04          223.72          0.73               171.79                     71.52                       78.17                     119.53                     175.05                   140.15                    135.37                        111.42                         44.63                                    68.58                                     58.51            22.82                               8.3                                  -                    
148     2           207.25   166.19   0.6         205.51       164.61       0.58            208.2         165.71        0.62             205.04       166.19       0.65            213.1         167.29        0.69             193.51            170.3             0.67                 212.15             179.77             0.65                  182.29         157.18         0.69              227.63          179.14          0.82               172.18         144.39         0.73              223.52          168.87          0.77               194.3        205.37       0.66            203.78        204.89        0.64             190.82        230.17        0.73             211.04         223.38         0.59              209.46         228.27         0.76              223.05          223.85          0.8                177.77                     70.54                       76.22                     113.72                     170.73                   140.1                     140.75                        110.77                         39.25                                    69.23                                     59.87            5.61                                25.42                                -                    
149     0           241.81   193.9    0.82        243.32       192.26       0.85            240.93        192.13        0.86             246.98       193.9        0.75            238.92        193.64        0.55             249.75            205.61            0.78                 237.78             204.47             0.76                  250.38         217.44         0.73              236.53          215.93          0.73               250.25         227.52         0.7               233.63          225.88          0.7                247.86       227.01       0.68            239.3         225.5         0.66             249.37        242.12        0.78             235.52         239.61         0.74              250.63         258.49         0.82              244.84          251.06          0.76               176.24                     170.04                      178.69                    125.89                     169.25                   160.89                    8.09                          10.38                          171.91                                   169.62                                    60.88            20.62                               12.45                                -                    
149     1           207.39   166.19   0.63        204.55       164.14       0.55            208.34        166.04        0.61             203.45       164.78       0.73            212.28        166.98        0.78             193.04            169.66            0.7                  211.33             179.29             0.7                   180.73         157.84         0.7               227.74          179.13          0.79               168.9          145.85         0.76              224.9           169.82          0.77               193.19       204.68       0.68            202.82        204.05        0.65             190.04        229.44        0.74             209.76         224.24         0.58              208.34         225.66         0.77              221.43          221.08          0.83               178.5                      73.58                       71.05                     93.85                      172.48                   142.05                    134.13                        109.53                         45.87                                    70.47                                     57.18            125.83                              35.25                                -                    
150     0           241.72   193.91   0.81        243.36       192.27       0.84            240.96        192.27        0.85             246.89       194.03       0.76            238.94        193.66        0.57             249.54            205.64            0.77                 237.81             204.38             0.75                  250.3          217.5          0.72              236.55          215.61          0.71               250.17         227.59         0.7               233.9           225.45          0.66               247.78       226.58       0.66            239.32        225.07        0.65             249.29        242.23        0.76             235.54         239.58         0.72              250.68         258.5          0.8               244.75          250.93          0.74               175.63                     171.34                      179.35                    126.33                     169.65                   161.19                    8.47                          10.6                           171.53                                   169.4                                     60.81            3.27                                15.31                                -                    
150     1           207.76   166.64   0.62        204.92       164.59       0.54            208.39        166.16        0.62             203.66       164.9        0.72            212.02        166.95        0.77             192.94            169.63            0.7                  211.23             179.25             0.69                  180.64         157.81         0.7               227.63          179.25          0.78               168.98         145.82         0.76              225.1           170.1           0.77               193.26       204.79       0.68            202.72        204.16        0.65             190.1         229.39        0.73             209.65         224.18         0.58              208.39         225.6          0.77              221.48          221.19          0.83               178.11                     74.58                       71.0                      94.89                      172.18                   142.02                    134.39                        108.87                         45.61                                    71.13                                     56.76            2.26                                10.5                                 -                    
151     0           207.59   166.77   0.6         206.66       164.9        0.55            207.9         166.3         0.64             203.7        164.75       0.68            211.33        166.77        0.74             192.66            169.57            0.69                 211.02             179.37             0.68                  180.06         158.21         0.68              227.51          179.37          0.76               167.77         146.86         0.74              225.64          170.66          0.77               192.66       204.57       0.65            202.46        204.11        0.63             189.7         228.84        0.71             209.62         224.49         0.53              207.44         224.33         0.77              221.13          219.82          0.79               179.29                     77.91                       68.78                     87.28                      173.06                   141.57                    132.03                        109.08                         47.97                                    70.92                                     55.31            3470.59                             1666.89                              -                    
151     1           241.96   194.17   0.82        243.48       192.53       0.85            241.08        192.4         0.86             247.01       194.17       0.79            239.19        193.79        0.58             249.78            205.9             0.77                 237.93             204.63             0.75                  250.41         217.5          0.74              236.54          215.99          0.74               249.91         227.84         0.71              233.51          225.57          0.71               248.02       226.83       0.67            239.19        225.32        0.66             249.4         242.22        0.77             235.53         239.83         0.74              250.79         258.62         0.81              245.37          251.05          0.75               174.1                      169.44                      179.68                    124.62                     170.03                   162.36                    7.93                          10.46                          172.07                                   169.54                                    60.67            3466.43                             1687.75                              -                    
152     0           210.62   167.68   0.64        210.62       166.26       0.58            209.2         166.26        0.7              202.56       163.89       0.64            210.14        166.74        0.71             192.45            168.95            0.66                 209.99             178.9              0.66                  179.17         159.47         0.65              226.74          179.22          0.7                165.9          149.2          0.75              226.42          171.48          0.73               191.66       203.4        0.62            201.3         203.24        0.59             188.97        228.37        0.67             210.93         224.73         0.56              206.51         221.73         0.74              219.47          218.89          0.76               177.8                      86.58                       63.13                     79.74                      175.17                   136.19                    124.22                        108.57                         55.78                                    71.43                                     52.62            90.09                               34.07                                -                    
152     1           242.19   194.72   0.82        243.72       193.07       0.85            241.31        192.94        0.86             247.26       194.72       0.77            239.53        194.46        0.57             250.05            206.12            0.79                 238.14             205.11             0.77                  250.31         217.53         0.77              236.49          216.14          0.77               249.29         227.92         0.74              233.2           226.15          0.76               248.28       227.04       0.69            239.41        225.77        0.68             249.42        242.37        0.79             235.6          240.09         0.75              250.81         259.1          0.81              246.12          250.99          0.76               173.15                     170.28                      179.49                    121.15                     170.9                    161.62                    6.12                          12.01                          173.88                                   167.99                                    60.33            18.73                               19.77                                -                    
153     0           210.61   167.91   0.64        210.45       166.18       0.59            208.87        166.33        0.71             202.72       164.28       0.64            209.82        166.96        0.71             192.31            168.86            0.64                 210.29             178.79             0.65                  179.38         159.55         0.65              226.54          179.11          0.7                165.97         149.3          0.74              226.54          171.54          0.71               191.68       203.56       0.61            200.98        203.4         0.58             189.0         228.32        0.65             210.61         225.16         0.54              206.35         221.54         0.73              219.75          218.22          0.77               178.33                     88.89                       62.47                     76.66                      174.86                   135.44                    124.69                        109.6                          55.31                                    70.4                                      51.97            3.84                                3.89                                 -                    
153     1           242.12   194.63   0.82        243.77       192.98       0.85            241.23        192.98        0.86             247.19       194.75       0.77            239.59        194.5         0.58             249.98            206.16            0.79                 238.06             205.15             0.77                  250.36         217.45         0.76              236.42          215.93          0.77               249.35         227.72         0.73              232.99          225.95          0.76               248.21       227.21       0.69            239.59        226.07        0.67             249.22        242.3         0.78             235.65         240.28         0.74              250.74         258.92         0.81              246.05          250.93          0.76               172.43                     169.83                      178.61                    120.22                     171.33                   160.37                    6.75                          12.86                          173.25                                   167.14                                    60.3             6.3                                 8.65                                 -                    
154     0           242.0    194.82   0.82        243.66       193.29       0.85            241.23        193.16        0.87             247.23       195.21       0.79            239.83        194.44        0.62             249.78            206.44            0.8                  238.29             205.29             0.77                  250.04         218.32         0.77              235.87          216.53          0.78               248.76         228.66         0.75              231.78          225.98          0.78               248.0        228.15       0.71            239.32        226.36        0.69             249.4         243.08        0.79             235.36         240.4          0.73              250.68         259.3          0.82              246.34          250.23          0.75               171.73                     168.8                       179.13                    116.1                      169.92                   161.49                    5.94                          14.96                          174.06                                   165.04                                    59.94            3450.08                             1645.24                              -                    
154     1           209.44   167.82   0.59        204.68       165.85       0.58            207.64        165.2         0.69             202.71       162.9        0.64            207.8         165.85        0.65             191.23            168.31            0.62                 209.28             178.65             0.62                  177.6          160.44         0.65              177.6           179.47          0.62               164.15         151.41         0.72              227.33          173.24          0.68               191.06       203.76       0.56            200.25        202.78        0.54             188.44        227.07        0.59             188.27         225.75         0.52              204.19         219.19         0.69              218.63          217.06          0.72               176.19                     5.66                        57.01                     46.47                      173.84                   172.97                    119.78                        68.0                           60.22                                    112.0                                     50.3             3440.95                             1594.77                              -                    
155     0           242.0    194.84   0.82        243.66       193.3        0.85            241.23        193.18        0.87             247.23       195.22       0.79            239.83        194.58        0.62             249.79            206.46            0.8                  238.29             205.31             0.77                  250.04         218.33         0.77              235.87          216.55          0.78               248.77         228.68         0.75              231.78          225.87          0.78               247.87       228.04       0.71            239.32        226.38        0.69             249.28        243.11        0.79             235.36         240.3          0.72              250.68         259.33         0.82              246.34          250.26          0.75               171.73                     168.51                      179.62                    116.33                     169.6                    161.35                    6.3                           14.96                          173.7                                    165.04                                    59.96            0.67                                3.19                                 -                    
155     1           209.38   167.67   0.59        204.62       165.87       0.58            207.57        165.21        0.69             202.49       162.92       0.66            207.74        165.87        0.67             191.19            168.49            0.64                 209.38             178.49             0.63                  177.59         160.3          0.66              223.14          179.63          0.63               164.31         151.45         0.74              227.56          173.73          0.69               191.35       203.88       0.58            200.2         202.9         0.55             188.56        227.15        0.61             209.7          225.35         0.51              203.97         219.78         0.7               218.55          216.67          0.73               177.38                     122.11                      57.59                     68.48                      172.91                   136.46                    121.33                        105.83                         58.67                                    74.17                                     50.55            5.11                                16.49                                -                    
156     0           241.98   195.0    0.82        243.65       193.46       0.84            241.08        193.33        0.86             247.11       195.38       0.77            239.8         194.74        0.61             249.67            206.54            0.79                 238.26             205.52             0.77                  249.93         218.34         0.78              235.7           216.55          0.77               248.39         228.34         0.77              231.33          225.78          0.78               247.75       228.34       0.7             239.29        226.55        0.68             249.29        243.35        0.78             235.05         240.14         0.72              250.57         259.64         0.81              246.47          250.27          0.73               170.01                     167.81                      178.65                    114.3                      169.1                    159.91                    6.29                          15.88                          173.71                                   164.12                                    59.95            15.12                               13.71                                -                    
156     1           209.59   167.39   0.58        204.41       165.05       0.57            207.59        164.88        0.7              202.24       163.21       0.63            206.25        164.38        0.66             190.72            168.39            0.63                 209.09             178.57             0.62                  176.7          161.04         0.65              222.11          179.58          0.63               163.0          152.36         0.72              227.62          174.73          0.69               190.72       203.46       0.6             199.74        202.45        0.57             188.05        226.83        0.62             187.88         225.66         0.51              203.58         219.15         0.67              217.61          216.15          0.71               175.27                     134.29                      57.16                     45.19                      173.48                   174.33                    117.65                        106.99                         62.35                                    73.01                                     50.26            47.98                               30.15                                -                    
157     0           242.05   195.32   0.83        243.71       193.91       0.86            241.28        193.79        0.9              247.29       195.83       0.79            240.13        195.32        0.61             249.72            206.82            0.8                  238.47             206.05             0.79                  249.97         219.08         0.8               235.54          216.78          0.79               247.93         229.05         0.8               230.68          226.24          0.81               247.93       228.92       0.71            239.37        227.0         0.68             249.33        244.12        0.79             235.15         240.42         0.72              250.61         260.22         0.82              247.8           249.1           0.72               167.21                     168.13                      179.26                    107.04                     170.09                   160.11                    5.82                          17.76                          174.18                                   162.24                                    59.34            25.33                               24.0                                 -                    
157     1           206.7    166.15   0.57        204.44       164.24       0.64            206.18        163.89        0.71             202.52       163.19       0.66            205.48        162.84        0.68             190.16            168.76            0.6                  208.44             177.82             0.56                  175.54         162.15         0.67              221.67          179.56          0.64               161.96         155.18         0.72              227.94          174.86          0.69               196.43       204.28       0.62            189.64        203.41        0.58             188.07        225.52        0.54             187.55         225.87         0.55              219.23         214.72         0.7               216.27          215.07          0.71               177.19                     135.63                      49.42                     64.09                      148.52                   149.01                    124.35                        118.81                         55.65                                    61.19                                     48.75            90.6                                10.14                                -                    
158     0           242.02   195.45   0.83        243.81       193.92       0.86            241.38        193.79        0.89             247.39       195.97       0.79            240.23        195.45        0.62             249.69            206.84            0.8                  238.44             206.07             0.79                  249.95         219.11         0.8               235.49          216.68          0.79               247.9          228.83         0.81              230.64          225.89          0.8                247.64       228.96       0.71            239.46        227.17        0.68             249.31        244.05        0.79             235.11         240.34         0.71              250.59         260.16         0.81              247.9           248.91          0.72               166.92                     167.66                      178.25                    105.55                     168.43                   158.96                    6.48                          18.26                          173.52                                   161.74                                    59.08            6.5                                 10.47                                -                    
158     1           203.96   165.72   0.57        203.78       163.98       0.62            204.83        163.81        0.69             201.87       163.11       0.7             206.22        163.11        0.71             190.22            168.67            0.64                 208.48             177.89             0.61                  175.62         162.07         0.69              221.34          179.28          0.68               161.88         155.11         0.75              227.78          175.11          0.75               191.96       204.32       0.63            198.57        203.28        0.6              187.79        226.23        0.6              187.61         225.18         0.52              218.39         216.32         0.7               217.52          214.23          0.74               177.49                     140.86                      61.27                     43.32                      166.42                   174.76                    117.13                        105.16                         62.87                                    74.84                                     49.55            3.15                                9.01                                 -                    
159     0           242.22   195.92   0.84        244.14       194.38       0.86            241.58        194.26        0.89             247.6        196.3        0.82            240.17        195.79        0.65             249.64            207.19            0.79                 238.51             206.42             0.78                  249.77         218.96         0.78              235.56          216.66          0.77               247.34         228.95         0.79              230.31          225.75          0.77               247.6        229.72       0.7             239.79        228.18        0.66             249.26        244.83        0.77             235.18         240.86         0.69              250.67         260.45         0.79              248.24          247.51          0.69               165.69                     166.04                      178.87                    97.03                      168.52                   156.65                    5.82                          19.41                          174.18                                   160.59                                    58.06            17.22                               10.6                                 -                    
159     1           201.08   164.2    0.59        202.36       162.38       0.69            202.72        162.2         0.72             202.72       162.93       0.59            204.91        162.38        0.58             189.41            168.94            0.59                 207.65             178.25             0.54                  174.09         163.11         0.7               221.87          163.11          0.66               159.5          157.45         0.72              159.32          157.45          0.67               196.89       204.15       0.63            188.86        203.6         0.61             187.04        224.39        0.57             187.22         225.49         0.6               219.32         211.99         0.75              215.31          213.81          0.69               179.67                     51.94                       43.04                     63.14                      142.06                   147.75                    122.85                        173.32                         57.15                                    6.68                                      48.7             100.49                              2126.98                              -                    
160     0           242.22   195.9    0.84        244.14       194.36       0.86            241.58        194.24        0.89             247.6        196.41       0.81            240.17        195.77        0.65             249.65            207.17            0.79                 238.51             206.4              0.78                  249.78         218.95         0.78              235.56          216.65          0.77               247.35         228.94         0.79              230.31          225.74          0.77               247.6        229.71       0.7             239.66        228.17        0.66             249.27        244.69        0.77             235.18         240.72         0.69              250.68         260.44         0.79              248.24          247.38          0.69               165.69                     166.04                      178.77                    97.36                      168.47                   157.32                    5.82                          19.07                          174.18                                   160.93                                    58.01            0.36                                0.35                                 -                    
160     1           201.25   164.2    0.58        202.53       162.56       0.69            202.9         162.37        0.72             202.9        162.92       0.58            204.54        162.37        0.57             189.4             168.94            0.57                 207.64             178.24             0.53                  174.08         163.29         0.7               172.98          163.1           0.66               159.67         157.45         0.71              159.31          157.45          0.67               197.06       204.14       0.63            188.85        203.59        0.62             187.21        224.2         0.56             187.21         225.48         0.6               219.31         211.98         0.75              210.74          213.99          0.69               178.21                     178.86                      43.01                     59.68                      141.58                   147.75                    122.53                        77.06                          57.47                                    102.94                                    48.79            5.19                                0.33                                 -                    
161     0           242.23   196.02   0.85        244.03       194.48       0.86            241.45        194.35        0.9              247.63       196.54       0.82            240.29        196.02        0.67             249.56            207.22            0.8                  238.62             206.58             0.79                  249.69         219.06         0.78              235.53          216.62          0.78               247.24         228.97         0.8               230.0           225.5           0.78               247.37       230.13       0.7             239.52        228.84        0.67             249.17        245.06        0.77             235.02         241.07         0.69              250.59         260.76         0.79              248.27          247.25          0.67               165.52                     165.17                      178.27                    94.76                      167.66                   157.46                    6.08                          19.42                          173.92                                   160.58                                    57.98            3.18                                11.97                                -                    
161     1           200.57   163.9    0.6         201.67       162.06       0.69            202.59        162.43        0.7              202.22       162.61       0.65            205.53        162.43        0.64             188.98            168.68            0.62                 207.37             178.24             0.58                  173.35         163.9          0.71              222.63          163.71          0.68               158.82         158.56         0.74              228.89          174.19          0.67               196.52       203.43       0.61            188.25        203.07        0.6              186.78        225.5         0.63             186.78         224.4          0.59              219.14         211.89         0.74              216.2           212.81          0.71               176.85                     77.23                       43.37                     64.56                      143.93                   146.34                    119.25                        171.2                          60.75                                    8.8                                       48.46            42.09                               2153.01                              -                    
162     0           242.12   196.65   0.85        244.05       195.11       0.87            241.48        194.98        0.9              247.78       197.17       0.82            240.45        196.52        0.68             249.84            207.71            0.82                 238.91             206.94             0.82                  249.71         219.93         0.81              235.69          216.72          0.82               246.63         229.45         0.82              229.65          225.46          0.81               247.78       230.22       0.73            239.55        229.19        0.69             249.07        245.53        0.79             235.05         241.41         0.72              250.61         261.47         0.79              248.55          246.55          0.63               162.63                     163.56                      179.28                    90.63                      169.97                   158.12                    4.62                          19.86                          175.38                                   160.14                                    57.36            23.53                               10.61                                -                    
162     1           202.58   165.02   0.62        202.96       163.31       0.71            202.77        162.93        0.74             202.96       163.69       0.67            201.81        162.17        0.67             206.77            177.8             0.55                 187.9              169.22             0.62                  222.4          179.9          0.74              172.07          165.6           0.72               228.51         174.37         0.7               157.78          161.21          0.71               196.48       203.15       0.68            187.71        202.58        0.66             207.15        222.98        0.67             186.56         224.7          0.66              218.21         210.4          0.76              203.72          214.02          0.71               130.18                     175.84                      69.61                     55.15                      129.6                    177.37                    104.46                        102.57                         75.54                                    77.43                                     47.18            2149.49                             2174.63                              -                    
163     0           242.11   196.63   0.85        244.17       195.09       0.86            241.47        194.96        0.9              247.78       197.15       0.81            240.44        196.5         0.66             249.84            207.83            0.82                 238.89             206.93             0.82                  249.58         220.06         0.81              235.54          216.85          0.82               246.62         229.46         0.81              229.62          225.6           0.81               247.78       230.11       0.73            239.54        228.95        0.69             249.06        245.43        0.79             235.03         241.44         0.73              250.61         261.39         0.79              248.42          246.59          0.65               163.72                     164.58                      179.28                    91.2                       169.91                   158.48                    4.08                          20.33                          175.92                                   159.67                                    57.36            0.49                                4.24                                 -                    
163     1           202.11   164.85   0.62        202.87       163.13       0.71            202.68        162.75        0.74             203.06       163.71       0.68            202.11        162.18        0.67             206.68            177.6             0.54                 188.02             169.23             0.62                  222.29         179.89         0.74              172.03          165.61          0.73               228.38         174.56         0.7               157.94          161.23          0.71               196.4        203.11       0.68            187.64        202.54        0.66             207.25        222.91        0.67             186.5          224.62         0.66              218.1          210.34         0.76              203.44          213.96          0.71               130.49                     175.48                      69.54                     54.86                      129.33                   177.69                    103.62                        102.09                         76.38                                    77.91                                     47.3             6.9                                 5.12                                 -                    
164     0           242.32   196.96   0.86        244.38       195.41       0.87            241.81        195.15        0.9              247.98       197.47       0.82            240.78        196.96        0.66             250.04            208.02            0.83                 239.23             207.37             0.83                  249.52         220.23         0.83              235.63          217.02          0.82               246.18         229.75         0.83              229.33          225.76          0.82               248.11       230.39       0.75            239.75        229.37        0.69             249.27        245.83        0.8              235.12         241.84         0.7               250.81         261.9          0.79              248.62          246.34          0.56               163.05                     164.7                       178.81                    88.07                      170.78                   158.3                     2.52                          21.81                          177.48                                   158.19                                    57.17            15.79                               10.06                                -                    
164     1           200.26   164.02   0.64        201.59       162.3        0.73            201.21        161.92        0.74             202.35       163.45       0.73            200.07        161.92        0.71             205.78            176.97            0.55                 187.31             168.78             0.64                  221.96         180.01         0.78              170.93          166.87          0.76               228.06         174.3          0.7               156.65          164.21          0.71               195.3        202.48       0.69            186.93        201.72        0.67             206.54        222.1         0.68             186.16         223.81         0.66              216.82         210.86         0.78              205.21          213.91          0.74               126.19                     176.06                      72.27                     60.55                      127.88                   178.69                    101.66                        95.97                          78.34                                    84.03                                     48.37            12.27                               97.68                                -                    
165     0           242.45   196.96   0.86        244.38       195.41       0.87            241.8         195.16        0.9              247.98       197.47       0.82            240.78        196.96        0.66             250.03            208.02            0.83                 239.23             207.37             0.83                  249.52         220.23         0.83              235.63          217.02          0.82               246.18         229.75         0.83              229.33          225.76          0.82               248.23       230.39       0.75            239.75        229.36        0.69             249.26        245.83        0.8              235.12         241.84         0.7               250.81         261.9          0.79              248.62          246.34          0.57               163.05                     164.7                       178.33                    88.07                      171.59                   158.3                     2.19                          21.81                          177.81                                   158.19                                    57.16            0.09                                0.04                                 -                    
165     1           200.44   164.03   0.64        201.77       162.51       0.73            201.2         161.94        0.74             202.34       163.46       0.73            199.86        161.94        0.71             205.58            176.98            0.56                 187.29             168.79             0.64                  221.96         180.03         0.78              170.91          166.89          0.76               228.06         174.13         0.71              156.62          164.41          0.71               195.29       202.51       0.7             186.91        201.94        0.67             206.53        222.13        0.68             186.15         224.04         0.66              216.63         210.89         0.78              205.01          213.94          0.73               125.37                     176.8                       71.74                     59.86                      128.25                   178.68                    101.41                        95.97                          78.59                                    84.03                                     48.39            5.22                                6.19                                 -                    
166     0           242.38   197.24   0.86        244.44       195.56       0.87            241.87        195.43        0.9              248.18       197.62       0.85            240.96        197.11        0.68             250.24            208.57            0.84                 239.29             207.54             0.83                  249.6          220.68         0.84              235.68          217.07          0.82               245.86         229.96         0.84              229.24          225.83          0.82               248.44       230.86       0.75            239.93        229.83        0.69             249.47        246.06        0.81             235.17         242.32         0.67              251.01         262.16         0.8               248.82          245.54          0.47               161.11                     164.4                       178.39                    82.39                      171.49                   157.47                    1.58                          22.38                          178.42                                   157.62                                    56.61            11.34                               3.35                                 -                    
166     1           200.85   164.16   0.62        201.23       162.28       0.71            201.04        162.28        0.75             200.66       162.65       0.67            201.23        162.47        0.66             187.09            169.06            0.55                 186.71             168.87             0.59                  221.39         180.18         0.76              170.32          167.37          0.72               228.17         174.34         0.63              156.0           165.48          0.64               194.44       202.61       0.67            186.53        202.04        0.65             206.12        222.39        0.63             185.96         223.52         0.63              215.74         211.27         0.75              208.01          213.35          0.71               121.31                     177.76                      71.4                      63.72                      161.8                    178.82                    59.68                         94.93                          120.32                                   85.07                                     48.15            7.24                                37.22                                -                    
167     0           242.49   197.52   0.87        244.54       195.84       0.87            241.84        195.72        0.91             248.27       197.9        0.88            241.07        197.26        0.7              250.33            208.83            0.84                 239.4              207.8              0.83                  249.56         221.05         0.85              235.67          217.19          0.83               245.7          230.17         0.85              229.11          225.93          0.83               248.53       230.69       0.76            239.79        229.53        0.71             249.43        246.12        0.82             235.29         242.26         0.71              250.97         262.45         0.81              248.79          245.73          0.52               160.71                     164.8                       177.94                    84.95                      171.95                   159.51                    1.09                          22.68                          178.91                                   157.32                                    56.58            8.15                                4.87                                 -                    
167     1           204.25   164.38   0.64        201.34       162.44       0.67            202.31        162.82        0.72             200.18       163.6        0.67            200.37        163.02        0.68             186.79            169.62            0.54                 186.4              169.23             0.58                  221.13         180.29         0.73              170.1           168.84          0.64               227.93         171.94         0.66              155.16          169.62          0.62               193.0        201.83       0.65            186.4         201.44        0.63             205.61        222.39        0.63             186.01         222.78         0.65              215.89         209.59         0.75              211.24          212.69          0.7                111.88                     175.66                      70.28                     67.16                      159.39                   178.96                    61.83                         91.36                          118.17                                   88.64                                     46.76            72.41                               126.9                                -                    
168     0           242.64   197.93   0.85        244.82       196.26       0.86            242.13        196.14        0.88             248.4        198.31       0.87            241.1         197.8         0.72             250.45            209.2             0.83                 239.56             208.18             0.83                  249.56         221.38         0.84              235.72          217.15          0.82               245.2          230.34         0.83              228.8           225.6           0.82               248.53       230.98       0.75            239.95        230.22        0.69             249.43        246.49        0.81             235.46         242.77         0.67              251.09         262.76         0.8               248.66          245.72          0.44               158.31                     163.91                      177.47                    82.93                      171.65                   159.35                    0.83                          24.2                           179.17                                   155.8                                     56.31            15.89                               13.65                                -                    
168     1           200.25   163.33   0.61        199.51       161.3        0.66            200.25        161.85        0.7              197.85       161.85       0.75            203.19        162.22        0.75             186.23            168.67            0.67                 203.93             176.23             0.59                  169.27         169.96         0.61              219.97          181.03          0.7                153.6          171.81         0.64              226.79          171.62          0.71               186.05       201.49       0.67            194.53        200.94        0.65             186.6         222.69        0.64             204.49         219.56         0.6               201.35         213.66         0.64              215.73          208.49          0.74               177.64                     109.32                      60.01                     73.6                       178.18                   131.03                    85.33                         94.2                           94.67                                    85.8                                      47.75            2235.88                             2155.8                               -                    
169     0           242.62   197.93   0.85        244.8        196.26       0.86            242.11        196.13        0.89             248.38       198.31       0.85            241.08        197.8         0.7              250.43            209.2             0.83                 239.42             208.17             0.82                  249.54         221.37         0.84              235.7           217.14          0.82               245.18         230.33         0.83              228.79          225.59          0.82               248.51       231.1        0.75            239.93        230.2         0.68             249.41        246.34        0.81             235.45         242.63         0.67              251.07         262.74         0.79              248.64          245.7           0.44               158.31                     163.21                      177.57                    83.28                      171.62                   158.83                    0.8                           23.84                          179.2                                    156.16                                    56.29            0.71                                0.56                                 -                    
169     1           201.66   163.62   0.62        200.37       161.41       0.66            200.74        161.96        0.71             197.79       161.96       0.76            202.58        162.15        0.75             186.35            168.79            0.66                 203.87             176.17             0.58                  169.01         181.51         0.62              220.11          180.96          0.71               153.7          171.92         0.64              227.12          171.55          0.71               186.17       201.25       0.66            194.1         200.88        0.64             186.54        222.46        0.63             204.43         219.88         0.59              215.86         209.92         0.67              215.68          208.63          0.74               111.65                     110.23                      67.84                     73.53                      178.68                   129.89                    53.39                         95.12                          126.61                                   84.88                                     45.65            4.64                                9.93                                 -                    
170     0           242.6    198.23   0.85        244.65       196.56       0.85            241.96        196.44        0.88             248.36       198.48       0.82            241.07        197.97        0.65             250.53            209.61            0.82                 239.53             208.46             0.81                  249.38         221.37         0.83              235.7           217.28          0.8                245.03         230.45         0.82              228.66          225.59          0.81               248.61       231.09       0.73            240.17        230.19        0.66             249.51        246.43        0.79             235.57         242.85         0.64              251.04         262.8          0.77              248.74          243.75          0.42               160.0                      163.26                      177.98                    73.9                       171.56                   158.33                    0.49                          25.18                          179.51                                   154.82                                    55.05            5.72                                3.66                                 -                    
170     1           201.49   163.6    0.62        201.68       161.38       0.68            200.56        161.38        0.72             199.45       162.68       0.63            201.86        161.93        0.65             186.09            168.98            0.61                 185.9              169.17             0.58                  219.3          180.86         0.64              218.93          181.05          0.59               226.36         172.14         0.64              154.17          171.95          0.64               193.14       200.53       0.61            185.35        200.34        0.63             185.72        221.68        0.61             185.16         221.13         0.6               214.67         216.49         0.65              204.65          214.45          0.64               109.28                     11.78                       60.49                     70.56                      148.07                   179.49                    57.73                         71.25                          122.27                                   108.75                                    51.86            2185.59                             2194.35                              -                    
171     0           242.74   198.39   0.86        244.9        196.86       0.86            242.23        196.61        0.89             248.6        198.9        0.86            241.34        198.27        0.66             250.76            209.86            0.83                 239.68             208.84             0.81                  249.62         221.83         0.84              235.6           217.63          0.8                244.52         230.5          0.82              228.34          225.4           0.82               248.85       231.39       0.74            240.06        230.75        0.66             249.62        246.68        0.79             235.73         243.36         0.66              251.15         263.37         0.78              248.85          245.02          0.45               155.0                      161.82                      177.63                    78.24                      172.07                   160.05                    0.4                           25.88                          179.6                                    154.12                                    55.8             15.42                               11.24                                -                    
171     1           201.18   163.54   0.64        201.74       161.51       0.69            200.63        161.32        0.7              200.81       162.8        0.71            198.96        161.32        0.67             202.48            174.82            0.54                 185.65             169.09             0.63                  218.2          180.93         0.69              169.75          172.05          0.66               225.04         170.76         0.71              155.69          173.53          0.7                192.68       199.97       0.66            184.73        199.97        0.66             202.85        219.76        0.6              185.65         221.05         0.63              218.38         207.18         0.74              207.29          215.51          0.69               102.71                     175.47                      78.21                     78.13                      131.5                    175.77                    90.07                         77.75                          89.93                                    102.25                                    47.8             57.47                               65.87                                -                    
172     0           242.86   198.39   0.86        244.9        196.86       0.86            242.23        196.61        0.89             248.59       198.9        0.86            241.33        198.26        0.66             250.76            209.86            0.83                 239.68             208.84             0.8                   249.61         221.71         0.83              235.6           217.63          0.79               244.65         230.5          0.82              228.34          225.4           0.82               248.85       231.39       0.73            240.06        230.75        0.66             249.61        246.8         0.79             235.73         243.36         0.66              251.14         263.36         0.78              248.85          245.15          0.45               156.05                     161.82                      177.56                    78.79                      172.09                   160.05                    0.46                          25.88                          179.54                                   154.12                                    55.86            3.73                                0.1                                  -                    
172     1           200.98   163.38   0.64        201.72       161.53       0.69            199.69        161.35        0.7              200.8        162.83       0.71            198.95        161.35        0.67             202.28            174.48            0.54                 185.63             169.12             0.63                  217.81         180.77         0.69              169.72          171.89          0.66               225.03         170.78         0.71              155.85          173.56          0.69               192.66       200.0        0.66            184.89        200.0         0.66             202.83        219.8         0.6              185.63         221.09         0.62              218.37         207.22         0.74              207.46          215.36          0.69               103.8                      176.95                      78.21                     77.29                      132.15                   176.62                    88.61                         78.73                          91.39                                    101.27                                    47.9             0.85                                4.8                                  -                    
173     0           243.2    198.89   0.86        245.26       197.48       0.87            242.69        197.22        0.88             248.73       199.41       0.87            241.79        198.89        0.64             250.92            210.59            0.84                 240.12             209.31             0.81                  249.63         222.29         0.85              236.13          217.41          0.8                244.49         230.78         0.83              228.16          225.38          0.82               249.12       231.29       0.74            240.37        230.91        0.66             249.76        247.37        0.8              236.0          244.28         0.65              251.43         263.69         0.79              249.37          262.79          0.4                155.05                     161.2                       176.45                    126.06                     172.74                   161.21                    1.3                           26.88                          178.7                                    153.12                                    64.35            9.79                                5.43                                 take_off             
173     1           199.68   163.51   0.6         200.41       161.31       0.66            199.31        161.67        0.7              199.49       162.78       0.75            202.06        161.49        0.71             184.8             169.21            0.57                 184.98             169.57             0.59                  216.76         181.15         0.63              168.26          172.7           0.58               223.19         169.21         0.65              153.93          177.29          0.61               191.96       199.15       0.63            183.88        199.52        0.63             185.71        220.27        0.61             185.9          220.09         0.6               218.05         208.15         0.74              216.02          210.17          0.67               97.82                      172.81                      52.97                     77.38                      150.07                   172.28                    56.06                         77.31                          123.94                                   102.69                                    45.65            72.81                               126.24                               -                    
174     0           201.18   163.72   0.61        200.82       161.7        0.65            199.9         162.06        0.71             198.62       162.98       0.77            202.29        161.7         0.74             184.48            169.04            0.62                 200.45             170.69             0.57                  216.42         181.33         0.58              168.33          180.97          0.58               223.21         169.22         0.61              223.21          169.22          0.66               184.85       199.5        0.65            184.12        199.69        0.61             185.59        220.79        0.65             185.77         219.87         0.57              217.15         209.23         0.71              216.42          209.41          0.7                98.22                      5.66                        71.86                     75.83                      178.72                   145.93                    68.25                         42.86                          111.75                                   137.14                                    45.61            1959.45                             1696.01                              -                    
174     1           243.29   198.87   0.85        245.2        197.47       0.85            242.66        197.22        0.87             248.75       199.5        0.87            241.64        198.74        0.65             250.91            210.55            0.82                 239.99             209.28             0.79                  249.64         222.11         0.83              236.05          217.54          0.77               244.31         230.75         0.8               228.18          225.16          0.79               249.01       231.63       0.72            240.37        231.25        0.65             249.89        247.51        0.78             235.8          244.08         0.63              251.42         263.89         0.78              249.01          244.59          0.38               154.57                     159.56                      177.89                    72.58                      171.63                   159.39                    1.11                          26.49                          178.89                                   153.51                                    55.37            1957.31                             2657.53                              -                    
175     0           196.07   161.88   0.63        197.91       160.41       0.68            195.71        160.41        0.7              199.56       162.61       0.81            199.01        161.51        0.7              185.07            169.03            0.58                 184.7              169.22             0.62                  215.7          180.77         0.66              168.56          173.62          0.65               222.31         168.48         0.7               154.43          178.76          0.69               185.62       199.67       0.63            184.15        199.67        0.63             185.8         220.58        0.63             185.8          219.85         0.58              216.62         210.13         0.71              216.07          210.31          0.7                97.28                      175.27                      71.76                     77.19                      179.47                   174.29                    68.0                          73.71                          112.0                                    106.29                                    48.34            35.04                               2088.85                              -                    
175     1           243.27   199.13   0.82        245.31       197.6        0.83            242.64        197.35        0.85             248.87       199.64       0.85            241.62        199.0         0.65             250.78            210.44            0.79                 239.72             209.43             0.76                  249.76         221.76         0.79              235.9           217.44          0.73               244.29         230.53         0.76              228.27          224.81          0.73               249.0        231.93       0.69            240.35        231.67        0.62             249.63        247.57        0.74             235.9          244.26         0.6               251.54         263.71         0.74              249.0           245.02          0.39               153.21                     159.49                      175.59                    73.86                      172.94                   158.89                    0.4                           27.1                           179.6                                    152.9                                     55.24            6.47                                10.85                                -                    
176     0           194.32   160.58   0.64        196.98       159.52       0.67            194.32        158.63        0.7              199.28       161.82       0.82            197.68        160.41        0.67             199.99            169.61            0.56                 183.69             168.73             0.64                  214.69         180.95         0.69              167.93          175.28          0.67               220.18         167.31         0.7               153.94          183.07          0.68               184.4        199.19       0.61            182.99        199.19        0.6              186.53        219.91        0.61             200.52         218.67         0.56              217.34         208.93         0.66              217.16          209.28          0.71               74.29                      173.46                      76.24                     102.57                     146.36                   136.68                    80.15                         66.09                          99.85                                    113.91                                    48.52            73.16                               130.72                               jump_peak            
176     1           243.45   199.33   0.84        245.39       197.91       0.84            242.93        197.65        0.86             249.01       199.98       0.87            241.89        199.33        0.64             250.96            210.99            0.8                  240.08             209.7              0.76                  249.79         222.39         0.8               236.06          217.73          0.73               243.83         230.81         0.76              227.9           225.24          0.72               249.4        231.71       0.69            240.47        231.45        0.61             250.05        247.9         0.75             236.06         244.66         0.61              251.61         264.22         0.75              249.53          245.05          0.43               150.55                     159.2                       176.85                    73.22                      173.42                   160.54                    1.55                          27.59                          178.45                                   152.41                                    55.3             16.07                               17.0                                 -                    
177     0           194.84   160.53   0.65        196.97       159.64       0.67            194.49        158.76        0.69             199.1        161.95       0.82            198.03        160.53        0.69             199.81            169.4             0.56                 183.49             168.69             0.63                  214.7          180.75         0.7               167.88          175.25          0.66               220.38         167.45         0.71              153.87          183.05          0.67               184.02       199.19       0.61            182.78        199.01        0.59             186.33        219.76        0.61             200.34         218.7          0.56              217.36         210.54         0.64              217.19          209.48          0.7                75.8                       173.69                      79.85                     103.03                     145.69                   136.93                    80.61                         65.86                          99.39                                    114.14                                    49.48            7.37                                2.17                                 -                    
177     1           243.43   199.47   0.85        245.37       197.92       0.85            242.92        197.66        0.87             248.99       199.98       0.88            241.88        199.34        0.67             251.06            210.97            0.81                 240.2              209.67             0.78                  249.51         222.6          0.82              236.07          217.82          0.75               243.69         231.0          0.78              227.93          225.18          0.75               249.38       231.51       0.72            240.59        231.26        0.63             250.15        247.92        0.77             236.07         244.56         0.63              251.57         264.34         0.76              250.02          244.82          0.45               152.9                      159.07                      177.75                    72.29                      172.62                   160.2                     2.92                          27.96                          177.08                                   152.04                                    55.11            7.17                                1.79                                 -                    
178     0           195.94   161.03   0.61        197.38       159.95       0.61            195.4         159.41        0.62             197.92       160.85       0.79            199.73        161.39        0.73             182.42            168.6             0.64                 198.28             175.1              0.62                  213.61         179.6          0.63              213.61          179.78          0.62               217.4          185.92         0.6               217.58          166.26          0.6                182.42       199.08       0.65            191.97        198.54        0.62             187.1         219.27        0.64             200.09         217.65         0.59              208.74         222.34         0.63              218.12          209.36          0.71               140.39                     89.34                       111.13                    88.3                       166.93                   141.93                    70.58                         88.06                          109.42                                   91.94                                     54.82            562.79                              1981.94                              -                    
178     1           243.63   199.57   0.85        245.57       198.02       0.86            243.11        197.89        0.86             248.93       199.96       0.89            241.82        199.57        0.67             251.0             210.96            0.79                 239.88             209.93             0.75                  249.71         222.35         0.79              235.61          218.08          0.73               243.5          230.76         0.74              227.33          224.81          0.72               249.32       231.66       0.69            240.91        231.28        0.61             249.84        247.84        0.74             235.99         244.86         0.62              251.65         264.01         0.76              249.84          245.51          0.51               150.04                     156.74                      175.44                    72.78                      173.52                   157.33                    1.84                          30.42                          178.16                                   149.58                                    55.19            9.16                                21.28                                -                    
179     0           196.29   161.15   0.61        197.57       159.88       0.61            195.57        159.7         0.63             197.75       160.79       0.79            199.38        161.33        0.74             182.49            168.6             0.65                 198.29             174.96             0.63                  213.55         179.86         0.64              213.37          179.86          0.62               217.37         166.24         0.6               217.37          186.4           0.6                182.49       198.94       0.65            191.93        198.39        0.62             187.03        219.28        0.64             199.75         217.47         0.6               208.83         222.55         0.64              217.91          209.47          0.71               85.71                      139.45                      111.11                    88.52                      167.42                   142.55                    70.07                         87.16                          109.93                                   92.84                                     54.86            591.91                              606.03                               -                    
179     1           243.65   199.57   0.84        245.46       198.02       0.85            243.13        197.89        0.86             248.95       199.96       0.88            241.84        199.57        0.66             251.02            210.95            0.79                 239.77             210.05             0.75                  249.73         222.34         0.79              235.63          218.07          0.73               243.52         230.74         0.74              227.35          224.79          0.71               249.34       231.65       0.68            240.93        231.39        0.6              249.86        247.82        0.74             236.01         244.97         0.61              251.67         263.99         0.75              249.73          245.36          0.51               150.04                     156.39                      175.44                    71.73                      173.52                   156.98                    1.84                          30.42                          178.16                                   149.58                                    55.11            0.69                                0.77                                 -                    
180     0           196.42   161.29   0.6         197.42       160.29       0.6             196.75        159.78        0.63             195.58       160.96       0.76            199.09        161.79        0.73             181.68            168.49            0.61                 197.59             174.69             0.55                  213.33         179.54         0.62              213.16          179.71          0.63               215.67         187.24         0.59              215.84          166.31          0.62               182.35       198.79       0.63            191.73        198.12        0.6              187.04        218.55        0.62             199.76         217.55         0.6               207.8          223.41         0.65              217.68          209.68          0.71               126.18                     83.43                       116.51                    88.77                      167.92                   143.48                    69.48                         86.16                          110.52                                   93.84                                     55.25            633.89                              606.12                               -                    
180     1           243.62   199.63   0.86        245.4        198.22       0.87            243.1         197.97        0.88             248.86       200.14       0.81            241.83        199.5         0.58             250.64            211.13            0.81                 240.04             210.11             0.77                  249.24         222.76         0.81              235.31          218.29          0.76               242.98         230.94         0.78              226.87          225.19          0.76               249.24       231.84       0.71            240.29        231.45        0.63             250.01        248.71        0.78             235.95         245.13         0.61              251.41         265.07         0.78              249.37          263.02          0.4                149.45                     159.32                      177.69                    125.5                      173.51                   161.69                    3.01                          30.72                          176.99                                   149.28                                    64.42            17.34                               18.63                                -                    
181     0           244.19   200.07   0.85        245.87       198.52       0.86            243.42        198.39        0.87             249.48       200.45       0.87            242.12        200.2         0.63             251.55            211.56            0.8                  240.57             210.4              0.76                  249.61         222.41         0.8               236.18          218.28          0.74               243.03         230.93         0.76              227.4           224.47          0.74               249.74       232.48       0.7             240.96        232.09        0.61             250.26        248.75        0.77             236.44         245.65         0.63              252.07         265.15         0.78              250.26          245.78          0.43               152.43                     154.35                      175.53                    72.1                       173.24                   160.54                    5.19                          30.16                          174.81                                   149.84                                    55.4             1550.76                             1783.91                              -                    
181     1           195.46   161.07   0.57        196.89       159.82       0.59            194.92        158.92        0.58             198.51       160.89       0.7             196.89        160.71        0.63             180.42            169.31            0.61                 196.89             171.81             0.59                  212.47         179.33         0.64              166.63          179.87          0.63               213.37         166.26         0.55              213.55          191.33          0.57               182.57       197.6        0.62            191.16        196.88        0.6              187.76        217.66        0.67             199.04         216.94         0.63              207.1          225.36         0.63              218.38          211.21          0.73               76.55                      28.64                       126.23                    94.94                      169.83                   145.68                    68.28                         62.21                          111.72                                   117.79                                    57.21            2139.96                             1094.58                              -                    
182     0           244.22   199.89   0.85        246.02       198.48       0.85            243.44        198.35        0.87             249.5        200.41       0.87            242.15        200.15        0.64             251.57            211.5             0.8                  240.47             210.34             0.76                  249.63         222.34         0.8               236.09          218.21          0.74               243.05         230.86         0.76              227.32          224.53          0.74               249.76       232.4        0.69            240.99        232.15        0.6              250.28        248.79        0.77             236.48         245.56         0.64              252.08         265.17         0.78              250.28          245.95          0.44               152.43                     154.91                      175.51                    73.01                      173.26                   160.04                    5.19                          30.49                          174.81                                   149.51                                    55.66            2.43                                3.12                                 -                    
182     1           195.02   161.13   0.58        196.62       159.88       0.6             194.66        158.81        0.59             197.52       160.59       0.7             197.34        160.77        0.63             180.57            169.33            0.6                  196.98             172.19             0.59                  212.68         179.32         0.66              166.65          179.68          0.64               213.39         165.59         0.57              154.17          191.28          0.57               182.35       197.7        0.61            191.27        196.81        0.59             187.53        217.5         0.67             199.12         216.79         0.63              207.15         225.53         0.63              218.39          211.08          0.73               75.69                      151.0                       126.89                    94.94                      168.96                   145.5                     69.12                         63.07                          110.88                                   116.93                                    57.18            20.3                                1786.41                              -                    
183     0           244.35   200.0    0.87        246.16       198.71       0.87            243.71        198.58        0.88             249.64       200.64       0.89            242.29        200.39        0.63             251.58            211.88            0.8                  240.61             210.46             0.76                  249.64         222.59         0.81              235.96          218.33          0.76               242.67         231.11         0.77              227.7           223.88          0.78               249.9        232.53       0.7             240.74        232.14        0.6              250.55        249.19        0.77             236.86         245.7          0.65              252.23         265.97         0.78              251.71          245.31          0.64               150.95                     154.44                      176.51                    72.56                      173.14                   163.71                    5.6                           30.89                          174.4                                    149.11                                    55.64            13.82                               22.73                                -                    
183     1           193.78   161.24   0.6         195.31       159.71       0.58            193.78        159.37        0.58             190.37       161.41       0.73            198.04        162.77        0.72             179.47            169.25            0.67                 196.67             174.36             0.65                  167.72         179.47         0.65              212.0           178.1           0.63               156.3          193.43         0.58              209.96          165.16          0.63               181.51       198.03       0.66            190.71        196.5         0.63             188.5         217.62        0.68             198.72         215.92         0.68              206.38         227.84         0.66              217.28          212.51          0.73               170.26                     67.29                       139.37                    102.01                     164.44                   142.53                    53.05                         91.33                          126.95                                   88.67                                     58.94            1910.84                             1853.29                              -                    
184     0           244.47   200.12   0.87        246.14       198.83       0.87            243.69        198.57        0.88             249.63       200.77       0.89            242.27        200.38        0.64             251.56            211.86            0.8                  240.6              210.44             0.77                  249.5          222.83         0.8               235.82          218.45          0.76               242.53         231.09         0.77              227.56          223.86          0.78               249.76       232.38       0.7             240.85        231.99        0.62             250.53        249.03        0.77             236.85         245.8          0.66              252.21         265.8          0.78              251.82          245.28          0.68               150.5                      154.1                       176.95                    71.87                      172.31                   163.16                    5.63                          31.51                          174.37                                   148.49                                    55.42            4.34                                4.09                                 -                    
184     1           194.26   161.57   0.6         195.47       160.18       0.55            194.43        159.48        0.56             190.43       161.05       0.77            197.91        162.96        0.74             179.47            169.22            0.67                 196.86             174.44             0.66                  167.65         179.48         0.65              212.17          178.09          0.65               156.17         193.39         0.58              210.08          164.87          0.64               181.56       198.09       0.68            190.6         196.7         0.64             188.34        217.74        0.69             198.78         215.83         0.7               206.25         227.65         0.67              217.38          212.35          0.76               170.47                     67.61                       138.0                     102.55                     165.09                   141.16                    53.19                         92.29                          126.81                                   87.71                                     58.43            4.2                                 9.29                                 -                    
185     0           244.59   200.31   0.85        246.13       199.03       0.84            243.82        198.77        0.85             249.46       200.82       0.83            242.15        200.57        0.59             251.38            211.97            0.8                  240.1              210.69             0.73                  249.71         222.61         0.79              235.36          218.76          0.75               242.54         231.06         0.74              227.29          223.76          0.76               250.1        232.6        0.68            241.0         232.47        0.58             250.48        249.13        0.76             236.9          246.31         0.63              252.28         265.66         0.77              250.74          246.18          0.57               148.59                     152.19                      175.14                    72.97                      175.11                   161.14                    5.35                          32.78                          174.65                                   147.22                                    55.61            0.83                                8.82                                 -                    
185     1           197.37   162.07   0.65        195.39       159.93       0.52            197.7         160.25        0.62             188.65       160.25       0.73            197.7         162.89        0.78             179.1             169.14            0.74                 196.38             173.92             0.71                  167.57         181.16         0.68              212.51          176.22          0.71               156.71         194.99         0.66              207.41          163.71          0.65               181.24       198.61       0.66            190.62        196.96        0.63             189.63        217.7         0.65             199.02         216.06         0.71              205.77         227.91         0.69              217.95          213.42          0.73               174.36                     59.68                       146.05                    105.81                     160.42                   142.23                    47.95                         95.91                          132.05                                   84.09                                     58.6             50.64                               87.57                                -                    
186     0           192.45   161.07   0.65        192.45       159.24       0.53            193.61        160.24        0.57             187.96       160.74       0.75            196.43        163.39        0.72             178.33            169.87            0.72                 195.77             173.52             0.69                  168.04         183.15         0.74              209.22          171.86          0.65               158.41         196.77         0.67              202.74          164.39          0.58               181.32       198.1        0.67            189.62        196.1         0.63             190.95        217.53        0.66             197.59         215.86         0.7               204.24         229.98         0.67              217.19          215.2           0.72               177.5                      56.12                       159.52                    110.03                     159.68                   142.81                    43.82                         112.26                         136.18                                   67.74                                     61.52            2733.18                             1932.71                              -                    
186     1           244.78   200.72   0.85        246.33       199.43       0.84            243.88        199.17        0.86             249.68       201.36       0.85            242.33        201.1         0.59             251.61            212.58            0.8                  240.79             211.03             0.75                  249.55         223.02         0.8               236.28          218.25          0.75               242.46         231.14         0.76              228.8           223.27          0.75               250.2        232.81       0.7             241.3         232.94        0.6              250.84        249.7         0.78             237.18         246.73         0.64              252.39         266.2          0.77              251.36          246.22          0.47               150.05                     155.92                      176.83                    71.27                      173.81                   162.0                     7.17                          33.35                          172.83                                   146.65                                    55.49            2799.58                             1903.86                              -                    
187     0           192.34   161.02   0.68        191.5        159.0        0.53            193.68        160.35        0.56             187.96       160.52       0.77            196.04        163.55        0.73             178.19            169.78            0.75                 195.87             173.65             0.71                  168.09         183.08         0.76              209.34          171.8           0.68               158.49         196.72         0.69              202.27          164.05          0.63               181.39       198.06       0.69            189.81        196.04        0.66             190.82        217.43        0.67             197.73         215.74         0.71              204.29         229.89         0.69              217.26          215.41          0.74               177.92                     55.43                       158.73                    110.9                      160.49                   142.97                    43.67                         112.97                         136.33                                   67.03                                     61.63            3.02                                17.41                                -                    
187     1           244.78   200.73   0.83        246.33       199.44       0.83            243.88        199.19        0.84             249.55       201.38       0.82            242.33        200.99        0.56             251.74            212.59            0.8                  240.53             211.04             0.74                  249.55         222.77         0.79              236.02          218.39          0.74               242.59         231.01         0.75              228.68          223.28          0.72               250.19       232.56       0.69            241.43        232.69        0.59             250.84        249.44        0.77             237.18         246.86         0.63              252.26         266.06         0.77              250.84          246.61          0.46               151.99                     155.24                      177.31                    72.22                      173.39                   160.91                    7.72                          33.94                          172.28                                   146.06                                    55.6             5.35                                3.75                                 -                    
188     0           194.12   162.24   0.62        193.64       161.12       0.53            194.12        161.6         0.61             187.54       162.56       0.6             194.92        162.88        0.64             177.43            170.42            0.66                 194.12             172.35             0.64                  168.13         184.7          0.69              205.99          171.39          0.47               160.1          197.7          0.63              159.78          169.14          0.45               181.6        198.02       0.64            189.3         195.77        0.61             191.55        216.95        0.65             197.33         215.83         0.69              203.26         231.39         0.69              216.74          216.95          0.73               178.59                     7.42                        168.67                    115.11                     160.88                   146.59                    41.69                         106.25                         138.31                                   73.75                                     61.93            56.77                               1287.35                              -                    
188     1           244.94   201.01   0.83        246.61       199.72       0.81            244.03        199.46        0.84             249.96       201.66       0.83            242.49        201.4         0.57             252.29            212.61            0.79                 240.81             211.33             0.73                  249.96         222.8          0.78              236.3           218.8           0.72               242.74         230.79         0.75              229.08          222.54          0.7                250.48       233.11       0.68            241.33        233.24        0.57             251.0         249.88        0.77             237.59         247.04         0.62              252.54         266.51         0.76              251.64          246.14          0.56               150.75                     148.49                      176.45                    71.16                      173.21                   163.49                    7.8                           32.46                          172.2                                    147.54                                    55.31            8.05                                25.35                                -                    
189     0           194.12   162.24   0.62        193.8        161.27       0.53            193.96        161.59        0.61             187.54       162.56       0.6             194.92        162.88        0.64             177.43            170.42            0.66                 194.12             172.35             0.63                  168.28         184.71         0.69              206.0           171.55          0.46               160.09         197.71         0.62              159.77          169.14          0.46               181.76       198.03       0.64            189.3         195.94        0.61             191.55        216.97        0.65             197.49         215.85         0.69              203.27         231.42         0.69              216.75          216.97          0.73               179.56                     6.85                        168.29                    115.7                      161.58                   146.11                    41.56                         105.4                          138.44                                   74.6                                      61.96            0.51                                0.43                                 -                    
189     1           244.96   201.02   0.83        246.64       199.73       0.81            244.06        199.47        0.83             249.87       201.66       0.83            242.38        201.53        0.57             252.19            212.5             0.79                 240.83             211.34             0.72                  250.0          222.82         0.78              236.45          218.69          0.72               242.77         230.82         0.75              229.09          222.57          0.69               250.38       233.02       0.67            241.22        233.15        0.57             250.9         249.79        0.76             237.61         246.95         0.62              252.58         266.57         0.76              252.19          245.79          0.62               149.91                     148.57                      176.05                    70.78                      173.21                   164.32                    6.96                          31.83                          173.04                                   148.17                                    55.16            1.16                                0.8                                  -                    
190     0           193.9    162.79   0.61        193.43       161.7        0.54            193.75        161.7         0.61             187.18       162.64       0.6             194.06        162.95        0.64             177.03            170.6             0.66                 192.96             171.7              0.61                  168.6          184.82         0.68              203.59          171.7           0.46               160.63         198.41         0.61              160.16          167.95          0.49               181.87       197.94       0.63            188.9         195.6         0.6              192.03        217.0         0.62             197.34         215.9          0.67              202.65         232.15         0.67              216.55          217.93          0.7                179.69                     4.93                        173.02                    118.59                     162.0                    147.8                     40.73                         99.64                          139.27                                   80.36                                     62.25            26.54                               37.73                                -                    
190     1           244.85   201.34   0.84        246.65       200.05       0.82            244.08        199.8         0.84             249.99       201.98       0.85            242.66        201.85        0.6              252.18            212.65            0.78                 241.12             211.36             0.73                  249.99         222.93         0.78              236.75          218.82          0.72               242.79         230.77         0.75              228.91          222.42          0.71               250.25       233.47       0.68            241.51        233.47        0.58             250.89        249.79        0.76             237.91         247.22         0.63              252.69         266.76         0.77              252.56          245.94          0.64               149.44                     145.04                      176.2                     70.32                      172.46                   164.34                    6.71                          31.38                          173.29                                   148.62                                    55.01            1.75                                7.02                                 -                    
191     0           192.71   163.08   0.56        193.02       161.82       0.45            193.02        162.29        0.54             187.2        163.39       0.54            190.82        162.92        0.58             176.49            171.26            0.66                 191.29             171.11             0.59                  169.4          185.59         0.63              201.69          166.86          0.41               162.16         198.66         0.62              161.69          167.33          0.45               182.95       198.19       0.63            188.62        195.83        0.61             191.92        216.93        0.61             196.96         215.83         0.65              201.37         233.31         0.68              217.27          220.4           0.68               177.32                     21.57                       175.61                    125.32                     167.89                   151.17                    39.8                          118.43                         140.2                                    61.57                                     63.78            46.69                               49.56                                -                    
191     1           245.08   201.63   0.84        246.74       200.22       0.83            244.3         200.09        0.84             250.21       202.14       0.82            243.15        202.27        0.57             252.14            212.8             0.79                 241.74             211.78             0.73                  250.21         223.2          0.79              236.99          219.22          0.72               242.25         231.17         0.74              227.61          223.2           0.74               250.34       234.12       0.69            241.87        233.99        0.6              250.98        250.43        0.77             238.01         247.73         0.63              252.91         267.12         0.77              253.17          245.93          0.67               145.49                     145.54                      175.67                    67.57                      172.92                   164.01                    5.67                          32.87                          174.33                                   147.13                                    54.9             20.19                               45.76                                -                    
192     0           192.72   162.95   0.56        193.04       161.84       0.45            193.2         162.32        0.54             187.05       163.42       0.53            193.35        162.95        0.58             176.65            171.29            0.66                 191.3              170.98             0.58                  169.41         185.63         0.64              201.39          167.04          0.4                162.16         198.71         0.62              161.53          167.36          0.44               182.8        197.92       0.63            188.63        195.71        0.61             191.78        216.82        0.61             196.82         215.88         0.65              201.39         233.21         0.68              217.3           220.45          0.68               177.82                     20.88                       175.01                    124.68                     167.59                   151.71                    39.81                         117.52                         140.19                                   62.48                                     63.88            1.24                                4.79                                 -                    
192     1           245.21   201.62   0.84        246.88       200.21       0.81            244.31        200.08        0.83             250.23       202.14       0.78            243.03        202.27        0.52             252.41            212.8             0.81                 241.49             211.78             0.73                  250.48         222.96         0.8               236.86          219.1           0.75               242.39         231.18         0.75              227.61          223.08          0.74               250.61       234.01       0.7             241.87        234.14        0.59             251.13        250.46        0.78             237.89         248.02         0.63              252.92         267.16         0.78              252.67          246.34          0.62               146.2                      145.57                      175.64                    67.54                      173.36                   163.0                     5.9                           33.26                          174.1                                    146.74                                    55.13            4.13                                3.6                                  -                    
193     0           245.63   201.93   0.85        247.17       200.64       0.82            244.73        200.39        0.82             250.39       202.45       0.69            243.44        202.45        0.44             252.58            213.13            0.82                 241.77             212.1              0.75                  250.26         223.3          0.83              237.13          219.18          0.77               241.77         231.54         0.78              227.61          223.3           0.75               251.04       233.99       0.73            242.15        233.99        0.61             251.42        250.98        0.81             238.55         248.66         0.65              253.23         267.84         0.81              253.87          246.47          0.68               146.95                     146.59                      175.2                     68.07                      174.46                   165.19                    8.6                           34.22                          171.4                                    145.78                                    55.23            2590.55                             2604.57                              -                    
193     1           192.89   164.32   0.53        191.94       162.58       0.43            192.57        162.74        0.54             185.78       163.53       0.54            192.25        163.37        0.6              176.29            171.27            0.64                 190.99             170.48             0.59                  169.66         185.97         0.61              205.69          161.16          0.51               163.02         199.88         0.61              201.42          165.58          0.41               182.46       197.03       0.63            188.62        194.66        0.62             190.99        216.31        0.63             196.36         215.68         0.67              200.0          234.01         0.69              216.44          222.64          0.69               178.79                     13.65                       176.9                     129.33                     169.58                   154.18                    37.76                         127.99                         142.24                                   52.01                                     64.01            2566.7                              1900.79                              -                    
194     0           245.54   201.89   0.86        247.09       200.6        0.83            244.76        200.34        0.83             250.44       202.4        0.7             243.34        202.4         0.44             252.51            213.12            0.83                 241.79             211.96             0.76                  250.19         223.58         0.83              236.89          219.32          0.78               241.67         231.58         0.8               227.47          223.32          0.76               250.96       234.03       0.73            241.92        234.03        0.61             251.35        250.94        0.82             238.44         248.62         0.66              253.16         267.99         0.82              253.93          246.3           0.7                145.74                     146.7                       175.26                    68.03                      174.45                   166.23                    8.29                          34.03                          171.71                                   145.97                                    55.25            3.3                                 4.29                                 -                    
194     1           192.19   163.75   0.54        192.03       162.17       0.44            192.19        162.17        0.54             186.19       163.43       0.52            192.51        163.28        0.56             175.92            171.49            0.65                 190.77             170.7              0.58                  169.91         185.87         0.63              205.31          161.38          0.5                163.12         199.62         0.63              202.15          163.75          0.42               182.71       197.41       0.64            188.71        194.88        0.62             191.08        216.37        0.63             196.46         215.73         0.66              199.93         234.22         0.68              216.52          222.85          0.69               176.36                     4.2                         177.47                    129.88                     170.86                   154.78                    37.36                         127.53                         142.64                                   52.47                                     64.78            8.38                                59.31                                -                    
195     0           245.35   202.13   0.85        247.04       200.57       0.85            244.71        200.44        0.85             250.4        202.52       0.82            243.28        202.39        0.59             252.09            213.14            0.81                 241.47             212.36             0.77                  250.01         223.88         0.81              236.81          219.61          0.76               241.6          231.65         0.77              227.61          222.98          0.76               250.66       233.86       0.72            242.12        233.6         0.61             251.31        251.08        0.78             238.49         248.23         0.64              253.25         267.92         0.8               253.9           246.29          0.71               143.62                     142.85                      175.57                    68.9                       173.91                   164.34                    6.98                          34.48                          173.02                                   145.52                                    54.97            3.05                                11.12                                -                    
195     1           190.82   164.49   0.49        190.67       163.54       0.45            190.67        162.59        0.53             183.37       164.17       0.58            190.82        164.17        0.66             175.76            171.47            0.63                 189.71             170.52             0.59                  169.26         186.38         0.64              202.08          161.48          0.48               163.55         200.65         0.62              163.23          200.81          0.41               182.89       197.16       0.61            188.92        195.26        0.6              190.19        216.51        0.68             196.06         216.19         0.68              199.23         234.9          0.75              215.72          223.49          0.72               178.24                     9.19                        174.49                    129.18                     174.87                   159.34                    39.09                         127.99                         140.91                                   52.01                                     64.71            33.6                                1616.62                              -                    
196     0           245.9    202.45   0.85        247.46       201.16       0.84            245.0         200.9         0.83             250.56       202.84       0.74            243.45        202.84        0.47             252.76            213.58            0.83                 241.89             212.67             0.76                  250.43         223.93         0.82              237.37          219.79          0.78               241.76         231.69         0.78              228.7           222.63          0.78               251.21       233.76       0.72            242.67        233.76        0.6              251.73        251.35        0.81             238.92         249.03         0.67              253.41         268.43         0.83              254.44          246.7           0.71               144.53                     140.65                      176.06                    67.66                      173.92                   164.08                    8.28                          34.58                          171.72                                   145.42                                    55.11            5.14                                34.3                                 -                    
196     1           189.14   164.9    0.52        186.61       163.79       0.42            189.14        162.53        0.51             185.51       164.74       0.63            185.66        164.27        0.64             175.24            172.32            0.64                 187.4              170.59             0.61                  170.03         187.64         0.64              198.77          163.0           0.44               164.5          200.91         0.62              197.35          162.06          0.47               183.61       197.28       0.65            188.19        195.07        0.64             189.77        216.23        0.7              194.82         216.23         0.7               197.67         235.98         0.71              214.57          225.08          0.7                176.17                     67.38                       176.2                     131.54                     179.46                   164.44                    37.33                         121.84                         142.67                                   58.16                                     65.63            29.73                               1553.31                              -                    
197     0           188.27   164.33   0.51        189.69       163.23       0.44            189.85        162.6         0.51             183.71       164.33       0.63            191.42        164.17        0.64             175.68            171.89            0.64                 187.96             170.47             0.6                   169.85         186.69         0.64              198.35          163.07          0.45               164.81         200.38         0.64              198.03          161.97          0.44               183.86       197.23       0.62            188.27        195.5         0.6              189.69        216.28        0.72             194.88         216.13         0.71              197.88         235.81         0.74              214.56          225.42          0.7                178.71                     109.51                      174.25                    133.04                     179.1                    162.94                    39.38                         124.73                         140.62                                   55.27                                     66.28            2499.2                              2044.94                              -                    
197     1           245.87   202.42   0.86        247.41       201.13       0.85            244.97        200.88        0.84             250.5        202.93       0.72            243.56        202.8         0.45             252.68            213.59            0.83                 242.02             212.57             0.77                  250.37         224.25         0.82              237.39          219.76          0.78               241.63         231.71         0.79              228.92          222.71          0.8                251.27       233.63       0.73            242.4         233.76        0.61             251.78        251.36        0.82             238.94         248.92         0.7               253.45         268.44         0.84              254.48          246.73          0.72               142.7                      141.95                      176.08                    69.11                      174.31                   166.07                    8.2                           33.78                          171.8                                    146.22                                    55.17            2498.56                             2057.07                              -                    
198     0           189.1    165.87   0.58        189.43       164.75       0.48            187.98        164.11        0.55             184.92       164.75       0.61            185.25        164.11        0.65             174.79            173.59            0.65                 186.05             170.7              0.58                  170.77         187.42         0.64              195.54          165.07          0.37               165.63         200.93         0.63              164.5           200.93          0.39               184.92       197.39       0.64            188.3         195.62        0.64             189.91        217.49        0.7              194.25         217.01         0.69              196.66         237.59         0.7               214.19          227.78          0.7                175.35                     18.45                       175.36                    133.93                     170.87                   169.61                    39.27                         115.52                         140.73                                   64.48                                     66.81            29.47                               1546.34                              -                    
198     1           246.04   202.95   0.83        247.58       201.79       0.82            245.27        201.54        0.81             250.91       203.71       0.68            243.99        203.71        0.43             253.61            214.1             0.82                 241.94             213.33             0.75                  250.53         224.36         0.8               237.45          220.13          0.77               241.81         231.79         0.75              229.12          222.43          0.78               251.55       234.49       0.69            242.96        234.49        0.55             251.68        251.41        0.78             239.12         249.23         0.65              253.86         268.85         0.82              254.76          247.05          0.69               147.16                     138.92                      173.31                    67.45                      173.82                   162.6                     10.95                         36.22                          169.05                                   143.78                                    55.0             5.96                                10.36                                -                    
199     0           188.94   165.87   0.57        190.23       164.74       0.48            187.98        163.94        0.55             184.92       164.74       0.6             185.24        164.1         0.64             174.79            173.75            0.65                 186.05             170.69             0.58                  170.77         187.26         0.64              195.54          164.9           0.37               165.62         200.77         0.63              164.5           200.93          0.39               184.92       197.55       0.64            188.3         195.62        0.64             189.91        217.49        0.69             194.25         217.01         0.69              196.66         237.6          0.7               214.19          227.79          0.7                175.72                     17.86                       175.46                    133.93                     170.98                   169.61                    39.63                         116.23                         140.37                                   63.77                                     66.82            4.85                                0.16                                 -                    
199     1           246.04   202.94   0.83        247.58       201.79       0.81            245.15        201.53        0.81             250.92       203.71       0.69            243.99        203.71        0.44             253.61            214.1             0.82                 241.94             213.33             0.75                  250.53         224.36         0.8               237.33          220.12          0.77               241.81         231.79         0.75              229.12          222.43          0.78               251.56       234.61       0.69            242.97        234.61        0.55             251.69        251.41        0.77             239.12         249.23         0.64              253.87         268.85         0.81              254.76          247.05          0.69               147.16                     139.89                      173.31                    67.32                      173.85                   162.5                     10.99                         36.95                          169.01                                   143.05                                    55.01            0.07                                0.03                                 -                    
200     0           246.23   202.82   0.85        247.77       201.67       0.83            245.46        201.41        0.83             251.09       203.72       0.7             244.18        203.59        0.42             253.52            213.95            0.83                 242.39             213.05             0.78                  250.58         224.57         0.82              237.66          220.22          0.78               241.75         231.73         0.79              229.47          222.39          0.8                251.48       235.19       0.72            242.9         234.93        0.6              251.86        251.69        0.8              239.07         249.0          0.68              253.91         269.09         0.83              254.8           246.96          0.72               144.55                     138.33                      174.62                    67.33                      173.16                   163.4                     9.98                          34.79                          170.02                                   145.21                                    55.2             2472.44                             2058.55                              -                    
200     1           188.41   166.43   0.61        186.81       164.99       0.51            186.97        164.83        0.58             184.89       164.83       0.6             185.37        164.51        0.65             175.12            173.95            0.64                 185.21             170.75             0.58                  170.96         187.24         0.66              193.69          159.86          0.41               166.0          200.52         0.65              196.89          164.35          0.42               185.37       197.48       0.66            188.25        195.56        0.65             189.69        217.97        0.7              194.01         217.17         0.7               196.09         238.14         0.71              213.54          228.21          0.7                176.91                     73.47                       174.3                     134.42                     168.38                   172.06                    40.92                         135.08                         139.08                                   44.92                                     66.75            2467.2                              1998.39                              -                    
201     0           246.27   203.39   0.84        247.94       202.11       0.84            245.63        201.85        0.84             251.4        204.16       0.76            244.48        204.16        0.5              253.58            214.29            0.82                 242.43             213.39             0.79                  250.63         224.93         0.81              237.68          220.57          0.77               242.04         231.73         0.78              229.99          222.11          0.79               251.66       235.83       0.74            243.2         235.57        0.62             252.04        251.73        0.8              239.35         249.04         0.65              254.22         268.78         0.82              254.99          246.98          0.69               143.83                     134.76                      174.1                     66.58                      173.51                   162.07                    10.39                         35.44                          169.61                                   144.56                                    54.49            8.71                                17.76                                -                    
201     1           185.16   166.02   0.6         184.52       164.24       0.51            184.68        163.59        0.58             183.06       164.88       0.63            185.0         164.56        0.64             175.29            173.46            0.63                 182.74             171.03             0.6                   171.25         187.22         0.66              171.89          161.16          0.45               166.39         200.32         0.66              166.39          163.1           0.49               186.3        197.73       0.65            188.89        196.12        0.63             188.89        218.61        0.72             193.74         217.8          0.72              194.87         239.0          0.76              211.38          229.94          0.73               176.07                     118.24                      170.71                    137.15                     162.68                   178.84                    40.78                         146.09                         139.22                                   33.91                                     68.46            13.22                               918.29                               -                    
202     0           246.27   203.35   0.84        247.94       202.07       0.84            245.63        201.82        0.83             251.41       204.12       0.76            244.48        204.12        0.5              253.59            214.26            0.82                 242.42             213.36             0.79                  250.64         224.91         0.8               237.68          220.42          0.77               242.04         231.71         0.78              229.98          222.09          0.79               251.66       235.82       0.73            243.19        235.56        0.62             252.05        251.73        0.8              239.34         249.03         0.66              254.23         268.79         0.82              255.0           246.98          0.69               143.83                     136.15                      174.1                     66.58                      173.51                   162.07                    10.39                         35.92                          169.61                                   144.08                                    54.53            0.51                                0.81                                 -                    
202     1           185.0    165.93   0.6         184.52       164.15       0.51            184.68        163.5         0.58             183.06       164.96       0.63            185.0         164.63        0.64             175.45            173.38            0.63                 182.9              170.95             0.6                   171.23         187.15         0.66              171.88          161.23          0.45               166.38         200.27         0.66              166.38          163.01          0.49               186.3        197.84       0.65            188.89        196.22        0.63             188.89        218.74        0.72             193.59         217.93         0.72              194.88         239.15         0.76              211.41          229.91          0.73               176.68                     120.65                      170.71                    136.14                     163.14                   178.87                    40.94                         144.77                         139.06                                   35.23                                     68.6             1.67                                2.71                                 -                    
203     0           246.39   203.49   0.86        248.21       202.2        0.86            245.88        201.94        0.85             251.83       204.27       0.87            244.71        204.14        0.62             253.77            214.37            0.82                 242.77             213.33             0.82                  250.54         225.24         0.8               237.98          220.84          0.79               242.12         231.58         0.79              230.73          222.0           0.81               251.31       236.5        0.74            243.29        235.98        0.65             252.22        251.65        0.78             239.4          248.67         0.66              254.29         268.6          0.81              255.2           247.37          0.73               143.58                     131.67                      176.46                    68.29                      170.24                   161.67                    10.23                         33.84                          169.77                                   146.16                                    54.49            4.62                                22.84                                -                    
203     1           178.03   161.98   0.65        178.53       160.81       0.53            178.36        161.31        0.49             180.04       163.49       0.66            189.25        164.66        0.64             175.51            173.21            0.67                 182.72             171.53             0.63                  171.83         186.61         0.62              171.66          161.64          0.44               166.97         199.18         0.66              166.8           199.18          0.47               186.74       199.35       0.67            189.09        198.01        0.64             188.08        219.46        0.73             192.94         218.45         0.72              193.61         239.91         0.73              210.04          231.86          0.71               174.24                     55.58                       168.68                    138.78                     160.57                   177.15                    38.62                         145.32                         141.38                                   34.68                                     73.91            37.26                               1088.15                              -                    
204     0           246.46   203.42   0.84        248.15       202.12       0.85            245.94        201.99        0.84             251.78       204.33       0.81            244.77        204.07        0.54             253.86            214.45            0.82                 242.7              213.15             0.8                   250.61         225.47         0.8               237.9           220.67          0.78               242.31         231.57         0.78              230.77          221.97          0.78               251.52       236.5        0.72            243.48        235.85        0.62             252.17        251.68        0.77             239.33         248.82         0.67              254.37         268.54         0.8               255.28          247.27          0.73               142.68                     132.84                      175.0                     66.68                      171.51                   160.29                    10.35                         34.5                           169.65                                   145.5                                     54.48            5.65                                1.41                                 -                    
204     1           177.52   161.89   0.65        178.35       160.72       0.51            177.85        160.88        0.47             180.19       163.06       0.65            189.39        163.9         0.62             175.68            173.1             0.66                 182.53             171.42             0.62                  171.83         186.48         0.62              194.75          161.05          0.44               166.81         199.19         0.65              166.64          199.02          0.43               186.88       199.69       0.67            189.06        198.36        0.65             188.22        219.43        0.71             192.74         218.43         0.7               193.74         239.84         0.71              209.97          231.81          0.69               174.5                      13.15                       168.74                    138.23                     161.03                   176.77                    38.89                         116.72                         141.11                                   63.28                                     73.94            4.7                                 6.66                                 -                    
205     0           246.81   203.42   0.83        248.37       202.12       0.83            246.03        201.99        0.82             251.89       204.2        0.78            244.86        204.07        0.52             253.97            214.36            0.81                 242.77             213.31             0.79                  250.85         225.42         0.79              238.09          220.6           0.78               242.25         231.54         0.77              231.06          221.91          0.77               251.76       236.62       0.71            243.56        235.84        0.6              252.28        251.85        0.77             239.26         248.99         0.66              254.49         268.78         0.8               255.4           247.82          0.72               141.22                     133.23                      174.51                    67.75                      172.36                   159.92                    10.09                         34.72                          169.91                                   145.28                                    54.88            1.9                                 8.98                                 -                    
205     1           177.69   161.68   0.65        178.2        160.68       0.6             177.86        160.68        0.59             180.04       163.36       0.66            182.72        163.69        0.61             175.69            172.4             0.64                 182.05             170.72             0.62                  171.67         187.8          0.58              193.43          161.35          0.52               167.15         199.18         0.64              166.98          199.01          0.44               186.9        198.68       0.66            188.74        197.34        0.63             187.57        219.27        0.73             192.59         218.6          0.71              192.93         240.19         0.77              208.66          231.99          0.74               172.96                     15.45                       167.5                     140.07                     158.75                   176.14                    37.73                         115.35                         142.27                                   64.65                                     74.41            10.19                               10.19                                -                    
206     0           246.96   203.72   0.84        248.66       202.55       0.84            246.31        202.29        0.82             252.18       204.5        0.77            245.14        204.24        0.5              254.26            214.79            0.82                 243.06             213.62             0.79                  250.87         225.87         0.8               238.24          221.05          0.79               242.4          231.73         0.78              231.46          221.7           0.78               252.18       236.68       0.73            243.84        236.03        0.62             252.44        252.05        0.78             239.54         249.32         0.66              254.78         269.38         0.8               255.43          248.4           0.73               141.7                      128.48                      173.26                    68.79                      173.59                   160.07                    11.57                         34.99                          168.43                                   145.01                                    55.17            7.23                                13.69                                -                    
206     1           175.75   161.75   0.72        176.92       160.08       0.66            175.58        159.92        0.6              180.93       162.92       0.71            189.28        162.75        0.59             177.76            173.94            0.68                 177.59             172.94             0.66                  173.41         188.8          0.56              173.58          162.09          0.49               167.74         198.82         0.62              167.57          198.82          0.54               188.28       199.32       0.69            189.44        197.82        0.65             186.94        220.03        0.7              191.78         219.86         0.7               192.12         240.4          0.72              207.48          233.56          0.68               166.75                     29.56                       162.05                    137.15                     153.8                    160.58                    38.8                          174.79                         141.2                                    5.21                                      75.23            20.66                               18.58                                -                    
207     0           246.96   203.71   0.84        248.65       202.53       0.84            246.3         202.27        0.82             252.17       204.49       0.78            245.13        204.23        0.51             254.25            214.78            0.81                 243.18             213.61             0.79                  250.87         225.86         0.8               238.23          221.04          0.79               242.4          231.72         0.77              231.45          221.69          0.78               252.17       236.68       0.73            243.96        236.02        0.62             252.43        251.92        0.78             239.66         249.19         0.66              254.78         269.25         0.8               255.43          248.4           0.73               141.7                      129.18                      173.27                    69.07                      173.58                   159.91                    11.57                         35.69                          168.43                                   144.31                                    55.12            0.31                                0.42                                 -                    
207     1           175.73   161.74   0.72        176.9        160.07       0.66            175.57        159.9         0.59             180.91       162.74       0.71            189.26        162.74        0.59             177.74            173.93            0.68                 177.57             173.09             0.66                  173.56         188.79         0.56              173.56          162.07          0.49               167.72         198.81         0.62              167.55          198.81          0.53               188.26       199.31       0.69            189.43        197.81        0.65             186.92        220.02        0.7              191.6          219.85         0.7               192.1          240.23         0.71              207.46          233.55          0.67               165.43                     29.28                       161.94                    136.42                     153.8                    160.0                     38.2                          174.35                         141.8                                    5.65                                      75.15            0.68                                0.68                                 -                    
208     0           247.3    203.99   0.82        248.85       202.82       0.83            246.52        202.69        0.81             252.48       204.77       0.72            245.35        204.51        0.46             254.69            215.27            0.81                 243.15             214.1              0.77                  251.19         225.77         0.78              238.48          221.1           0.78               242.37         231.74         0.74              232.0           221.62          0.76               252.74       237.06       0.72            244.44        236.28        0.59             252.74        252.23        0.76             240.04         249.76         0.65              255.08         269.35         0.8               255.47          248.86          0.69               142.51                     128.26                      172.23                    68.53                      174.9                    158.55                    13.33                         37.04                          166.67                                   142.96                                    55.11            0.9                                 16.55                                -                    
208     1           176.21   160.26   0.8         177.62       159.03       0.76            175.86        157.45        0.73             181.13       163.07       0.8             189.03        161.84        0.62             176.74            173.78            0.69                 176.74             172.38             0.67                  175.51         189.23         0.52              177.97          153.41          0.56               169.02         196.96         0.57              168.84          197.14          0.53               188.33       198.54       0.71            189.03        197.66        0.67             186.05        220.14        0.73             191.32         219.79         0.72              190.79         241.03         0.81              205.54          235.59          0.72               144.49                     8.09                        161.18                    143.9                      148.88                   159.97                    29.63                         150.37                         150.37                                   29.63                                     78.05            68.06                               63.65                                -                    
209     0           246.99   204.02   0.83        248.54       202.73       0.84            246.34        202.6         0.82             252.31       204.8        0.79            245.17        204.54        0.52             254.51            214.93            0.8                  243.35             213.89             0.78                  251.01         225.83         0.78              238.42          221.16          0.78               242.31         231.8          0.74              231.93          221.55          0.77               252.44       236.73       0.73            244.39        236.08        0.62             252.83        252.05        0.77             239.98         249.32         0.66              255.03         269.44         0.79              255.81          248.54          0.72               142.29                     127.59                      174.23                    68.75                      173.1                    158.89                    12.38                         36.84                          167.62                                   143.16                                    54.97            2.47                                3.06                                 -                    
209     1           176.25   160.23   0.84        177.99       159.19       0.82            176.08        157.45        0.82             181.12       163.53       0.81            188.93        161.44        0.6              176.95            173.95            0.71                 176.77             171.69             0.68                  174.69         189.41         0.53              177.99          153.11          0.61               169.13         197.06         0.6               169.13          146.33          0.51               188.41       198.45       0.72            189.11        197.75        0.68             185.81        219.99        0.73             191.37         219.81         0.72              190.85         241.01         0.83              205.44          235.62          0.74               152.28                     123.66                      159.62                    144.17                     148.02                   160.51                    33.39                         150.93                         146.61                                   29.07                                     78.09            4.53                                1528.39                              -                    
210     0           247.16   203.94   0.84        248.85       202.64       0.84            246.51        202.51        0.83             252.49       204.72       0.83            245.47        204.33        0.57             254.7             214.86            0.8                  243.65             213.82             0.77                  250.93         226.03         0.76              238.58          221.23          0.78               242.09         231.75         0.74              232.08          221.49          0.76               252.49       236.43       0.71            244.43        235.65        0.62             253.14        251.9         0.76             239.88         248.91         0.66              255.35         269.58         0.78              255.87          248.65          0.73               141.54                     126.67                      175.28                    70.13                      171.75                   159.02                    12.79                         36.43                          167.21                                   143.57                                    55.18            6.95                                4.77                                 -                    
210     1           175.76   160.11   0.78        178.05       159.16       0.75            175.95        158.78        0.73             181.28       162.39       0.79            188.9         160.49        0.61             176.9             174.01            0.7                  176.33             172.11             0.66                  175.57         156.3          0.56              177.28          153.82          0.6                169.28         196.3          0.58              185.47          141.82          0.54               188.52       198.21       0.73            188.71        197.45        0.69             185.09        219.92        0.75             191.19         219.92         0.71              190.43         241.07         0.8               204.91          237.64          0.74               13.24                      148.67                      156.87                    148.54                     145.37                   160.24                    158.65                        150.97                         21.35                                    29.03                                     79.25            23.12                               510.06                               -                    
211     0           247.69   204.21   0.83        249.38       202.91       0.84            247.04        202.78        0.83             253.02       204.99       0.82            245.73        204.73        0.56             255.11            215.41            0.8                  243.78             214.24             0.77                  251.33         226.08         0.77              239.09          221.4           0.78               242.61         231.94         0.74              232.84          221.4           0.78               253.02       236.63       0.7             244.95        235.85        0.6              253.55        252.39        0.76             240.26         249.39         0.65              255.63         269.83         0.79              256.15          249.26          0.73               143.36                     123.21                      175.08                    70.44                      172.5                    157.8                     13.87                         36.31                          166.13                                   143.69                                    55.34            16.68                               23.17                                -                    
211     1           175.29   160.15   0.81        176.85       158.76       0.74            175.12        156.68        0.71             180.67       163.8        0.82            187.97        162.41        0.58             175.81            174.57            0.71                 176.16             172.31             0.67                  174.94         189.68         0.55              175.64          154.08          0.59               169.9          195.41         0.55              177.37          195.59          0.52               188.66       198.54       0.73            189.7         197.84        0.7              184.67        220.25        0.76             190.57         220.25         0.74              189.36         241.27         0.84              203.08          238.49          0.75               141.98                     0.76                        157.0                     147.78                     141.37                   154.27                    31.49                         153.69                         148.51                                   26.31                                     79.72            32.67                               1635.72                              -                    
212     0           247.67   204.13   0.83        249.23       202.95       0.85            247.02        202.82        0.83             252.88       204.91       0.79            245.72        204.65        0.53             255.22            215.32            0.8                  243.64             214.15             0.77                  251.32         225.99         0.78              239.08          221.44          0.79               242.73         231.85         0.74              232.96          221.44          0.79               253.14       236.67       0.7             244.81        235.75        0.59             253.53        252.55        0.77             240.12         249.55         0.66              255.61         269.99         0.8               256.0           249.29          0.73               144.38                     122.01                      174.6                     70.3                       173.02                   158.14                    14.52                         35.11                          165.48                                   144.89                                    55.51            4.54                                3.87                                 -                    
212     1           174.89   160.09   0.84        176.78       159.06       0.78            175.41        157.51        0.77             180.38       164.2        0.81            187.42        163.18        0.64             175.75            175.87            0.72                 175.92             172.27             0.67                  175.41         189.77         0.59              175.41          154.94          0.61               169.92         195.61         0.62              177.47          195.61          0.53               188.62       198.53       0.74            189.48        197.84        0.7              184.5         220.32        0.77             190.85         220.15         0.76              189.48         241.26         0.84              203.04          238.51          0.75               138.15                     1.2                         155.93                    149.96                     139.69                   155.59                    31.02                         153.77                         148.98                                   26.23                                     79.8             5.9                                 2.87                                 -                    
213     0           248.05   204.32   0.84        249.61       203.02       0.85            247.28        202.89        0.84             253.25       205.1        0.79            245.98        204.71        0.52             255.46            215.49            0.8                  244.16             214.32             0.77                  251.43         226.27         0.78              239.48          221.6           0.79               243.12         231.99         0.75              233.51          221.34          0.8                253.64       236.15       0.73            245.33        235.37        0.61             253.9         252.65        0.8              240.39         249.66         0.67              255.98         269.79         0.8               255.98          249.66          0.69               144.99                     120.25                      173.99                    70.94                      174.07                   157.76                    15.45                         35.92                          164.55                                   144.08                                    55.41            12.51                               16.54                                -                    
213     1           173.5    162.49   0.82        175.64       161.18       0.79            174.16        160.2         0.79             179.41       164.95       0.82            179.9         163.48        0.58             175.64            176.92            0.69                 174.82             171.35             0.64                  175.8          190.36         0.57              173.67          156.92          0.58               170.72         194.3          0.61              172.52          192.99          0.57               189.57       197.91       0.71            188.1         197.41        0.66             183.34        220.2         0.71             189.57         220.2          0.7               188.26         241.19         0.77              201.21          239.71          0.72               127.05                     6.37                        151.2                     152.88                     130.8                    156.71                    32.89                         157.55                         147.11                                   22.45                                     77.96            46.19                               168.37                               -                    
214     0           248.06   204.32   0.83        249.62       203.02       0.85            247.28        202.89        0.84             253.25       205.1        0.78            245.98        204.71        0.51             255.46            215.62            0.8                  244.16             214.32             0.77                  251.43         226.15         0.77              239.48          221.47          0.79               243.12         232.0          0.74              233.5           221.34          0.79               253.64       236.28       0.73            245.33        235.37        0.61             253.9         252.66        0.79             240.52         249.67         0.67              255.98         269.81         0.79              255.98          249.54          0.7                146.05                     121.96                      174.0                     70.93                      174.06                   158.23                    15.91                         36.39                          164.09                                   143.61                                    55.36            0.15                                0.1                                  -                    
214     1           173.57   162.56   0.8         175.72       161.07       0.78            173.9         160.24        0.78             179.86       164.88       0.81            186.66        163.06        0.54             175.55            177.14            0.68                 174.89             173.33             0.63                  176.05         190.56         0.56              173.57          157.59          0.54               170.75         194.37         0.58              172.07          193.54          0.58               189.64       198.52       0.71            188.15        197.85        0.65             183.18        220.55        0.68             189.47         220.55         0.68              188.31         240.77         0.72              201.24          240.11          0.68               123.59                     7.19                        149.4                     152.31                     130.28                   154.95                    31.26                         156.42                         148.74                                   23.58                                     77.88            2.42                                21.47                                -                    
215     0           248.19   204.2    0.83        249.88       203.02       0.85            247.4         202.89        0.82             253.41       204.98       0.79            246.23        204.59        0.52             255.62            215.42            0.79                 244.27             214.24             0.76                  251.58         226.25         0.76              239.71          221.55          0.79               243.36         231.99         0.74              233.7           221.29          0.78               253.8        236.16       0.71            245.71        235.38        0.6              253.93        252.34        0.77             240.88         249.73         0.66              256.15         269.69         0.78              256.41          249.86          0.72               145.41                     119.52                      173.18                    71.89                      174.51                   157.52                    15.45                         35.89                          164.55                                   144.11                                    55.58            7.25                                6.27                                 -                    
215     1           174.17   162.37   0.77        176.33       161.48       0.71            173.63        161.3         0.68             179.93       164.53       0.79            186.22        162.91        0.55             175.61            177.12            0.69                 175.43             175.14             0.64                  175.97         190.43         0.52              172.73          156.8           0.61               171.66         193.49         0.57              171.3           144.75          0.64               188.92       199.06       0.74            188.92        198.52        0.7              183.17        220.64        0.73             189.64         220.64         0.72              188.2          241.32         0.76              200.25          240.06          0.72               123.76                     178.44                      151.38                    153.22                     133.83                   151.88                    29.69                         158.38                         150.31                                   21.62                                     78.32            38.16                               1468.08                              -                    
216     0           248.62   204.39   0.82        250.32       203.21       0.84            247.84        203.08        0.82             253.98       205.17       0.77            246.53        204.78        0.49             255.94            215.76            0.79                 244.83             214.45             0.76                  251.89         226.48         0.76              240.26          221.9           0.78               243.52         232.1          0.73              234.51          221.38          0.79               254.24       236.8        0.71            246.01        235.76        0.58             254.37        252.62        0.77             241.04         249.74         0.65              256.33         270.0          0.79              256.72          250.79          0.73               144.61                     116.36                      174.04                    74.26                      174.91                   157.29                    16.09                         34.71                          163.91                                   145.29                                    56.0             5.96                                24.27                                -                    
216     1           172.39   162.8    0.81        175.81       161.85       0.8             172.77        160.33        0.81             178.08       166.59       0.74            183.96        162.99        0.54             175.05            177.4             0.68                 175.05             169.62             0.66                  176.94         192.19         0.57              171.07          156.35          0.68               170.12         192.76         0.62              168.03          143.64          0.7                189.65       198.83       0.81            188.7         198.45        0.74             182.82        220.07        0.75             188.13         220.07         0.73              186.43         241.31         0.81              198.75          240.36          0.73               87.46                      176.73                      152.55                    150.87                     127.91                   153.15                    26.97                         171.35                         153.03                                   8.65                                      78.04            51.17                               103.71                               -                    
217     0           248.59   204.4    0.82        250.29       203.22       0.84            247.81        203.09        0.82             253.95       205.18       0.78            246.5         204.79        0.5              256.04            215.64            0.79                 244.8              214.33             0.76                  251.99         226.49         0.76              240.23          221.91          0.78               243.49         232.11         0.74              234.47          221.39          0.79               254.21       236.68       0.71            245.98        235.77        0.58             254.47        252.63        0.77             241.01         249.75         0.65              256.43         270.01         0.79              256.69          250.67          0.73               143.97                     115.91                      174.5                     73.79                      174.09                   157.31                    15.51                         34.25                          164.49                                   145.75                                    55.94            1.0                                 1.01                                 -                    
217     1           172.53   163.3    0.78        175.57       162.54       0.77            172.72        160.64        0.76             177.67       166.92       0.74            183.37        163.11        0.61             175.19            177.57            0.68                 175.38             169.96             0.65                  177.29         192.22         0.56              171.01          156.07          0.68               169.68         192.79         0.61              167.96          143.9           0.71               189.27       199.07       0.8             189.27        198.87        0.73             182.42        219.99        0.81             189.08         220.18         0.77              186.61         241.49         0.84              198.4           239.78          0.76               86.16                      176.55                      150.86                    154.05                     128.66                   153.84                    25.09                         171.83                         154.91                                   8.17                                      77.33            13.28                               7.86                                 -                    
218     0           248.68   204.72   0.83        250.37       203.42       0.86            248.03        203.29        0.85             254.27       205.37       0.85            246.73        204.98        0.56             256.09            215.77            0.79                 245.17             214.73             0.77                  252.06         226.82         0.76              240.49          222.27          0.78               243.22         232.15         0.74              235.03          221.36          0.8                254.27       236.7        0.71            246.21        235.92        0.61             254.79        252.95        0.78             241.14         249.7          0.64              256.74         270.37         0.79              257.26          250.87          0.74               141.12                     112.37                      175.45                    73.95                      173.2                    156.99                    15.07                         34.64                          164.93                                   145.36                                    55.9             8.22                                16.85                                -                    
218     1           170.71   162.71   0.8         173.09       161.42       0.78            171.62        160.88        0.72             175.65       166.91       0.73            181.5         164.72        0.6              175.28            178.44            0.67                 174.55             169.66             0.64                  178.02         192.71         0.58              169.06          157.22          0.64               171.26         191.8          0.63              163.94          146.06          0.69               189.55       198.75       0.81            189.55        198.38        0.75             181.68        220.52        0.79             188.27         220.34         0.75              185.89         242.11         0.79              197.05          241.01          0.77               71.42                      179.15                      149.1                     153.65                     125.04                   149.08                    24.21                         176.23                         155.79                                   3.77                                      78.85            56.1                                137.48                               -                    
219     0           248.69   204.61   0.83        250.38       203.31       0.86            248.04        203.18        0.84             254.28       205.39       0.84            246.74        205.0         0.55             256.23            215.79            0.78                 245.18             214.75             0.77                  252.07         226.84         0.76              240.63          222.29          0.77               243.1          232.3          0.73              234.9           221.38          0.8                254.41       236.72       0.71            246.22        235.94        0.6              254.8         253.11        0.78             241.28         249.86         0.63              256.75         270.4          0.8               257.27          250.9           0.74               141.96                     112.07                      174.93                    74.17                      173.67                   157.64                    15.66                         33.92                          164.34                                   146.08                                    56.04            5.9                                 3.92                                 -                    
219     1           169.69   163.01   0.8         172.27       161.72       0.78            170.42        160.79        0.77             175.41       167.44       0.72            181.31        163.93        0.59             175.96            178.32            0.65                 175.41             169.1              0.63                  177.99         192.71         0.57              169.32          156.73          0.68               170.98         191.79         0.63              164.15          145.85          0.71               189.24       199.17       0.75            188.87        198.8         0.7              181.49        220.38        0.77             188.51         220.57         0.74              185.55         241.79         0.79              196.99          240.86          0.74               74.48                      179.17                      149.2                     156.34                     127.43                   154.64                    24.48                         178.17                         155.52                                   1.83                                      78.32            8.34                                8.98                                 -                    
220     0           248.91   204.82   0.84        250.61       203.39       0.86            248.13        203.26        0.86             254.65       205.47       0.92            246.96        204.95        0.64             256.34            215.77            0.78                 245.52             214.6              0.77                  252.17         226.85         0.75              240.7           222.42          0.78               243.31         232.33         0.73              235.23          221.38          0.8                254.39       236.63       0.71            246.44        235.72        0.61             255.04        252.79        0.77             241.35         249.53         0.65              257.0          270.26         0.78              257.39          251.36          0.72               142.33                     110.88                      175.92                    76.29                      172.34                   157.33                    15.27                         34.13                          164.73                                   145.87                                    55.99            6.43                                9.69                                 -                    
220     1           169.98   164.21   0.8         172.44       162.81       0.73            170.68        162.81        0.77             174.37       166.32       0.7             181.05        164.91        0.57             175.95            178.79            0.65                 175.78             168.95             0.64                  178.59         192.67         0.61              168.75          157.89          0.7                171.21         191.61         0.66              162.08          148.4           0.77               189.3        199.52       0.74            189.65        199.17        0.7              181.05        220.77        0.74             188.42         220.95         0.7               184.73         241.5          0.77              196.5           241.15          0.72               71.12                      177.28                      148.68                    154.97                     125.99                   152.1                     22.03                         172.26                         157.97                                   7.74                                      77.11            8.71                                99.02                                -                    
221     0           249.27   204.88   0.82        250.94       203.59       0.86            248.5         203.46        0.85             254.94       205.78       0.85            246.82        205.27        0.58             256.87            216.34            0.79                 245.66             214.92             0.77                  252.62         226.77         0.76              241.16          222.39          0.79               243.86         232.31         0.73              235.75          221.36          0.8                255.32       236.17       0.72            247.34        235.27        0.6              255.58        253.04        0.8              241.54         249.95         0.63              257.38         270.17         0.79              257.0           252.4           0.64               144.47                     110.32                      174.87                    77.46                      174.67                   153.76                    17.71                         35.81                          162.29                                   144.19                                    56.4             16.64                               15.72                                landing              
221     1           167.86   164.13   0.81        169.16       162.34       0.76            168.19        162.02        0.8              172.25       167.55       0.74            177.45        164.95        0.6              176.96            178.76            0.65                 175.34             170.47             0.63                  179.24         193.23         0.59              166.24          159.42          0.68               171.76         190.63         0.63              158.27          151.29          0.74               189.81       199.57       0.72            189.48        199.41        0.68             180.05        221.19        0.73             188.18         221.67         0.69              183.63         242.16         0.75              195.17          242.16          0.71               61.88                      175.05                      146.04                    157.81                     124.04                   150.61                    22.74                         166.58                         157.26                                   13.42                                     78.02            34.0                                143.68                               -                    
222     0           249.28   204.81   0.83        250.95       203.65       0.86            248.5         203.39        0.85             254.93       205.71       0.86            246.96        205.19        0.58             256.73            216.25            0.79                 245.8              214.97             0.77                  252.62         226.8          0.76              241.17          222.42          0.79               243.75         232.32         0.74              235.77          221.4           0.8                255.32       236.05       0.72            247.35        235.28        0.6              255.58        253.15        0.8              241.56         249.81         0.63              257.5          270.26         0.79              257.25          252.38          0.64               143.25                     111.04                      174.43                    77.6                       175.05                   153.94                    17.23                         36.17                          162.77                                   143.83                                    56.51            3.5                                 1.23                                 -                    
222     1           167.79   165.37   0.83        169.96       163.87       0.8             168.46        163.2         0.77             173.63       167.54       0.66            179.8         164.87        0.59             177.63            179.04            0.64                 175.46             171.04             0.62                  179.3          193.38         0.56              166.96          159.53          0.67               171.46         190.38         0.62              158.12          151.37          0.77               189.47       200.05       0.74            189.8         199.55        0.69             180.3         220.88        0.76             187.97         221.38         0.72              183.8          242.06         0.74              194.8           242.06          0.73               62.41                      169.22                      146.86                    156.9                      126.85                   148.5                     22.77                         170.23                         157.23                                   9.77                                      76.69            11.81                               4.93                                 -                    
223     0           249.46   205.04   0.82        251.13       203.88       0.86            248.69        203.62        0.85             255.26       206.07       0.86            247.14        205.56        0.58             257.19            216.64            0.78                 246.11             215.35             0.77                  252.94         227.08         0.77              241.73          222.7           0.79               244.3          232.36         0.74              236.44          221.54          0.79               255.52       236.49       0.72            247.78        235.59        0.6              255.9         253.24        0.79             241.98         249.89         0.64              257.71         270.26         0.78              257.06          253.76          0.63               143.63                     108.43                      175.27                    82.31                      173.85                   153.2                     17.34                         35.55                          162.66                                   144.45                                    56.97            16.79                               20.51                                -                    
223     1           166.87   166.9    0.79        168.17       164.95       0.75            166.71        164.79        0.71             172.4        167.56       0.7             177.6         165.93        0.64             176.95            178.93            0.65                 174.51             170.97             0.61                  179.39         194.05         0.62              164.92          162.03          0.66               171.59         189.99         0.63              154.68          155.69          0.77               188.98       200.39       0.74            190.77        199.91        0.69             179.71        221.04        0.73             187.84         221.85         0.71              182.8          242.34         0.75              193.69          242.66          0.77               53.33                      168.77                      147.58                    156.7                      126.55                   143.08                    20.11                         162.32                         159.89                                   17.68                                     75.59            12.21                               166.32                               -                    
224     0           249.5    205.04   0.82        251.18       203.88       0.86            248.73        203.63        0.85             255.17       206.07       0.84            247.18        205.56        0.56             257.1             216.64            0.79                 246.02             215.35             0.77                  252.85         227.08         0.77              241.77          222.7           0.79               244.35         232.36         0.74              236.49          221.54          0.79               255.56       236.36       0.73            247.7         235.45        0.6              255.82        253.24        0.8              241.9          249.89         0.65              257.75         270.25         0.79              257.1           253.88          0.65               144.02                     107.69                      174.39                    82.83                      174.64                   153.35                    17.68                         34.83                          162.32                                   145.17                                    57.02            1.34                                1.39                                 -                    
224     1           166.89   166.79   0.79        168.19       164.69       0.76            166.73        164.53        0.71             172.4        167.6        0.7             177.74        166.14        0.65             176.61            179.26            0.65                 174.66             171.16             0.61                  179.03         194.16         0.62              165.11          161.93          0.66               171.59         189.95         0.63              154.75          155.78          0.77               189.07       200.31       0.75            190.69        199.99        0.69             179.68        221.2         0.73             187.78         221.85         0.7               182.76         242.57         0.75              193.61          242.74          0.77               51.26                      166.69                      147.6                     156.81                     125.15                   143.32                    21.38                         163.09                         158.62                                   16.91                                     75.86            1.25                                3.45                                 -                    
225     0           249.75   205.1    0.83        251.44       203.8        0.86            248.97        203.67        0.86             255.6        206.01       0.9             247.54        205.49        0.61             257.16            216.42            0.78                 246.63             215.12             0.77                  253.0          227.21         0.77              241.95          223.05          0.78               244.42         232.28         0.75              236.75          221.62          0.8                255.73       235.92       0.72            247.93        235.27        0.61             256.12        253.21        0.79             241.95         249.57         0.65              257.81         270.24         0.78              257.68          253.73          0.69               141.66                     105.17                      175.62                    82.12                      174.51                   153.61                    16.89                         34.24                          163.11                                   145.76                                    56.88            3.41                                8.32                                 -                    
225     1           166.64   167.05   0.77        167.44       164.81       0.74            166.48        164.81        0.69             171.92       167.85       0.67            177.2         165.45        0.61             176.56            178.9             0.64                 174.32             171.05             0.61                  178.96         194.42         0.64              164.24          163.37          0.67               172.24         189.94         0.62              153.68          157.93          0.76               189.05       200.34       0.74            190.17        199.86        0.69             179.44        221.15        0.71             187.77         221.63         0.68              182.0          242.91         0.75              192.89          243.07          0.76               47.52                      169.95                      148.52                    160.28                     125.02                   144.9                     21.41                         156.11                         158.59                                   23.89                                     75.94            19.76                               72.23                                -                    
226     0           250.24   205.45   0.84        252.07       204.01       0.86            249.58        203.88        0.86             256.12       206.36       0.92            248.14        205.71        0.61             257.69            216.82            0.79                 247.23             215.52             0.78                  253.63         227.41         0.77              242.52          223.23          0.79               244.74         232.51         0.76              237.42          221.79          0.8                256.25       236.7        0.71            248.67        235.91        0.59             256.77        253.96        0.79             242.0          249.77         0.57              258.47         270.69         0.77              257.82          253.43          0.57               140.78                     105.64                      175.94                    77.34                      174.13                   150.27                    16.8                          35.42                          163.2                                    144.58                                    56.61            12.0                                20.83                                -                    
226     1           165.63   167.44   0.77        166.39       165.46       0.76            165.78        165.46        0.65             170.66       167.59       0.68            176.0         166.07        0.62             176.46            178.12            0.63                 174.48             172.63             0.61                  179.36         194.45         0.6               163.64          166.22          0.69               172.65         189.72         0.58              152.04          162.56          0.71               188.67       200.86       0.73            191.42        200.1         0.69             179.06        221.92        0.73             187.76         222.69         0.7               181.35         243.14         0.76              191.88          243.9           0.81               44.76                      166.92                      149.3                     159.8                      127.23                   139.13                    18.16                         152.27                         161.84                                   27.73                                     76.08            13.82                               147.54                               -                    
227     0           250.22   205.45   0.84        252.05       204.01       0.86            249.57        203.88        0.86             256.1        206.36       0.93            248.26        205.71        0.62             257.67            216.82            0.79                 247.35             215.51             0.77                  253.49         227.4          0.77              242.51          223.22          0.79               244.73         232.5          0.76              237.41          221.79          0.8                256.23       236.68       0.72            248.65        235.9         0.6              256.76        253.93        0.79             242.12         249.62         0.57              258.46         270.66         0.76              257.8           253.41          0.57               141.76                     106.34                      175.94                    78.12                      174.13                   150.87                    17.42                         35.76                          162.58                                   144.24                                    56.59            0.5                                 0.32                                 -                    
227     1           165.58   167.45   0.78        166.34       165.61       0.78            165.73        165.61        0.67             170.63       167.6        0.71            176.14        166.07        0.64             176.3             178.17            0.63                 174.61             172.66             0.61                  179.36         194.4          0.6               163.59          166.23          0.68               172.78         189.65         0.58              152.1           162.7           0.71               188.7        200.83       0.73            191.3         200.06        0.69             178.9         221.96        0.73             187.78         222.73         0.7               181.35         243.09         0.76              191.91          243.86          0.81               43.53                      166.79                      148.51                    160.1                      126.43                   139.83                    18.01                         151.6                          161.99                                   28.4                                      76.02            4.38                                4.82                                 -                    
228     0           250.87   205.67   0.82        252.7        204.37       0.86            250.09        204.11        0.85             256.73       206.58       0.87            248.4         205.93        0.55             258.56            217.0             0.78                 247.75             215.83             0.76                  254.13         227.42         0.76              243.32          223.51          0.78               245.15         232.76         0.75              238.24          222.08          0.79               257.12       236.4        0.72            249.7         235.62        0.59             257.38        254.11        0.8              242.54         249.94         0.57              259.08         271.04         0.77              258.04          253.85          0.49               143.74                     104.2                       175.13                    77.58                      174.94                   147.8                     18.8                          35.59                          161.2                                    144.41                                    56.77            14.57                               26.49                                -                    
228     1           165.9    168.4    0.71        166.21       166.4        0.75            165.9         166.4         0.67             169.76       167.32       0.7             175.93        165.78        0.63             176.86            178.43            0.63                 174.39             174.27             0.62                  180.41         194.95         0.6               162.81          169.48          0.65               173.31         189.7          0.54              151.09          167.17          0.7                189.51       201.58       0.72            190.9         200.81        0.68             178.56        222.11        0.68             186.89         222.26         0.66              179.79         244.02         0.74              190.75          244.33          0.75               41.4                       168.71                      148.68                    159.49                     123.24                   137.52                    16.53                         144.34                         163.47                                   35.66                                     75.77            16.11                               137.77                               -                    
229     0           250.85   205.7    0.82        252.67       204.27       0.86            250.2         204.14        0.85             256.84       206.48       0.88            248.51        205.83        0.58             258.53            217.02            0.78                 247.98             215.72             0.76                  254.1          227.44         0.76              243.43          223.53          0.78               245.25         232.64         0.75              238.22          222.1           0.79               257.1        236.42       0.72            249.81        235.77        0.59             257.36        254.12        0.8              242.52         249.82         0.55              259.18         270.78         0.77              258.14          253.08          0.47               143.49                     104.88                      174.6                     74.36                      174.94                   147.4                     18.8                          35.45                          161.2                                    144.55                                    56.23            4.68                                0.89                                 -                    
229     1           165.84   168.23   0.7         166.31       166.38       0.74            165.84        166.38        0.67             169.85       167.31       0.69            175.86        165.77        0.62             177.25            178.4             0.63                 174.17             174.24             0.62                  180.49         194.89         0.6               162.61          169.46          0.65               173.24         189.81         0.55              151.2           167.15          0.7                190.04       201.37       0.72            190.5         200.75        0.68             178.79        222.17        0.65             186.5          222.17         0.65              179.72         243.9          0.72              190.81          244.06          0.72               43.82                      169.0                       149.16                    158.25                     122.48                   137.76                    18.02                         144.1                          161.98                                   35.9                                      75.75            3.81                                3.57                                 -                    
230     0           251.0    205.87   0.82        252.94       204.31       0.85            250.35        204.18        0.85             257.23       206.65       0.96            249.31        205.87        0.67             258.4             216.52            0.78                 248.79             215.22             0.76                  254.11         227.82         0.75              243.72          223.66          0.78               245.02         233.01         0.75              238.66          222.1           0.81               257.23       237.04       0.7             249.7         236.26        0.59             257.62        253.92        0.78             242.82         249.76         0.54              259.44         270.93         0.76              258.79          269.89          0.48               140.52                     103.86                      175.22                    114.56                     175.42                   150.52                    17.51                         33.44                          162.49                                   146.56                                    64.54            13.07                               13.16                                -                    
230     1           165.72   168.77   0.72        165.72       166.6        0.78            165.72        166.44        0.69             168.98       167.22       0.76            175.65        165.82        0.71             177.36            178.55            0.65                 173.94             175.29             0.64                  180.93         195.0          0.62              162.3           170.79          0.62               173.32         190.03         0.57              150.51          169.39          0.63               189.77       201.52       0.74            190.71        200.9         0.7              178.44        222.16        0.69             186.83         222.32         0.68              179.22         244.05         0.75              190.55          244.51          0.77               44.61                      165.61                      149.21                    160.2                      122.85                   136.53                    16.15                         144.35                         163.85                                   35.65                                     75.51            7.21                                70.52                                -                    
231     0           251.4    206.28   0.82        253.47       204.6        0.85            250.88        204.47        0.86             257.73       206.93       0.94            249.85        206.15        0.65             259.03            216.88            0.78                 249.46             215.59             0.77                  254.5          228.13         0.76              244.54          223.87          0.78               245.45         233.3          0.75              239.5           222.44          0.82               257.86       237.31       0.71            250.75        236.79        0.6              258.38        254.38        0.78             243.12         250.5          0.51              260.19         271.31         0.76              259.67          270.54          0.49               141.66                     104.95                      175.64                    111.35                     175.0                    147.41                    18.65                         34.19                          161.35                                   145.81                                    64.65            15.57                               27.33                                -                    
231     1           165.42   170.01   0.77        165.89       167.81       0.79            165.26        167.33        0.69             168.72       168.59       0.8             176.12        167.33        0.68             177.7             179.93            0.68                 177.07             178.2              0.65                  181.32         195.67         0.72              184.31          189.53          0.44               174.39         191.42         0.61              176.12          190.48          0.48               189.35       201.34       0.77            191.87        200.55        0.72             178.49        221.81        0.8              186.99         223.07         0.77              178.64         243.53         0.82              189.66          244.63          0.79               45.51                      64.01                       151.63                    160.69                     123.49                   134.27                    15.6                          0.93                           164.4                                    179.07                                    74.07            52.71                               998.13                               -                    
232     0           251.53   206.28   0.82        253.47       204.6        0.85            250.88        204.47        0.86             257.73       206.93       0.94            249.84        206.15        0.65             259.02            216.88            0.78                 249.46             215.59             0.77                  254.5          228.13         0.76              244.54          223.87          0.78               245.45         233.31         0.75              239.5           222.44          0.82               257.86       237.31       0.71            250.75        236.67        0.6              258.38        254.38        0.78             243.12         250.37         0.51              260.19         271.32         0.76              259.67          270.54          0.48               141.66                     104.95                      175.64                    111.53                     175.0                    147.39                    18.65                         34.21                          161.35                                   145.79                                    64.65            0.07                                0.06                                 -                    
232     1           165.42   170.01   0.77        165.89       167.81       0.79            165.26        167.34        0.69             168.73       168.6        0.8             176.13        167.34        0.68             177.86            179.93            0.68                 177.07             178.2              0.65                  181.32         195.68         0.72              184.31          189.69          0.44               174.39         191.42         0.61              176.13          190.48          0.48               189.35       201.34       0.77            191.87        200.56        0.72             178.49        221.81        0.8              186.99         223.07         0.77              178.64         243.54         0.82              189.67          244.64          0.79               46.06                      63.28                       151.63                    160.69                     123.82                   134.27                    15.82                         1.29                           164.18                                   178.71                                    74.08            0.1                                 0.1                                  -                    
233     0           252.31   206.62   0.81        254.26       204.94       0.83            251.66        204.81        0.84             258.41       207.14       0.89            250.76        206.36        0.61             259.57            217.13            0.77                 250.37             215.96             0.76                  255.16         228.67         0.75              245.44          224.26          0.78               246.09         233.59         0.75              240.38          222.83          0.81               258.54       237.22       0.7             251.92        236.7         0.59             258.92        254.86        0.77             243.88         250.97         0.48              260.74         271.71         0.75              260.22          270.94          0.51               139.4                      104.95                      175.12                    111.3                      175.78                   146.3                     17.95                         34.99                          162.05                                   145.01                                    64.7             21.09                               28.98                                -                    
233     1           164.61   171.06   0.74        165.22       169.23       0.77            163.69        168.77        0.69             168.27       169.84       0.75            176.2         168.92        0.62             178.34            180.37            0.64                 175.44             179.15             0.61                  183.22         195.94         0.59              185.67          177.93          0.44               175.29         192.43         0.55              176.36          192.27          0.39               190.09       202.04       0.75            191.77        201.43        0.7              178.34        222.64        0.76             186.73         223.41         0.74              177.58         244.16         0.81              188.87          245.23          0.78               48.72                      50.21                       152.33                    161.5                      121.83                   130.86                    11.05                         60.57                          168.95                                   119.43                                    73.63            40.37                               54.38                                -                    
234     0           252.34   206.62   0.82        254.29       204.93       0.84            251.69        204.8         0.85             258.44       207.0        0.89            250.65        206.36        0.6              259.61            217.26            0.78                 250.26             215.96             0.76                  255.06         228.55         0.76              245.46          224.26          0.78               245.98         233.61         0.76              240.4           222.84          0.81               258.44       237.37       0.7             251.17        236.72        0.6              258.96        254.76        0.77             244.03         250.35         0.53              260.78         271.63         0.76              260.0           270.85          0.44               141.04                     104.28                      175.56                    114.45                     174.97                   149.85                    18.59                         32.54                          161.41                                   147.46                                    64.63            3.25                                0.56                                 -                    
234     1           164.89   171.33   0.73        165.5        169.35       0.76            164.13        168.89        0.66             168.55       169.96       0.75            176.18        169.04        0.62             178.17            180.49            0.63                 175.12             178.96             0.62                  183.36         196.05         0.58              185.49          178.2           0.46               175.12         192.39         0.52              176.34          178.66          0.39               190.07       202.16       0.76            191.6         201.55        0.71             178.32        222.76        0.77             186.87         223.52         0.74              177.56         244.28         0.81              188.85          245.34          0.79               47.6                       1.34                        152.33                    162.66                     121.52                   131.73                    10.34                         58.09                          169.66                                   121.91                                    73.48            5.29                                409.67                               -                    
235     0           252.52   206.39   0.83        254.34       204.96       0.86            251.87        204.69        0.86             258.51       207.04       0.92            250.7         206.26        0.65             259.81            217.19            0.78                 250.44             216.02             0.76                  255.25         228.65         0.75              245.75          224.35          0.77               246.14         233.73         0.75              240.67          222.79          0.8                258.77       236.98       0.71            251.35        236.46        0.61             259.03        254.69        0.78             244.45         250.13         0.56              260.98         271.61         0.75              259.81          255.34          0.46               140.81                     102.26                      174.26                    81.94                      176.14                   150.66                    18.68                         31.91                          161.32                                   148.09                                    57.09            6.0                                 8.32                                 -                    
235     1           164.21   171.72   0.76        164.81       169.6        0.8             163.45        169.29        0.73             168.0        170.51       0.78            176.35        168.99        0.59             178.32            180.98            0.66                 177.56             179.46             0.63                  183.94         196.31         0.67              186.37          190.85          0.49               175.74         193.43         0.61              177.11          193.13          0.45               190.16       202.08       0.77            192.14        201.47        0.71             178.32        222.42        0.79             186.82         223.49         0.75              177.11         244.28         0.83              188.49          245.5           0.79               50.5                       66.1                        152.98                    162.09                     120.5                    132.92                    9.18                          4.21                           170.82                                   175.79                                    73.17            36.52                               435.95                               -                    
236     0           253.15   206.75   0.84        255.1        205.19       0.85            252.63        205.06        0.86             259.15       207.27       0.93            251.59        206.75        0.65             260.45            217.44            0.78                 251.19             216.53             0.76                  256.02         229.04         0.76              246.37          224.87          0.78               246.89         234.12         0.77              241.55          223.31          0.8                259.15       237.38       0.7             251.72        236.86        0.61             259.8         254.85        0.77             245.07         249.76         0.58              261.75         271.92         0.76              260.06          256.8           0.53               140.03                     102.06                      175.6                     87.9                       174.12                   151.28                    17.17                         31.5                           162.83                                   148.5                                     57.61            25.6                                30.59                                -                    
236     1           163.95   173.22   0.77        164.55       171.12       0.79            163.65        171.12        0.76             169.06       172.02       0.75            174.16        170.67        0.6              180.02            182.08            0.65                 174.61             180.43             0.6                   185.57         197.09         0.67              186.02          181.93          0.42               176.57         195.29         0.68              178.67          184.03          0.41               191.58       203.1        0.73            191.73        202.5         0.67             178.67        223.37        0.73             186.32         223.97         0.7               176.42         244.99         0.75              187.98          245.89          0.75               58.39                      23.44                       153.45                    161.56                     118.69                   128.08                    8.51                          44.71                          171.49                                   135.29                                    72.22            61.19                               277.66                               -                    
237     0           253.13   206.71   0.84        255.09       205.14       0.86            252.61        205.01        0.86             259.26       207.23       0.94            251.69        206.71        0.65             260.43            217.53            0.78                 251.17             216.49             0.77                  256.0          229.01         0.77              246.35          224.96          0.78               246.74         234.09         0.78              241.52          223.27          0.81               259.13       237.48       0.7             251.69        236.96        0.61             259.78        254.82        0.77             245.18         249.74         0.58              261.74         271.91         0.75              260.17          256.78          0.53               139.9                      100.29                      175.62                    88.12                      174.11                   151.51                    17.39                         31.11                          162.61                                   148.89                                    57.63            4.73                                1.39                                 -                    
237     1           163.99   173.04   0.79        164.59       171.09       0.81            163.69        170.94        0.78             169.25       171.99       0.76            174.2         170.64        0.61             180.05            182.04            0.66                 174.65             180.39             0.6                   185.46         197.05         0.68              186.21          181.89          0.42               176.6          195.25         0.69              178.7           183.99          0.41               191.61       203.06       0.74            191.76        202.46        0.68             178.7         223.17        0.73             186.36         223.92         0.71              176.45         244.93         0.76              188.01          245.83          0.76               58.7                       23.04                       153.21                    161.56                     118.5                    128.08                    9.01                          44.81                          170.99                                   135.19                                    72.35            1.56                                1.46                                 -                    
238     0           253.93   206.84   0.82        255.76       205.4        0.86            253.41        205.27        0.85             259.95       207.62       0.89            251.97        206.97        0.6              261.12            218.08            0.78                 251.97             216.9              0.76                  256.68         229.19         0.76              247.53          225.14          0.77               247.53         234.29         0.77              242.3           223.57          0.8                259.95       237.69       0.71            252.89        237.03        0.6              260.47        255.46        0.77             245.96         250.23         0.57              262.43         272.19         0.76              261.25          257.29          0.53               140.93                     101.66                      175.0                     87.09                      174.88                   149.71                    18.37                         30.96                          161.63                                   149.04                                    57.9             24.46                               25.05                                -                    
238     1           162.94   175.16   0.78        164.01       172.87       0.81            162.64        173.02        0.78             169.36       172.87       0.77            176.53        172.41        0.5              180.05            182.8             0.68                 174.4              180.66             0.62                  186.92         197.46         0.69              162.79          184.63          0.55               177.76         196.85         0.62              153.17          191.5           0.52               191.81       203.57       0.75            191.96        203.26        0.69             178.52        224.49        0.74             186.31         225.1          0.73              175.47         245.87         0.81              187.84          246.79          0.77               61.07                      163.35                      155.71                    161.47                     118.07                   127.65                    4.4                           108.96                         175.6                                    71.04                                     71.17            59.21                               800.68                               -                    
239     0           253.93   206.87   0.83        255.75       205.43       0.85            253.4         205.3         0.85             259.93       207.65       0.91            252.1         207.0         0.62             261.11            218.1             0.77                 251.97             216.79             0.76                  256.67         229.2          0.75              247.53          225.15          0.77               247.53         234.29         0.77              242.43          223.58          0.8                259.8        237.69       0.7             252.75        237.04        0.6              260.46        255.32        0.76             245.96         250.1          0.57              262.42         272.17         0.75              261.11          257.67          0.54               140.93                     100.88                      175.49                    89.09                      174.06                   150.31                    17.99                         30.2                           162.01                                   149.8                                     58.06            0.24                                3.99                                 -                    
239     1           163.08   175.0    0.78        163.99       172.56       0.81            162.62        172.72        0.78             169.18       172.72       0.76            176.65        172.26        0.49             180.16            182.78            0.67                 174.36             180.49             0.62                  186.87         197.57         0.69              162.93          184.61          0.55               177.57         196.81         0.62              153.17          191.47          0.52               192.05       203.67       0.76            191.6         203.22        0.7              178.63        224.41        0.72             186.26         224.87         0.72              175.43         245.92         0.8               187.94          246.68          0.76               60.91                      164.69                      155.57                    161.76                     117.44                   128.98                    5.26                          107.38                         174.74                                   72.62                                     71.29            5.78                                0.82                                 -                    
240     0           162.82   175.47   0.8         163.58       173.19       0.81            162.67        173.49        0.78             169.19       173.34       0.72            169.19        172.73        0.42             180.73            183.06            0.69                 174.66             181.08             0.63                  187.71         197.47         0.71              163.27          186.55          0.57               177.69         197.78         0.66              154.01          193.68          0.63               192.57       204.31       0.75            192.11        204.15        0.69             178.91        224.8         0.74             186.5          225.55         0.72              175.26         245.74         0.8               187.56          246.96          0.74               65.9                       168.03                      156.18                    162.45                     117.19                   128.19                    3.29                          101.47                         176.71                                   78.53                                     70.88            2370.72                             2807.95                              -                    
240     1           254.38   206.98   0.84        256.08       205.54       0.85            253.72        205.41        0.85             260.27       207.5        0.91            252.42        206.98        0.63             261.32            217.97            0.77                 252.55             216.92             0.76                  257.0          229.23         0.75              248.1           225.17          0.77               248.23         234.46         0.76              242.99          223.86          0.8                260.14       237.21       0.69            253.59        236.82        0.6              260.66        255.01        0.75             246.66         249.52         0.58              262.76         271.64         0.74              261.45          258.02          0.57               141.83                     103.97                      174.5                     91.26                      174.81                   148.34                    17.49                         31.37                          162.51                                   148.63                                    57.85            2408.67                             2872.54                              -                    
241     0           162.63   177.8    0.77        163.98       175.54       0.8             162.32        175.84        0.8              170.14       175.09       0.73            163.08        175.39        0.4              181.71            182.9             0.68                 173.44             181.7              0.64                  189.67         197.48         0.72              163.83          189.66          0.63               178.85         199.58         0.69              156.01          197.78          0.7                193.57       204.99       0.72            189.82        204.54        0.68             180.35        224.97        0.67             185.61         225.27         0.66              174.64         246.3          0.72              174.49          246.91          0.66               72.35                      173.55                      161.49                    164.27                     118.25                   132.89                    0.4                           86.02                          179.6                                    93.98                                     68.81            64.44                               137.17                               -                    
241     1           255.1    207.16   0.84        256.67       205.72       0.85            254.71        205.59        0.84             260.86       207.68       0.77            253.27        207.29        0.5              261.64            218.4             0.78                 253.53             217.62             0.76                  257.85         229.52         0.75              249.09          225.86          0.77               249.09         235.01         0.77              243.99          224.42          0.79               260.99       237.1        0.7             254.06        236.45        0.63             261.38        255.27        0.76             247.65         249.78         0.67              263.34         271.88         0.76              261.12          259.07          0.65               140.92                     102.6                       174.5                     98.92                      176.76                   152.75                    16.84                         29.95                          163.16                                   150.05                                    58.31            30.63                               34.33                                -                    
242     0           162.85   177.71   0.78        164.05       175.45       0.81            162.4         175.75        0.81             170.08       175.0        0.72            218.28        175.15        0.4              181.53            183.13            0.68                 173.24             181.78             0.65                  189.81         197.59         0.72              163.9           189.76          0.62               178.96         199.7          0.7               155.92          197.89          0.7                193.73       204.97       0.74            189.66        204.37        0.69             181.68        224.85        0.66             184.54         225.0          0.65              174.6          246.54         0.7               174.45          246.84          0.67               71.19                      174.99                      166.86                    169.14                     119.59                   130.06                    0.62                          85.48                          179.38                                   94.52                                     68.98            4.94                                4.44                                 -                    
242     1           254.98   207.31   0.84        256.68       205.74       0.84            254.72        205.61        0.83             260.87       207.7        0.82            253.41        207.31        0.52             261.65            218.43            0.78                 253.54             217.52             0.76                  257.73         229.69         0.75              248.96          225.76          0.77               248.83         235.05         0.77              243.99          224.32          0.8                261.0        236.88       0.7             253.93        236.23        0.63             261.39        254.94        0.75             247.65         249.58         0.69              263.36         271.82         0.76              261.0           259.0           0.65               140.32                     102.91                      174.61                    100.02                     176.72                   153.6                     17.2                          30.26                          162.8                                    149.74                                    58.1             7.88                                2.86                                 -                    
243     0           163.08   180.01   0.78        163.97       177.78       0.81            162.33        177.93        0.8              169.61       177.04       0.76            169.31        176.74        0.44             181.79            183.43            0.68                 173.62             183.13             0.66                  192.34         196.2          0.7               165.01          192.49          0.64               180.75         201.84         0.69              158.32          201.55          0.72               194.12       205.56       0.76            189.66        205.26        0.73             185.36        225.16        0.7              181.2          224.87         0.68              186.54         247.59         0.67              174.22          247.0           0.66               76.43                      173.78                      152.88                    174.15                     126.8                    120.71                    10.42                         78.57                          169.58                                   101.43                                    67.29            83.99                               131.6                                -                    
243     1           255.87   207.31   0.83        257.57       206.0        0.84            255.6         205.74        0.82             261.63       207.96       0.86            254.82        207.44        0.59             262.68            218.31            0.76                 254.82             217.66             0.74                  258.75         229.58         0.73              250.37          226.04          0.73               249.45         235.34         0.74              244.99          224.73          0.77               261.76       237.44       0.69            255.21        236.91        0.62             261.89        254.46        0.72             248.92         249.75         0.7               264.25         271.62         0.75              260.98          260.62          0.68               141.02                     104.27                      172.62                    105.96                     176.81                   152.74                    16.49                         29.15                          163.51                                   150.85                                    58.81            20.53                               32.69                                -                    
244     0           163.08   180.05   0.77        163.82       177.84       0.81            162.19        177.98        0.79             169.73       176.95       0.76            169.73        176.8         0.42             181.86            183.45            0.67                 173.72             183.16             0.66                  192.2          196.61         0.69              165.15          192.47          0.65               180.67         201.78         0.68              158.2           201.49          0.72               193.98       205.63       0.75            189.84        205.18        0.72             184.81        225.14        0.68             184.22         225.14         0.66              186.59         247.17         0.66              174.17          247.17          0.65               75.98                      174.98                      150.24                    171.19                     126.18                   128.09                    9.52                          78.82                          170.48                                   101.18                                    67.11            2.96                                4.0                                  -                    
244     1           255.84   207.32   0.83        257.54       206.01       0.84            255.57        205.74        0.82             261.6        207.84       0.85            254.79        207.45        0.58             262.65            218.32            0.76                 254.79             217.66             0.74                  258.72         229.58         0.73              250.34          226.05          0.73               249.55         235.35         0.74              244.97          224.74          0.77               261.86       237.31       0.69            255.31        236.79        0.62             261.99        254.47        0.73             248.89         249.75         0.7               264.22         271.63         0.75              260.94          260.62          0.68               141.38                     104.27                      173.04                    105.72                     177.19                   152.1                     16.86                         29.55                          163.14                                   150.45                                    58.81            3.04                                0.91                                 -                    
245     0           164.04   181.41   0.74        164.64       179.04       0.77            163.01        179.34        0.76             169.82       177.86       0.77            170.56        177.56        0.47             181.81            184.37            0.67                 175.0              183.78             0.64                  192.18         197.85         0.68              166.26          193.26          0.56               180.78         202.88         0.69              160.04          202.74          0.64               194.25       205.85       0.76            190.25        205.55        0.73             185.52        225.39        0.69             180.63         224.95         0.68              186.55         248.35         0.67              173.67          246.87          0.66               76.26                      170.6                       153.33                    171.23                     125.83                   118.59                    7.48                          77.69                          172.52                                   102.31                                    66.2             33.25                               66.92                                -                    
245     1           256.45   207.23   0.83        257.89       205.93       0.86            255.93        205.8         0.84             262.06       207.88       0.86            255.02        207.49        0.61             263.1             218.44            0.77                 255.28             217.66             0.75                  259.19         229.65         0.74              250.85          226.0           0.75               249.94         235.39         0.75              245.24          224.83          0.78               262.32       237.73       0.72            255.8         237.21        0.65             262.32        254.81        0.74             249.42         250.25         0.69              264.67         271.75         0.76              261.02          261.06          0.68               141.02                     106.16                      172.12                    106.9                      177.68                   152.37                    16.91                         29.51                          163.09                                   150.49                                    59.18            11.73                               8.86                                 -                    
246     0           257.29   207.35   0.83        258.85       206.04       0.86            256.89        205.91        0.85             263.03       207.87       0.87            255.98        207.48        0.61             264.21            218.45            0.79                 256.24             217.54             0.75                  260.29         229.69         0.76              251.93          226.03          0.77               251.01         235.57         0.77              246.18          225.12          0.8                263.43       238.05       0.73            256.37        237.4         0.66             263.3         255.04        0.76             250.62         250.46         0.71              265.65         271.89         0.77              261.34          261.96          0.69               141.6                      107.88                      171.62                    113.27                     178.15                   155.87                    16.94                         27.29                          163.06                                   152.71                                    59.58            2330.56                             2677.31                              -                    
246     1           165.82   183.15   0.73        166.11       180.69       0.75            164.52        180.83        0.72             170.75       179.09       0.74            167.27        179.24        0.44             182.79            185.04            0.67                 175.11             184.75             0.66                  192.8          197.37         0.71              168.0           195.63          0.54               182.65         204.48         0.69              163.21          205.64          0.61               194.98       207.09       0.74            190.63        206.51        0.7              185.11        225.94        0.67             181.34         225.65         0.64              186.71         248.86         0.66              173.66          247.85          0.63               85.92                      172.4                       148.4                     173.24                     123.46                   118.63                    10.14                         68.66                          169.86                                   111.34                                    65.2             2227.66                             2534.48                              -                    
247     0           257.4    207.4    0.84        258.84       206.09       0.87            256.88        205.96        0.85             263.02       207.92       0.87            255.96        207.53        0.61             264.2             218.51            0.79                 256.1              217.6              0.75                  260.28         229.76         0.76              252.04          225.97          0.77               251.0          235.51         0.77              246.16          225.05          0.8                263.42       237.99       0.73            256.49        237.34        0.66             263.29        254.99        0.75             250.6          250.41         0.71              265.64         271.98         0.77              261.32          261.92          0.69               141.02                     107.0                       171.68                    112.79                     178.13                   154.63                    16.92                         26.98                          163.08                                   153.02                                    59.55            1.86                                2.08                                 -                    
247     1           165.79   183.29   0.73        166.08       180.82       0.76            164.49        180.97        0.73             170.73       179.22       0.74            167.1         179.22        0.44             182.79            185.18            0.66                 175.24             184.89             0.67                  192.67         197.38         0.7               168.12          195.35          0.54               182.64         204.5          0.68              163.47          205.52          0.6                194.85       207.26       0.73            190.78        206.68        0.7              185.11        226.0         0.66             181.19         225.71         0.64              186.71         248.81         0.66              173.64          247.79          0.63               86.39                      170.33                      148.55                    172.15                     123.92                   117.76                    10.35                         69.74                          169.65                                   110.26                                    65.01            0.71                                8.55                                 -                    
248     0           166.92   185.04   0.76        167.06       182.81       0.77            165.52        183.08        0.72             171.25       181.13       0.71            168.31        181.13        0.41             182.7             186.3             0.65                 176.41             186.3              0.66                  193.73         198.59         0.7               170.27          196.07          0.54               184.1          206.55         0.66              165.66          200.4           0.61               195.55       208.22       0.72            192.2         207.38        0.68             184.79        226.66        0.65             182.28         226.52         0.62              173.06         248.72         0.63              173.34          248.3           0.62               87.64                      165.36                      177.74                    174.91                     119.37                   115.8                     11.55                         68.96                          168.45                                   111.04                                    63.47            2193.15                             2532.67                              -                    
248     1           258.21   207.6    0.85        259.65       206.16       0.89            257.82        206.03        0.89             263.84       207.73       0.87            256.64        207.34        0.61             265.02            218.72            0.81                 257.03             217.68             0.78                  261.09         229.85         0.78              253.37          226.05          0.79               252.06         235.74         0.78              247.22          225.4           0.82               264.36       238.49       0.75            257.03        237.7         0.68             264.63        255.5         0.78             251.41         250.79         0.73              266.59         272.52         0.79              261.61          262.31          0.72               142.55                     107.56                      174.3                     115.18                     177.22                   156.73                    17.54                         23.63                          162.46                                   156.37                                    59.82            2289.98                             2589.45                              -                    
249     0           166.98   184.95   0.78        167.12       182.73       0.78            165.59        183.0         0.72             171.3        181.19       0.69            168.65        181.05        0.37             182.72            186.35            0.66                 176.45             186.21             0.66                  194.01         198.33         0.7               170.05          196.38          0.55               184.12         206.41         0.66              165.45          204.04          0.62               195.54       208.22       0.73            192.34        207.53        0.7              184.81        226.62        0.65             182.59         226.48         0.62              173.11         248.63         0.64              173.25          248.21          0.63               85.96                      178.75                      177.74                    176.01                     119.37                   116.08                    12.92                         68.91                          167.08                                   111.09                                    63.47            4.09                                109.76                               -                    
249     1           258.18   207.51   0.85        259.62       206.2        0.89            257.79        206.07        0.89             263.81       207.77       0.86            256.61        207.25        0.61             264.99            218.64            0.81                 257.13             217.59             0.78                  261.06         229.77         0.78              253.33          226.11          0.79               251.89         235.67         0.78              247.18          225.32          0.81               264.34       238.42       0.75            257.0         237.63        0.68             264.6         255.58        0.78             251.37         250.99         0.72              266.56         272.61         0.78              261.58          262.26          0.71               142.18                     106.77                      174.29                    114.93                     177.23                   157.52                    17.54                         23.67                          162.46                                   156.33                                    59.93            5.47                                2.63                                 -                    
250     0           167.18   185.41   0.77        167.32       183.32       0.76            166.06        183.32        0.7              171.51       181.5        0.64            173.61        181.36        0.35             182.97            186.67            0.66                 176.68             186.95             0.66                  193.86         198.96         0.69              170.53          197.84          0.57               184.64         207.2          0.66              165.92          205.81          0.64               195.68       209.02       0.73            192.74        208.18        0.7              185.06        227.32        0.65             182.69         227.04         0.63              173.05         248.83         0.64              173.33          248.13          0.62               90.24                      179.36                      179.06                    175.85                     120.25                   114.82                    11.92                         66.54                          168.08                                   113.46                                    63.07            28.54                               54.95                                -                    
250     1           258.66   207.24   0.85        260.11       205.93       0.89            258.27        205.79        0.88             264.45       207.64       0.89            257.21        207.11        0.62             265.64            218.83            0.8                  257.74             217.64             0.78                  261.43         229.62         0.77              253.92          225.94          0.79               252.21         235.68         0.77              247.73          225.28          0.82               264.85       238.45       0.76            257.87        237.52        0.68             264.85        255.3         0.77             252.08         250.69         0.72              267.09         272.15         0.79              261.69          262.14          0.72               144.63                     108.64                      172.43                    116.25                     177.69                   155.87                    19.01                         25.1                           160.99                                   154.9                                     59.91            9.54                                16.77                                -                    
251     0           166.85   186.66   0.8         167.13       184.54       0.79            165.86        184.68        0.74             172.06       182.29       0.64            199.83        182.43        0.34             182.49            187.08            0.63                 176.57             187.64             0.63                  194.75         198.5          0.66              171.92          198.78          0.53               186.58         208.5          0.63              167.27          207.37          0.56               196.16       209.35       0.72            193.34        208.22        0.69             185.31        227.11        0.64             184.18         226.97         0.62              173.19         248.95         0.61              173.61          248.67          0.58               93.71                      174.26                      177.59                    179.92                     117.02                   114.77                    15.5                          61.85                          164.5                                    118.15                                    62.15            70.18                               62.18                                -                    
251     1           259.6    207.03   0.86        260.92       205.71       0.9             259.08        205.58        0.89             265.14       207.29       0.81            257.63        206.89        0.57             266.45            218.62            0.81                 258.55             217.44             0.79                  262.24         229.56         0.79              254.99          226.0           0.8                253.28         235.75         0.78              248.8           225.34          0.81               265.8        237.73       0.77            258.68        236.94        0.71             265.8         255.12        0.79             252.88         250.77         0.73              267.9          271.59         0.8               261.84          262.63          0.73               145.74                     106.48                      172.71                    120.19                     178.03                   156.88                    19.11                         22.94                          160.89                                   157.06                                    60.09            32.23                               32.11                                -                    

==========================================================================================
 Total de Registros Exportados: 531 | Colunas: 67
