frame;person_id;nose_x;nose_y;nose_conf;left_eye_x;left_eye_y;left_eye_conf;right_eye_x;right_eye_y;right_eye_conf;left_ear_x;left_ear_y;left_ear_conf;right_ear_x;right_ear_y;right_ear_conf;left_shoulder_x;left_shoulder_y;left_shoulder_conf;right_shoulder_x;right_shoulder_y;right_shoulder_conf;left_elbow_x;left_elbow_y;left_elbow_conf;right_elbow_x;right_elbow_y;right_elbow_conf;left_wrist_x;left_wrist_y;left_wrist_conf;right_wrist_x;right_wrist_y;right_wrist_conf;left_hip_x;left_hip_y;left_hip_conf;right_hip_x;right_hip_y;right_hip_conf;left_knee_x;left_knee_y;left_knee_conf;right_knee_x;right_knee_y;right_knee_conf;left_ankle_x;left_ankle_y;left_ankle_conf;right_ankle_x;right_ankle_y;right_ankle_conf;left_elbow_angle_2d_proj;right_elbow_angle_2d_proj;left_knee_angle_2d_proj;right_knee_angle_2d_proj;left_hip_angle_2d_proj;right_hip_angle_2d_proj;left_shoulder_angle_2d_proj;right_shoulder_angle_2d_proj;left_wrist_apparent_velocity_px_s;right_wrist_apparent_velocity_px_s;detected_event
0;0;144.83;172.74;0.76;146.83;171.83;0.75;144.28;171.65;0.78;150.1;173.46;0.8;143.37;173.1;0.67;151.55;180.91;0.79;141.2;182.36;0.79;147.37;187.27;0.72;137.02;190.54;0.79;136.11;187.81;0.78;130.3;198.53;0.75;151.55;202.16;0.69;144.28;202.53;0.71;155.73;217.24;0.74;141.92;218.51;0.74;165.35;225.78;0.73;144.28;233.4;0.83;126.08;167.01;147.05;162.59;164.51;162.89;33.31;35.78;;;
0;1;224.49;193.44;0.69;226.9;191.83;0.63;226.1;191.29;0.53;229.86;194.24;0.62;227.98;193.17;0.47;229.32;205.24;0.59;238.98;203.1;0.66;222.88;217.59;0.52;252.13;213.02;0.54;216.71;221.61;0.65;264.47;219.2;0.53;241.93;236.64;0.63;233.88;235.83;0.63;251.59;260.79;0.64;216.98;244.96;0.62;278.16;276.08;0.72;213.49;268.84;0.78;150.66;169.51;141.73;126.67;179.92;127.21;49.44;61.8;;;
0;2;263.45;173.54;0.84;264.95;172.54;0.74;262.45;172.38;0.77;267.45;173.71;0.76;261.29;173.38;0.75;270.11;181.87;0.77;256.96;180.87;0.74;274.94;191.19;0.71;253.79;189.86;0.8;277.93;194.85;0.5;257.79;197.02;0.71;266.28;201.68;0.64;257.12;201.51;0.69;270.11;215.49;0.65;255.29;215.33;0.73;272.27;228.48;0.79;252.63;227.15;0.84;168.09;131.45;173.97;174.85;153.57;171.99;38.32;19.85;;;
1;0;225.58;192.79;0.69;227.78;190.59;0.63;227.5;190.59;0.58;231.63;193.34;0.57;228.05;192.51;0.45;239.88;204.34;0.57;238.51;203.24;0.57;225.03;213.7;0.4;253.91;213.97;0.45;217.87;220.03;0.49;266.57;218.93;0.45;242.36;236.53;0.62;233.55;235.43;0.59;251.71;260.74;0.59;217.6;244.79;0.54;278.67;275.05;0.6;212.37;269.82;0.66;170.7;166.52;139.08;132.17;163.27;129.13;62.2;63.89;2643.74;4145.22;peak_hand_velocity
1;1;146.64;172.73;0.76;148.46;171.82;0.75;146.09;171.64;0.79;151.74;173.46;0.8;145.18;173.1;0.67;153.2;180.93;0.79;142.99;182.21;0.79;149.01;187.49;0.73;138.8;190.77;0.79;137.71;188.22;0.79;132.24;198.79;0.75;153.2;202.62;0.69;145.91;202.98;0.7;157.21;217.2;0.74;143.72;218.66;0.74;166.68;225.4;0.73;145.91;233.42;0.82;126.27;166.79;146.25;163.63;164.62;164.07;32.57;34.06;2580.14;4025.05;
1;2;265.34;173.47;0.86;267.15;172.48;0.76;264.52;172.31;0.77;269.13;173.63;0.75;263.2;173.47;0.75;272.1;181.87;0.77;258.92;180.72;0.74;277.2;191.26;0.71;255.62;189.94;0.8;273.75;193.07;0.53;259.74;196.7;0.72;268.14;201.81;0.65;259.08;201.64;0.68;272.1;215.64;0.65;256.94;215.32;0.72;274.24;228.5;0.79;254.14;227.34;0.83;89.11;128.97;173.52;175.79;152.84;170.65;39.76;20.1;136.9;59.47;
2;0;227.64;192.66;0.72;229.02;190.45;0.63;228.47;190.45;0.58;231.79;192.66;0.58;231.24;191.83;0.46;229.3;204.02;0.61;242.32;202.92;0.65;222.65;217.04;0.46;257.0;211.5;0.58;217.94;217.32;0.58;268.64;214.27;0.61;242.32;236.71;0.67;233.46;236.16;0.64;253.13;259.71;0.65;218.22;244.75;0.65;279.17;274.39;0.65;209.91;268.57;0.78;120.42;163.07;144.58;138.64;176.55;134.34;48.77;74.61;81.38;153.17;
2;1;150.51;173.43;0.75;152.33;172.34;0.75;149.96;172.16;0.78;155.43;173.43;0.8;148.87;173.07;0.7;156.52;181.08;0.79;146.14;182.18;0.8;152.15;188.01;0.71;142.67;191.11;0.8;141.22;189.1;0.79;136.48;199.67;0.71;156.34;202.4;0.71;149.23;202.95;0.73;160.53;217.34;0.74;146.86;218.62;0.75;170.01;225.91;0.72;149.05;233.38;0.83;127.99;165.31;147.78;162.98;163.84;162.92;31.79;29.68;108.83;130.22;
2;2;269.32;173.79;0.89;271.01;172.61;0.82;268.48;172.44;0.83;273.21;173.79;0.83;266.79;173.28;0.75;275.57;181.72;0.78;262.91;180.54;0.76;280.13;190.17;0.73;259.53;189.49;0.81;277.76;192.7;0.63;263.92;196.75;0.74;271.86;201.31;0.68;262.91;201.31;0.68;275.91;215.32;0.68;260.38;215.49;0.73;278.44;227.81;0.78;257.67;226.97;0.84;108.61;128.17;175.33;176.88;153.13;169.88;39.11;20.67;121.45;125.76;
3;0;227.34;192.59;0.72;228.72;190.65;0.63;228.17;190.65;0.58;231.77;192.86;0.59;231.77;192.03;0.46;229.56;204.22;0.63;242.29;203.11;0.66;222.36;216.68;0.46;256.97;211.42;0.6;217.92;217.23;0.58;268.88;214.47;0.64;242.29;236.9;0.67;233.71;236.07;0.64;253.37;259.61;0.64;218.2;244.65;0.65;279.13;274.56;0.65;209.89;268.74;0.79;127.14;164.84;146.14;137.99;175.29;133.57;51.32;75.09;2.66;9.22;
3;1;269.28;173.82;0.89;270.97;172.64;0.81;268.44;172.3;0.83;273.16;173.82;0.81;266.92;173.31;0.75;275.53;181.75;0.77;262.86;180.57;0.76;280.08;190.36;0.72;259.49;189.69;0.81;277.55;192.89;0.63;264.05;196.94;0.74;271.81;201.5;0.67;262.86;201.33;0.67;275.69;215.35;0.68;260.33;215.51;0.73;278.4;227.84;0.78;257.63;227.16;0.84;107.1;127.55;176.53;177.07;153.68;169.88;38.55;20.32;4103.03;3838.55;peak_hand_velocity
3;2;150.6;173.62;0.76;152.42;172.53;0.75;150.06;172.35;0.79;155.34;173.62;0.8;148.78;173.08;0.71;156.61;180.91;0.79;146.23;182.19;0.8;152.24;188.01;0.72;142.77;191.11;0.8;141.13;189.11;0.79;136.39;199.67;0.72;156.25;202.59;0.71;149.33;202.95;0.73;160.62;217.52;0.74;146.78;218.62;0.75;170.09;225.9;0.72;148.96;233.56;0.83;127.23;164.52;147.81;162.43;162.72;162.27;30.64;29.68;4111.87;3837.47;
4;0;152.33;173.61;0.77;154.15;172.52;0.76;151.6;172.34;0.8;157.05;173.61;0.8;150.52;173.07;0.71;158.32;181.05;0.79;147.97;182.14;0.81;153.42;188.13;0.71;144.89;191.4;0.8;142.71;189.4;0.79;138.72;199.93;0.7;158.14;202.65;0.71;150.88;203.01;0.73;162.13;217.53;0.74;148.34;218.62;0.76;171.2;225.7;0.72;150.52;233.5;0.84;131.46;162.55;147.01;162.43;164.5;162.83;34.21;26.36;2412.61;3940.03;
4;1;227.41;194.18;0.72;229.05;191.99;0.63;228.23;191.99;0.56;232.6;193.36;0.57;229.32;192.81;0.42;230.69;203.74;0.58;242.43;202.92;0.59;219.76;212.21;0.42;258.0;210.84;0.52;217.57;213.58;0.52;270.29;213.3;0.61;242.98;236.79;0.66;234.51;236.52;0.64;254.45;259.19;0.6;218.39;244.72;0.61;279.04;273.13;0.62;209.38;268.21;0.74;174.23;164.34;146.66;137.95;173.28;130.22;72.62;76.3;1908.62;526.78;
4;2;271.24;173.57;0.85;272.92;172.4;0.81;270.4;172.06;0.81;275.09;173.74;0.81;268.73;172.9;0.75;277.27;181.94;0.73;264.71;180.61;0.72;280.45;190.49;0.66;261.7;189.65;0.77;277.77;193.5;0.53;266.22;196.85;0.71;273.92;202.04;0.65;264.88;201.71;0.64;277.1;215.61;0.68;262.03;215.61;0.71;280.62;228.17;0.73;259.52;227.16;0.8;117.93;129.44;177.56;179.31;157.34;167.97;29.9;18.89;4112.81;3906.48;peak_hand_velocity
5;0;153.88;173.27;0.78;155.7;172.36;0.77;153.33;172.18;0.81;158.79;173.64;0.81;152.24;173.09;0.71;159.88;181.28;0.79;149.51;182.01;0.81;155.15;188.56;0.7;146.96;191.47;0.78;144.23;189.84;0.76;141.14;199.85;0.68;159.7;202.76;0.72;152.6;203.12;0.74;163.71;217.68;0.75;149.87;218.59;0.78;172.81;226.06;0.74;151.88;233.52;0.84;129.68;160.24;147.63;162.35;164.5;161.65;32.54;23.41;47.57;72.81;
5;1;227.47;193.08;0.7;229.55;190.74;0.62;229.03;191.0;0.55;231.38;192.56;0.58;229.29;192.04;0.44;242.58;203.51;0.56;242.32;202.73;0.54;254.84;209.77;0.38;256.14;209.77;0.4;269.69;212.63;0.41;269.43;212.11;0.43;243.37;236.61;0.62;244.67;236.35;0.58;218.34;259.81;0.5;218.08;259.29;0.49;208.96;270.24;0.69;208.44;273.11;0.65;163.87;163.01;174.82;165.71;131.48;126.79;61.6;59.01;1568.21;44.21;
5;2;273.35;173.74;0.83;275.04;172.56;0.78;272.67;172.22;0.76;277.23;173.91;0.81;270.99;173.07;0.75;279.76;182.18;0.75;266.77;180.66;0.74;281.45;192.14;0.65;263.73;190.45;0.76;281.28;193.32;0.5;268.45;197.2;0.71;275.37;202.1;0.62;266.43;201.76;0.63;278.92;215.77;0.63;264.23;215.77;0.7;282.29;229.27;0.71;261.36;227.25;0.78;162.25;127.77;179.5;174.87;153.04;172.01;22.05;16.32;105.71;68.13;
6;0;229.14;193.4;0.72;231.27;191.01;0.65;229.94;191.01;0.59;236.05;191.8;0.57;229.41;191.54;0.44;243.75;203.23;0.6;231.27;202.7;0.56;255.44;208.01;0.45;222.77;209.34;0.4;267.13;210.93;0.46;219.85;211.2;0.44;242.69;236.96;0.65;244.82;236.43;0.62;219.31;245.46;0.61;254.38;259.28;0.59;208.16;268.31;0.79;279.88;273.88;0.72;171.79;174.47;136.01;142.52;111.79;179.16;69.55;73.88;3751.21;2392.28;
6;1;155.61;173.25;0.75;157.43;172.15;0.76;155.07;171.97;0.8;160.35;173.43;0.81;153.98;173.06;0.71;161.62;181.07;0.79;151.07;182.16;0.81;157.25;188.71;0.7;148.52;191.8;0.79;147.24;190.53;0.72;143.06;200.54;0.67;161.25;202.9;0.71;154.34;203.27;0.74;165.44;217.64;0.75;151.79;218.73;0.78;174.54;225.83;0.74;153.61;233.47;0.84;130.05;162.79;147.84;163.61;163.19;161.83;28.79;23.62;3743.22;3817.66;
6;2;275.76;173.77;0.83;277.39;172.46;0.78;274.94;171.97;0.75;280.01;173.93;0.81;272.99;172.95;0.74;281.8;182.42;0.75;268.58;180.95;0.75;282.62;192.05;0.67;265.64;191.07;0.75;282.29;193.03;0.49;270.21;197.11;0.71;277.56;203.16;0.6;268.09;202.34;0.62;281.31;217.2;0.58;265.64;216.05;0.69;284.41;229.93;0.56;263.03;227.48;0.77;156.72;126.69;178.72;177.25;153.46;171.19;16.41;14.88;31.59;52.89;
7;0;230.05;192.87;0.72;232.46;190.73;0.65;230.86;190.73;0.62;238.35;192.34;0.56;230.86;191.8;0.44;245.04;203.04;0.57;232.46;201.97;0.55;258.68;207.05;0.43;223.63;207.85;0.44;272.33;209.73;0.46;220.96;208.66;0.5;243.97;237.02;0.68;244.23;236.48;0.61;220.69;246.11;0.61;254.67;258.96;0.55;207.31;268.32;0.76;280.09;271.8;0.71;174.7;163.01;142.41;141.71;113.15;173.93;75.41;75.14;160.55;83.4;
7;1;159.06;172.94;0.76;160.88;171.66;0.76;158.51;171.48;0.8;163.8;173.3;0.81;157.6;172.76;0.71;165.08;181.33;0.79;154.5;182.06;0.83;160.88;189.17;0.7;152.49;191.91;0.81;150.85;191.72;0.72;147.2;201.57;0.71;164.53;203.03;0.71;157.6;203.22;0.74;168.73;217.62;0.73;154.86;218.72;0.77;177.3;225.47;0.72;156.5;233.49;0.83;132.42;162.83;148.5;163.65;162.52;161.65;26.7;19.85;114.27;128.47;
7;2;279.73;173.9;0.74;281.35;172.28;0.71;278.76;171.95;0.7;283.62;173.25;0.71;277.14;172.76;0.71;284.59;181.84;0.56;272.11;181.19;0.71;285.24;192.05;0.41;269.52;190.91;0.7;284.59;199.5;0.28;274.38;197.24;0.67;280.7;203.72;0.55;272.11;202.91;0.58;283.46;216.03;0.52;269.68;215.87;0.65;285.08;227.38;0.35;266.6;227.54;0.71;171.4;127.5;175.52;175.84;157.31;169.38;13.71;14.93;206.63;125.62;
8;0;230.35;192.23;0.7;232.48;190.09;0.64;231.15;190.09;0.6;237.82;191.96;0.56;231.42;191.43;0.43;244.48;202.89;0.52;245.55;201.83;0.57;256.48;207.43;0.34;259.15;207.16;0.43;270.61;209.03;0.36;270.35;209.03;0.48;243.68;237.02;0.65;245.28;236.22;0.6;220.75;246.09;0.51;255.15;259.15;0.45;207.15;269.29;0.7;206.89;271.42;0.67;165.76;168.05;141.95;80.98;112.91;156.28;70.65;69.03;55.71;1485.83;
8;1;159.07;173.26;0.76;160.89;171.98;0.75;158.52;171.8;0.79;163.81;173.44;0.81;157.61;172.9;0.71;164.91;181.29;0.79;154.51;182.02;0.83;161.08;189.14;0.7;152.5;192.06;0.81;150.86;191.51;0.72;147.21;201.54;0.71;164.36;202.82;0.71;157.61;203.0;0.74;168.74;217.6;0.73;154.87;218.7;0.77;177.32;225.45;0.73;156.51;233.48;0.83;129.1;162.16;148.96;163.77;162.04;161.7;24.57;19.72;6.49;0.9;
8;2;279.97;173.9;0.74;281.43;172.28;0.69;278.83;171.95;0.68;283.38;173.25;0.69;277.21;172.93;0.72;284.35;181.86;0.59;272.17;181.21;0.72;285.0;192.09;0.43;269.57;191.12;0.72;285.0;200.05;0.27;274.61;197.29;0.69;280.62;203.63;0.57;272.01;202.81;0.6;283.38;216.29;0.55;269.57;215.97;0.66;285.16;227.66;0.37;266.65;227.66;0.72;176.37;126.1;176.64;176.46;157.97;169.94;13.37;14.27;20.59;6.95;
9;0;230.52;192.53;0.7;232.93;190.39;0.65;231.59;190.39;0.63;238.82;192.26;0.56;232.4;191.73;0.43;246.57;202.69;0.57;232.4;201.62;0.53;258.88;205.1;0.45;223.3;205.9;0.42;273.05;206.97;0.44;224.37;206.17;0.37;244.43;237.46;0.67;244.16;236.93;0.6;221.7;246.29;0.63;254.6;259.12;0.57;206.72;267.42;0.75;281.61;271.7;0.68;176.45;39.24;146.55;140.12;114.74;173.27;82.45;83.23;95.91;1385.71;
9;1;162.28;172.8;0.75;164.11;171.71;0.75;161.73;171.52;0.78;167.03;173.35;0.8;161.0;172.8;0.68;168.13;181.22;0.79;157.89;181.95;0.82;164.47;189.27;0.72;156.24;192.2;0.8;154.59;192.56;0.76;151.3;201.9;0.72;167.77;202.63;0.71;160.81;202.81;0.73;171.79;217.63;0.72;158.07;218.36;0.77;180.57;225.68;0.72;159.53;233.37;0.83;132.88;162.13;147.53;164.42;164.0;162.0;23.46;17.12;116.75;123.51;
9;2;283.02;174.23;0.67;283.94;172.69;0.57;282.25;172.54;0.61;284.71;173.92;0.57;281.17;173.92;0.7;285.78;181.91;0.56;276.41;181.6;0.71;284.09;191.9;0.4;273.64;191.44;0.69;284.56;198.05;0.4;279.33;197.9;0.63;283.33;202.51;0.5;276.41;202.2;0.56;286.4;215.88;0.47;273.8;215.73;0.65;271.34;226.48;0.38;270.11;227.87;0.7;166.11;122.91;112.2;174.04;160.24;169.07;2.8;15.71;61.74;143.21;
10;0;230.33;192.53;0.69;232.74;190.65;0.64;231.4;190.38;0.61;238.65;192.53;0.55;232.47;191.99;0.42;246.44;202.74;0.56;246.17;201.66;0.52;259.07;205.42;0.44;223.07;205.96;0.42;273.3;207.03;0.43;272.23;206.5;0.38;244.29;237.38;0.66;244.29;237.12;0.6;221.73;246.25;0.59;254.77;259.14;0.53;206.69;267.74;0.72;281.63;271.23;0.65;174.45;11.17;146.44;139.66;115.0;151.53;81.54;76.43;7.76;1439.63;
10;1;162.26;172.85;0.75;164.09;171.75;0.75;161.71;171.57;0.78;167.02;173.4;0.81;160.98;172.85;0.68;168.12;181.27;0.79;157.87;182.0;0.82;164.46;189.33;0.73;156.22;192.07;0.8;154.57;192.62;0.76;151.28;201.96;0.71;167.75;202.69;0.71;160.8;202.87;0.73;171.78;217.51;0.73;158.05;218.25;0.77;180.75;225.75;0.72;159.7;233.44;0.83;132.88;162.73;147.76;163.69;163.83;161.89;23.46;17.28;1.78;1.9;
10;2;282.89;174.45;0.68;283.81;172.76;0.59;282.12;172.76;0.62;284.58;173.99;0.58;281.05;173.99;0.71;285.66;181.98;0.56;276.28;181.68;0.71;284.12;191.82;0.4;273.67;191.36;0.69;284.58;198.13;0.4;279.36;197.97;0.64;283.35;202.43;0.5;276.44;202.12;0.56;286.27;215.81;0.46;273.67;215.65;0.64;271.21;226.41;0.39;269.98;227.8;0.7;166.93;124.19;112.83;174.66;161.25;168.01;2.45;15.53;2.44;2.42;
11;0;230.8;192.41;0.71;232.94;190.27;0.65;231.87;190.27;0.63;238.02;192.41;0.58;243.92;192.15;0.46;246.86;202.32;0.55;247.4;201.52;0.57;260.78;205.27;0.39;262.66;205.27;0.48;273.9;206.07;0.34;274.17;206.07;0.45;244.72;237.4;0.67;245.25;237.13;0.61;222.76;246.77;0.49;254.89;245.16;0.46;206.43;268.19;0.66;205.89;269.26;0.68;171.56;170.19;150.44;65.99;116.61;126.36;81.55;79.64;34.2;59.89;
11;1;163.95;172.97;0.76;165.77;171.87;0.76;163.4;171.69;0.79;168.87;173.33;0.81;162.67;172.79;0.68;169.96;181.35;0.78;159.58;181.9;0.81;166.14;189.55;0.71;157.94;192.28;0.79;156.48;193.01;0.75;153.2;202.12;0.7;169.42;202.67;0.71;162.49;202.67;0.73;173.24;217.43;0.73;159.76;218.15;0.76;182.17;225.81;0.73;161.03;233.46;0.83;134.74;163.26;147.73;165.23;164.0;162.0;23.55;16.96;58.54;58.02;
11;2;286.12;175.61;0.52;287.15;173.24;0.38;286.12;173.24;0.44;286.42;174.28;0.39;283.46;174.87;0.56;286.42;182.25;0.49;278.59;181.37;0.67;284.94;191.85;0.39;275.49;191.26;0.68;283.91;197.76;0.43;280.36;197.31;0.64;283.46;202.78;0.46;278.15;202.33;0.53;275.93;215.92;0.47;275.34;215.92;0.62;272.24;226.26;0.47;271.94;228.03;0.69;178.82;123.77;169.84;176.0;158.37;169.54;0.56;16.19;23.21;36.15;
12;0;231.49;193.28;0.73;232.86;191.07;0.64;233.14;190.52;0.63;237.28;193.55;0.61;244.18;192.45;0.52;235.07;203.21;0.54;249.42;201.55;0.62;261.83;203.48;0.36;264.59;203.48;0.61;275.9;203.21;0.31;276.45;203.76;0.59;244.45;237.42;0.7;246.38;236.87;0.63;254.93;245.69;0.47;223.48;247.35;0.56;206.38;269.69;0.65;206.1;268.04;0.73;178.29;174.08;64.59;154.63;143.62;119.51;74.08;87.66;104.95;97.64;
12;1;167.21;172.45;0.76;169.05;171.53;0.75;166.84;171.17;0.77;172.17;173.37;0.8;166.11;172.82;0.61;173.45;181.63;0.76;162.99;181.99;0.79;170.15;189.88;0.72;161.52;192.45;0.77;161.16;193.37;0.73;157.49;202.91;0.71;172.72;202.73;0.69;165.56;202.73;0.7;176.94;217.59;0.72;162.99;218.33;0.75;186.11;226.77;0.71;163.91;233.56;0.81;133.0;166.88;150.85;167.2;162.16;163.58;19.81;15.05;141.1;131.13;
12;2;285.35;171.03;0.43;285.91;171.03;0.42;284.66;171.03;0.47;284.1;171.03;0.4;283.54;171.03;0.53;281.87;182.45;0.49;281.45;182.04;0.65;280.62;192.21;0.49;280.2;192.07;0.62;285.77;199.03;0.33;283.68;197.78;0.46;282.29;202.66;0.43;281.73;202.38;0.51;278.66;216.31;0.51;278.8;216.03;0.59;275.46;227.87;0.54;275.46;228.43;0.67;135.62;141.5;179.37;177.0;163.96;167.12;8.51;7.91;67.98;100.82;
13;0;231.56;193.68;0.73;232.95;192.02;0.64;233.23;191.47;0.64;237.38;193.96;0.62;244.03;192.85;0.52;246.81;203.38;0.54;248.75;201.44;0.6;262.05;203.38;0.4;264.27;203.38;0.57;276.18;203.11;0.35;276.46;203.66;0.55;244.87;237.19;0.71;245.7;236.92;0.63;223.8;247.45;0.52;223.53;245.78;0.49;206.62;268.51;0.68;206.07;269.06;0.71;178.88;174.18;155.17;148.67;119.24;116.71;93.28;87.79;9.03;3.05;
13;1;167.25;172.3;0.76;169.08;171.21;0.75;166.88;171.02;0.78;172.2;173.22;0.81;166.15;172.67;0.61;173.48;181.64;0.76;163.04;181.83;0.8;170.18;189.89;0.72;161.39;192.45;0.78;161.39;193.36;0.73;157.55;202.89;0.72;172.74;202.89;0.69;165.6;202.89;0.71;176.77;217.54;0.73;163.04;218.45;0.76;186.11;226.88;0.73;163.95;233.47;0.82;133.4;168.6;150.38;167.16;162.65;163.71;19.83;15.76;7.05;1.91;
13;2;285.62;174.62;0.45;286.45;170.85;0.44;284.92;170.85;0.48;284.36;174.2;0.41;283.52;174.06;0.54;282.13;182.44;0.49;281.43;182.02;0.66;280.87;192.22;0.51;280.17;192.08;0.64;286.31;197.66;0.35;284.5;196.83;0.49;282.26;202.97;0.42;281.57;202.55;0.52;278.63;216.24;0.51;278.63;216.1;0.6;275.56;228.11;0.54;275.42;228.39;0.68;127.67;130.52;179.2;177.57;164.3;167.39;7.72;7.51;44.33;37.8;
14;0;232.35;194.81;0.76;233.75;193.69;0.67;234.04;192.0;0.67;237.98;194.81;0.67;244.46;193.41;0.56;238.54;205.24;0.58;250.09;201.86;0.65;262.49;202.7;0.35;265.31;202.7;0.66;278.27;200.73;0.33;279.68;201.86;0.65;245.3;237.64;0.75;246.43;237.36;0.66;254.32;262.15;0.47;223.89;248.34;0.61;206.43;267.5;0.62;205.86;265.53;0.76;178.92;173.45;76.18;162.36;171.59;121.88;84.26;92.71;95.04;110.89;
14;1;170.8;172.38;0.76;172.65;171.28;0.75;170.25;170.91;0.77;175.59;173.12;0.79;169.52;172.57;0.61;176.88;181.59;0.76;166.38;181.78;0.78;173.38;190.25;0.73;165.09;192.28;0.75;164.54;194.12;0.72;161.59;203.15;0.67;175.96;202.59;0.68;168.78;202.59;0.68;179.83;217.51;0.72;166.02;218.25;0.76;188.67;226.36;0.72;167.12;233.54;0.82;135.64;169.15;149.53;165.86;162.95;163.43;19.5;13.56;97.47;122.06;
15;0;231.98;195.25;0.77;233.39;194.4;0.68;233.67;192.99;0.68;237.91;195.25;0.68;244.41;193.83;0.55;238.47;205.42;0.58;249.77;202.03;0.65;262.77;202.59;0.35;265.03;202.59;0.65;278.31;200.61;0.33;279.72;202.03;0.64;245.54;237.34;0.75;246.1;237.05;0.66;224.35;246.94;0.47;223.78;248.07;0.58;206.27;267.0;0.64;205.7;265.87;0.74;179.38;175.68;156.42;161.73;101.91;122.26;84.16;93.86;3.74;5.21;
15;1;170.71;172.35;0.76;172.55;171.24;0.74;170.34;170.87;0.77;175.5;173.08;0.79;169.6;172.53;0.61;176.79;181.56;0.76;166.47;181.93;0.78;173.47;190.41;0.73;165.18;192.25;0.76;164.63;194.09;0.72;161.5;203.12;0.67;176.05;202.57;0.68;168.87;202.38;0.68;179.92;217.49;0.71;166.1;218.23;0.75;188.58;226.16;0.72;167.02;233.53;0.82;133.18;168.4;149.53;166.66;163.46;163.43;18.55;13.8;2.74;3.06;
15;2;282.1;197.02;0.27;282.1;197.02;0.24;281.52;197.02;0.18;282.27;197.02;0.26;263.68;239.42;0.18;283.18;204.57;0.25;283.27;197.02;0.25;282.02;213.36;0.12;282.02;197.02;0.14;280.19;228.63;0.15;279.78;228.13;0.15;282.52;206.31;0.25;283.1;205.73;0.27;281.44;216.6;0.31;281.69;216.85;0.27;279.12;228.96;0.45;279.28;228.96;0.45;179.29;94.12;175.34;176.0;165.13;173.86;13.33;88.91;949.63;952.48;
16;0;232.02;194.97;0.77;233.99;194.13;0.71;233.99;192.72;0.69;238.78;195.82;0.69;244.13;194.13;0.57;239.06;205.96;0.57;250.9;202.02;0.66;263.58;202.3;0.32;266.68;202.58;0.68;278.51;199.76;0.29;280.48;201.17;0.67;245.82;237.8;0.75;246.95;237.52;0.68;254.0;262.32;0.48;224.41;248.51;0.59;206.37;267.11;0.61;206.09;265.42;0.77;178.86;172.13;77.31;163.28;173.56;122.33;86.51;94.29;26.36;34.52;
16;1;172.39;172.17;0.73;174.24;171.06;0.71;172.21;170.5;0.73;177.2;173.09;0.76;171.47;172.35;0.58;178.49;181.78;0.73;168.14;181.6;0.73;174.98;190.47;0.72;167.4;191.95;0.7;165.92;195.28;0.71;164.26;201.94;0.61;177.38;202.86;0.64;170.17;202.67;0.64;181.45;217.47;0.69;167.58;218.39;0.72;190.14;226.34;0.69;168.51;233.18;0.78;139.96;166.61;151.16;167.07;161.43;165.14;19.0;9.6;52.8;90.39;
17;0;233.17;194.77;0.77;234.85;193.93;0.72;235.13;192.24;0.7;239.63;195.61;0.7;244.41;193.93;0.57;241.6;205.73;0.56;250.88;202.36;0.64;263.53;202.36;0.31;265.78;202.36;0.62;278.72;198.7;0.31;280.12;200.39;0.62;246.1;238.07;0.74;247.22;237.79;0.68;253.41;262.53;0.53;225.01;248.75;0.62;207.3;266.75;0.57;206.74;265.06;0.79;175.21;172.18;78.59;164.53;171.28;122.16;90.83;95.89;32.36;25.81;
17;1;173.9;172.14;0.73;175.73;171.04;0.71;173.71;170.49;0.73;178.66;173.06;0.76;172.98;172.14;0.59;179.95;181.67;0.72;170.05;181.49;0.71;176.28;190.47;0.7;169.68;191.57;0.66;167.66;195.79;0.69;166.38;199.82;0.56;178.85;202.94;0.64;171.7;202.76;0.63;183.06;217.42;0.69;169.13;218.52;0.73;191.68;226.59;0.68;169.86;233.37;0.78;144.3;160.28;153.0;167.93;160.81;166.32;19.66;6.52;54.68;90.12;
18;0;234.55;193.5;0.74;236.46;191.86;0.71;236.46;191.04;0.69;241.11;194.32;0.67;245.21;192.96;0.54;248.77;204.44;0.53;251.5;202.52;0.6;264.07;202.52;0.32;265.99;202.25;0.53;278.56;198.97;0.26;279.93;200.61;0.53;246.85;239.16;0.72;247.4;238.88;0.65;252.32;264.03;0.62;225.53;249.0;0.65;279.38;267.59;0.61;207.49;266.22;0.78;173.34;174.37;109.88;161.15;164.45;121.26;100.28;97.52;9.2;8.73;
18;1;176.88;172.27;0.73;178.72;171.17;0.72;176.69;170.62;0.72;181.84;173.01;0.78;175.96;172.27;0.58;183.31;181.83;0.72;173.2;181.28;0.69;179.27;191.2;0.7;173.02;191.02;0.63;170.81;196.71;0.73;169.71;197.45;0.55;181.84;203.15;0.63;174.49;202.59;0.62;186.07;217.48;0.69;172.28;218.58;0.73;194.7;226.67;0.69;172.84;233.47;0.77;146.45;153.86;153.2;170.03;159.63;168.69;19.39;4.53;98.76;123.05;
19;0;234.27;193.48;0.74;236.46;191.84;0.72;236.18;191.02;0.69;241.38;194.58;0.67;244.67;192.93;0.53;249.32;204.15;0.54;251.24;202.51;0.59;264.37;202.51;0.36;266.01;202.24;0.52;278.88;200.05;0.31;279.97;200.87;0.53;246.86;239.18;0.72;247.13;238.91;0.66;252.33;263.81;0.61;225.51;249.03;0.64;279.7;267.64;0.6;207.45;266.28;0.78;176.59;175.46;110.5;161.43;163.45;121.53;100.25;97.5;33.79;7.9;
19;1;177.05;172.32;0.74;178.89;171.22;0.72;176.69;170.66;0.73;181.83;173.05;0.78;175.95;172.13;0.59;183.3;181.87;0.73;173.2;181.32;0.7;179.44;191.05;0.7;173.01;191.05;0.63;170.81;196.56;0.73;169.71;197.48;0.55;182.01;202.99;0.64;174.66;202.62;0.63;186.05;217.5;0.69;172.28;218.42;0.74;194.68;226.5;0.69;172.83;233.48;0.78;145.33;153.86;151.75;169.31;160.96;167.46;19.3;5.03;4.64;0.9;
20;0;235.34;193.07;0.72;236.96;191.72;0.72;236.69;190.9;0.67;241.83;194.15;0.68;246.42;193.07;0.57;241.83;204.43;0.54;251.83;203.07;0.62;238.04;202.26;0.3;266.17;201.99;0.52;239.12;196.58;0.21;279.96;200.64;0.45;247.24;239.05;0.72;249.4;238.51;0.64;251.02;264.74;0.73;226.14;249.05;0.73;277.8;266.36;0.71;208.29;265.82;0.83;108.96;178.72;101.85;161.18;179.5;118.32;128.63;98.25;1200.48;6.93;
20;1;180.05;172.35;0.73;181.9;171.24;0.71;179.86;170.68;0.72;184.87;172.91;0.77;179.12;171.98;0.6;186.35;181.61;0.73;176.34;181.24;0.72;182.27;191.43;0.7;176.16;191.25;0.66;173.75;197.36;0.72;172.64;198.1;0.56;185.05;202.74;0.63;177.83;202.37;0.64;189.13;217.56;0.7;175.05;218.11;0.75;197.65;227.01;0.7;175.42;233.31;0.79;147.37;153.88;153.33;168.59;161.11;165.98;19.03;5.08;91.72;90.18;
21;0;235.33;192.78;0.72;237.22;191.16;0.71;236.68;190.62;0.66;242.09;194.14;0.67;246.69;192.78;0.57;241.28;204.42;0.54;251.83;203.06;0.62;238.03;202.52;0.31;266.17;202.25;0.52;239.39;196.3;0.21;279.43;201.17;0.45;247.23;239.05;0.71;249.4;238.51;0.63;251.02;264.75;0.73;226.4;249.06;0.74;277.8;266.1;0.73;208.0;265.56;0.84;107.99;178.57;101.27;162.75;178.63;118.58;130.01;97.17;11.65;22.64;
21;1;180.05;172.36;0.73;181.9;171.25;0.71;179.87;170.69;0.72;184.87;172.91;0.77;179.13;171.99;0.6;186.35;181.62;0.73;176.35;181.25;0.72;182.27;191.44;0.7;176.16;191.25;0.66;173.75;197.37;0.72;172.64;198.11;0.56;185.05;202.92;0.63;177.83;202.55;0.63;189.13;217.56;0.7;175.05;218.12;0.75;197.65;227.01;0.7;175.42;233.31;0.79;147.37;153.88;153.51;168.48;160.96;165.9;19.06;5.04;0.15;0.15;
22;0;235.44;193.28;0.71;236.83;191.89;0.71;237.1;191.06;0.65;241.53;194.11;0.69;246.51;192.72;0.62;239.32;203.79;0.58;252.6;202.68;0.66;237.1;198.26;0.33;264.5;201.85;0.5;239.32;185.53;0.23;279.44;200.47;0.41;246.79;238.93;0.71;250.66;238.38;0.64;249.28;264.67;0.75;226.86;250.0;0.76;276.12;265.77;0.79;208.32;265.5;0.86;148.33;178.7;97.89;166.14;173.53;119.14;170.2;97.1;324.1;21.09;
22;1;183.06;172.64;0.73;184.93;171.33;0.72;182.69;171.15;0.72;187.73;173.01;0.77;181.94;172.45;0.61;189.22;181.78;0.73;178.96;181.41;0.73;184.93;191.67;0.69;179.14;191.67;0.68;176.9;198.58;0.71;175.97;198.76;0.57;188.1;202.68;0.63;180.64;202.31;0.63;192.02;217.61;0.7;177.65;218.17;0.75;200.41;226.94;0.71;178.02;233.28;0.8;154.17;154.86;152.72;167.93;162.23;164.75;20.39;3.55;101.54;102.1;
23;0;235.63;192.48;0.71;237.02;191.38;0.7;237.02;190.55;0.65;241.72;193.86;0.69;246.14;192.48;0.6;239.5;203.81;0.57;252.5;202.43;0.65;237.57;202.16;0.31;265.76;202.43;0.5;239.78;191.65;0.21;280.14;200.77;0.44;246.97;238.64;0.72;250.84;238.36;0.63;249.18;264.9;0.74;226.79;249.7;0.75;276.54;265.73;0.77;208.55;265.73;0.86;118.71;173.42;96.55;163.92;172.72;117.88;142.7;92.64;184.79;22.89;
23;1;183.05;172.64;0.73;184.92;171.33;0.72;182.68;170.96;0.73;187.71;173.01;0.78;181.93;172.26;0.62;189.21;181.78;0.73;179.13;181.41;0.73;184.92;191.66;0.69;179.13;191.66;0.68;176.89;198.57;0.71;175.96;198.94;0.57;188.09;202.67;0.63;180.63;202.3;0.64;192.0;217.59;0.7;177.64;218.15;0.75;200.58;227.11;0.72;178.01;233.26;0.8;154.17;156.45;152.66;167.93;162.23;165.25;20.39;4.09;0.39;5.36;
24;0;236.51;191.88;0.74;237.92;190.47;0.71;237.92;189.9;0.67;242.16;193.01;0.71;246.4;191.88;0.61;238.77;203.19;0.59;253.19;202.06;0.67;240.75;201.78;0.31;268.74;202.34;0.6;246.4;197.54;0.21;280.9;200.36;0.56;247.25;238.54;0.72;251.21;238.25;0.63;248.38;264.83;0.73;226.89;250.41;0.74;276.09;265.12;0.74;208.51;266.25;0.85;178.67;169.71;93.05;165.82;168.97;119.7;112.04;92.09;266.5;26.1;
24;1;184.44;172.81;0.74;186.3;171.69;0.73;184.07;171.32;0.74;189.28;172.99;0.78;183.14;172.43;0.63;190.59;181.93;0.72;180.35;181.37;0.73;186.86;191.42;0.69;180.72;191.61;0.67;178.3;199.06;0.71;177.37;199.24;0.54;189.66;202.6;0.63;182.02;202.22;0.64;193.57;217.49;0.7;178.86;218.05;0.75;201.76;227.17;0.71;179.23;233.32;0.81;153.12;154.21;154.47;167.29;162.71;164.1;18.83;2.51;44.75;43.26;
25;0;236.56;192.23;0.7;238.29;190.79;0.68;238.29;190.21;0.64;243.47;193.67;0.67;247.21;192.23;0.6;238.87;203.45;0.56;252.97;202.3;0.65;238.87;199.71;0.3;268.22;201.73;0.56;247.21;194.82;0.21;281.17;200.29;0.54;247.21;238.85;0.71;251.24;238.56;0.62;246.06;265.33;0.73;227.35;250.94;0.73;273.69;263.6;0.76;209.22;266.77;0.84;120.38;175.82;83.93;166.27;164.24;120.11;166.73;94.89;85.28;8.49;
25;1;187.0;172.27;0.73;188.86;171.16;0.72;186.63;170.79;0.72;191.82;172.83;0.77;185.89;172.09;0.61;193.49;181.72;0.71;183.48;181.35;0.7;189.97;191.54;0.66;184.04;191.54;0.63;182.0;199.51;0.69;181.07;199.7;0.5;192.38;202.85;0.61;184.59;202.47;0.61;196.27;217.67;0.7;181.63;218.04;0.74;204.79;228.05;0.71;181.63;233.42;0.79;154.72;156.89;155.31;169.22;162.28;166.2;16.71;0.11;112.16;112.29;
26;0;236.66;192.25;0.7;238.38;190.82;0.68;238.38;190.24;0.64;243.84;193.98;0.67;247.29;192.25;0.59;239.53;203.46;0.55;252.75;202.31;0.65;239.24;199.73;0.29;268.27;202.03;0.56;247.29;195.13;0.21;280.91;200.3;0.53;247.29;238.81;0.71;251.03;238.81;0.62;245.85;265.25;0.73;227.46;250.88;0.73;273.44;263.81;0.76;209.07;266.69;0.83;115.35;173.3;83.91;166.45;164.51;119.83;172.02;93.77;9.61;7.75;
26;1;187.01;172.28;0.73;188.87;171.17;0.71;186.64;170.62;0.72;191.64;172.84;0.76;185.9;172.1;0.6;193.5;181.73;0.71;183.31;181.36;0.7;189.98;191.55;0.66;184.05;191.55;0.63;182.01;199.33;0.68;181.09;199.7;0.5;192.39;202.85;0.61;184.61;202.66;0.61;196.28;217.66;0.7;181.64;218.03;0.74;204.8;228.22;0.71;181.64;233.41;0.79;154.05;155.86;155.8;169.09;162.28;165.61;16.71;0.68;5.54;0.42;
27;0;236.33;193.36;0.68;237.8;192.19;0.67;238.38;191.31;0.62;242.49;194.53;0.67;246.89;193.07;0.59;238.68;203.33;0.58;253.05;202.45;0.66;238.68;197.76;0.33;267.72;201.87;0.53;246.6;194.53;0.23;280.92;199.52;0.5;247.18;239.71;0.69;251.29;239.41;0.62;244.54;265.23;0.72;227.82;251.15;0.73;271.83;264.05;0.76;210.52;266.11;0.84;112.17;172.21;81.63;165.72;160.93;119.29;166.84;95.02;27.48;23.53;
27;1;188.46;171.86;0.73;190.33;170.74;0.71;188.09;170.37;0.71;193.14;172.61;0.76;187.34;172.05;0.61;194.83;181.59;0.71;184.91;181.22;0.69;191.46;191.51;0.68;186.03;191.51;0.62;183.79;199.74;0.71;183.41;199.56;0.5;193.52;202.55;0.61;186.22;202.36;0.61;197.44;217.52;0.71;182.85;217.71;0.74;206.43;229.12;0.74;182.85;233.24;0.8;155.78;155.74;156.96;167.62;161.72;164.07;15.18;2.68;54.79;70.07;
28;0;235.68;196.13;0.65;236.48;193.73;0.61;238.62;193.46;0.51;239.68;194.27;0.68;247.43;193.46;0.61;236.48;203.34;0.65;252.76;202.81;0.7;238.35;202.54;0.36;268.51;202.81;0.69;277.86;199.07;0.32;279.99;199.87;0.66;247.96;239.65;0.67;252.5;239.38;0.6;242.09;265.01;0.68;228.21;251.39;0.71;269.05;263.67;0.75;210.85;267.41;0.77;161.82;165.65;74.13;163.6;149.42;116.73;95.65;90.42;950.24;29.82;
28;1;190.99;172.38;0.73;192.85;171.27;0.71;190.43;170.9;0.71;195.64;172.94;0.76;189.69;172.2;0.6;197.69;181.87;0.71;187.64;181.5;0.69;193.97;191.92;0.67;188.57;191.92;0.62;186.71;200.1;0.71;186.53;199.73;0.51;196.76;202.89;0.6;189.13;202.71;0.58;200.48;217.77;0.69;185.23;217.96;0.72;209.22;229.86;0.74;185.23;233.21;0.78;158.77;160.22;158.17;165.64;163.43;161.62;17.79;1.09;88.76;93.91;
29;0;235.76;196.64;0.65;236.29;194.24;0.61;238.69;193.71;0.51;239.76;194.51;0.68;247.22;193.44;0.61;236.56;203.31;0.65;252.82;202.77;0.7;238.16;202.51;0.36;268.56;202.77;0.69;277.89;199.31;0.31;280.03;199.84;0.66;247.76;239.58;0.67;252.56;239.31;0.59;242.16;265.18;0.69;228.29;251.31;0.71;269.36;263.58;0.76;210.69;267.58;0.78;158.04;165.65;74.29;163.57;150.5;116.73;99.4;90.42;7.21;1.33;
29;1;190.99;172.53;0.73;192.86;171.42;0.71;190.44;171.04;0.71;195.65;172.91;0.76;189.88;172.16;0.6;197.69;181.84;0.71;187.65;181.47;0.69;193.97;191.89;0.67;188.58;191.89;0.62;186.72;200.07;0.71;186.53;199.7;0.51;196.76;202.86;0.6;189.13;202.68;0.58;200.48;217.75;0.69;185.23;217.94;0.72;209.23;229.85;0.74;185.23;233.19;0.78;158.77;160.22;158.17;165.64;163.43;161.62;17.79;1.09;0.86;0.86;
30;0;236.03;198.86;0.64;237.07;196.25;0.6;237.6;196.25;0.53;240.99;194.94;0.64;246.48;193.89;0.55;251.44;203.3;0.57;252.22;202.77;0.62;265.54;202.51;0.45;266.85;202.77;0.58;278.6;200.16;0.5;279.12;200.16;0.58;250.13;239.86;0.66;246.48;239.34;0.57;241.25;263.63;0.47;228.72;251.35;0.53;268.41;264.93;0.61;212.52;265.45;0.66;172.98;167.99;72.27;173.02;161.56;133.01;95.23;98.93;33.38;28.85;
30;1;192.29;172.12;0.73;193.97;171.0;0.7;191.73;170.62;0.71;196.78;172.5;0.74;190.98;171.94;0.61;198.65;181.67;0.72;189.11;181.29;0.68;195.66;191.78;0.68;190.23;191.59;0.62;188.73;200.2;0.7;187.61;200.01;0.5;197.72;202.63;0.59;190.42;202.63;0.57;201.83;217.61;0.68;186.67;217.61;0.71;210.63;229.96;0.74;186.48;233.14;0.76;157.08;156.49;159.92;166.65;162.07;162.45;13.95;2.71;60.76;33.78;
31;0;235.2;197.97;0.69;236.23;195.4;0.66;235.97;195.65;0.55;240.09;195.4;0.68;247.56;194.37;0.59;236.49;203.89;0.63;252.19;203.38;0.67;238.29;201.57;0.38;267.89;203.38;0.66;278.71;199.52;0.38;280.25;200.54;0.64;249.36;240.19;0.67;251.93;239.42;0.59;238.8;263.36;0.59;229.02;252.03;0.62;266.09;263.88;0.66;212.8;268.51;0.69;130.79;167.09;66.59;163.38;135.98;119.24;122.6;90.41;19.74;35.84;
31;1;194.81;171.75;0.72;196.48;170.82;0.68;194.43;170.26;0.7;199.27;172.68;0.71;193.69;172.13;0.57;201.32;181.62;0.69;192.01;181.24;0.65;198.15;191.85;0.66;193.5;191.67;0.6;191.83;200.97;0.69;190.9;200.23;0.47;200.39;202.83;0.56;193.32;202.64;0.53;204.67;217.53;0.63;189.22;217.53;0.66;213.6;230.93;0.7;188.85;232.79;0.68;162.42;154.94;162.54;166.02;161.26;161.14;14.66;4.65;96.01;99.16;
32;0;235.15;197.97;0.71;236.18;195.39;0.67;235.92;195.65;0.56;239.78;195.65;0.69;247.76;194.36;0.6;236.69;203.89;0.64;252.14;203.38;0.68;238.24;201.32;0.37;267.85;203.38;0.67;278.66;199.51;0.37;280.21;200.54;0.65;249.05;239.94;0.68;252.4;239.43;0.59;238.75;263.37;0.61;228.97;252.04;0.64;266.05;263.89;0.69;212.74;268.78;0.72;123.52;167.09;67.35;162.41;137.35;117.89;130.11;89.59;1.24;1.23;
32;1;194.82;171.77;0.72;196.5;170.84;0.68;194.45;170.28;0.69;199.29;172.7;0.71;193.71;171.96;0.57;201.33;181.63;0.69;192.03;181.26;0.65;198.17;191.87;0.66;193.52;191.68;0.6;191.84;200.99;0.69;190.91;200.24;0.46;200.4;202.85;0.56;193.15;202.66;0.53;204.68;217.55;0.63;189.24;217.55;0.66;213.62;230.94;0.69;188.87;232.81;0.67;162.42;154.94;162.54;166.69;161.26;162.31;14.66;5.14;0.7;0.71;
33;0;235.12;198.43;0.71;236.7;196.33;0.68;235.91;196.33;0.56;239.84;196.33;0.68;248.24;196.07;0.57;236.7;204.99;0.66;251.91;204.73;0.68;237.22;204.2;0.4;266.59;205.25;0.66;277.87;202.1;0.35;278.92;202.63;0.63;249.55;240.65;0.68;252.43;239.87;0.6;235.91;261.63;0.61;229.35;252.72;0.64;261.61;263.21;0.66;213.88;270.55;0.71;126.64;165.94;60.48;160.06;127.16;118.25;126.5;87.1;81.51;73.75;
33;1;197.33;171.25;0.74;198.84;170.3;0.7;196.77;169.74;0.71;201.67;172.19;0.73;196.39;171.81;0.58;203.94;181.25;0.7;194.69;181.06;0.65;201.29;191.81;0.68;196.2;191.62;0.61;195.07;201.25;0.69;193.56;200.49;0.45;202.99;202.57;0.56;195.63;202.38;0.53;207.52;217.47;0.61;191.86;217.28;0.64;216.01;231.25;0.68;190.92;232.57;0.66;160.61;155.28;165.25;169.33;160.57;163.26;11.5;5.6;97.3;79.92;
34;0;235.37;197.5;0.72;236.42;195.39;0.67;236.16;195.39;0.55;239.32;196.18;0.69;248.27;195.92;0.59;236.69;204.87;0.67;251.69;204.34;0.69;236.42;203.03;0.4;266.43;205.13;0.68;277.75;201.71;0.32;278.54;202.77;0.67;248.8;240.15;0.67;253.01;239.62;0.58;235.9;261.73;0.6;229.32;252.78;0.64;261.17;263.58;0.66;213.52;270.68;0.71;83.69;165.86;63.31;160.48;130.19;116.92;169.18;84.8;12.29;12.03;
34;1;197.29;171.28;0.75;198.99;170.33;0.71;196.91;169.77;0.73;201.64;172.23;0.74;196.34;171.66;0.59;203.91;181.31;0.71;194.83;180.93;0.66;201.45;191.72;0.68;196.15;191.53;0.61;195.02;201.57;0.7;193.69;200.62;0.44;202.97;202.51;0.56;195.58;202.13;0.54;207.51;217.28;0.62;191.99;217.28;0.65;216.03;231.1;0.69;191.04;232.61;0.68;160.12;157.72;165.45;170.17;160.34;164.59;10.74;5.08;9.77;5.55;
35;0;235.57;197.08;0.7;236.86;195.01;0.66;236.86;195.01;0.55;239.96;196.04;0.68;247.97;195.79;0.58;236.86;205.08;0.64;251.06;204.82;0.66;259.84;205.08;0.41;265.78;205.6;0.59;277.4;203.02;0.44;277.92;203.53;0.55;250.03;240.46;0.67;248.74;239.69;0.59;233.5;260.09;0.57;230.4;254.15;0.56;259.84;264.22;0.55;214.39;268.61;0.59;173.29;167.33;58.81;176.17;119.48;132.08;69.58;90.8;40.63;29.75;
35;1;198.65;171.27;0.74;200.16;170.33;0.7;198.08;169.95;0.72;202.99;172.21;0.74;197.52;171.65;0.6;205.44;181.07;0.71;196.2;180.69;0.66;202.99;191.82;0.69;197.71;191.44;0.61;196.95;201.62;0.7;195.07;200.3;0.43;204.49;202.56;0.59;196.58;202.18;0.57;208.83;217.27;0.67;193.18;217.45;0.7;217.12;230.46;0.75;192.05;232.91;0.76;161.24;155.42;164.28;171.66;161.06;166.47;10.34;6.98;58.28;42.52;
36;0;235.29;199.14;0.69;236.81;196.86;0.64;236.56;196.61;0.56;240.36;197.11;0.66;247.19;196.86;0.56;237.32;206.73;0.6;250.49;206.23;0.62;259.6;207.24;0.43;263.4;207.75;0.51;276.31;205.98;0.44;276.82;205.98;0.48;250.74;241.17;0.69;247.95;240.16;0.62;232.26;257.37;0.6;230.48;254.33;0.6;257.57;264.21;0.57;215.55;267.25;0.59;174.37;165.77;56.35;178.22;109.95;133.33;67.41;87.56;94.89;80.62;
36;1;201.48;171.39;0.74;202.97;170.27;0.71;200.73;169.9;0.74;205.58;171.94;0.73;200.18;171.57;0.62;208.0;181.07;0.71;198.69;180.7;0.65;205.95;191.69;0.7;200.73;191.5;0.61;200.18;201.93;0.7;197.75;200.81;0.42;207.07;202.68;0.57;199.24;202.3;0.55;211.35;217.39;0.66;195.33;217.39;0.7;219.55;230.61;0.76;194.22;232.85;0.75;161.52;151.52;164.45;169.6;161.3;163.98;8.45;9.26;97.42;82.31;
37;0;235.46;198.92;0.69;236.98;196.39;0.64;236.73;196.39;0.56;240.77;197.15;0.65;246.59;196.9;0.55;237.74;206.76;0.58;250.13;206.25;0.61;260.24;207.27;0.45;262.52;207.52;0.49;276.43;205.75;0.48;276.68;206.0;0.46;250.89;241.15;0.69;247.6;240.39;0.63;232.43;257.08;0.6;230.66;254.55;0.6;257.71;264.41;0.56;215.74;266.94;0.58;173.36;168.06;56.97;179.82;109.87;134.13;67.79;88.41;7.63;4.24;
37;1;201.49;171.25;0.74;202.98;170.13;0.71;200.75;169.76;0.74;205.4;171.99;0.73;200.19;171.43;0.61;208.0;181.11;0.72;198.7;180.74;0.65;205.77;191.72;0.71;200.75;191.53;0.62;200.19;201.95;0.71;197.77;200.83;0.43;207.07;202.69;0.57;199.26;202.51;0.55;211.35;217.39;0.66;195.35;217.39;0.7;219.54;230.6;0.76;194.23;233.02;0.76;163.28;151.52;164.45;169.38;161.3;163.82;9.42;9.27;0.68;0.75;
38;0;235.13;199.8;0.68;236.65;197.27;0.64;236.4;197.27;0.54;240.96;197.77;0.63;246.03;197.77;0.54;248.82;208.42;0.57;249.83;207.91;0.6;259.71;208.92;0.48;261.24;209.18;0.53;274.16;207.91;0.51;274.41;208.16;0.52;251.61;241.61;0.69;247.55;241.11;0.65;232.85;256.82;0.62;231.08;254.03;0.64;255.66;264.67;0.55;216.13;267.97;0.58;173.32;169.26;58.04;175.13;124.24;132.05;82.54;87.59;94.2;94.2;
38;1;203.48;171.32;0.76;205.17;170.38;0.72;202.91;170.0;0.74;207.6;172.25;0.74;202.54;171.69;0.61;210.04;181.26;0.72;201.23;180.69;0.65;208.17;192.32;0.71;203.1;191.57;0.62;203.1;202.45;0.71;200.48;200.39;0.43;209.29;202.82;0.56;201.6;202.64;0.53;213.61;217.45;0.64;197.66;217.45;0.66;221.67;231.15;0.71;196.35;232.83;0.71;163.05;153.63;165.93;169.99;161.58;164.13;7.63;8.8;88.94;82.54;
39;0;234.82;199.29;0.69;236.1;196.73;0.65;236.35;196.99;0.54;239.93;197.5;0.67;246.82;197.76;0.59;236.86;207.97;0.61;250.65;207.97;0.65;257.55;208.48;0.42;262.66;209.25;0.58;274.41;207.72;0.4;274.92;207.97;0.56;250.91;241.43;0.69;248.61;240.92;0.64;233.03;257.27;0.63;230.73;253.94;0.65;255.76;264.16;0.59;215.92;268.76;0.61;175.98;167.98;58.41;171.08;108.76;129.62;65.81;87.48;9.48;16.28;
39;1;203.54;171.52;0.75;205.22;170.58;0.71;202.98;170.21;0.73;207.65;172.26;0.73;202.6;171.89;0.62;210.27;181.24;0.71;201.11;180.68;0.65;208.02;192.45;0.7;202.98;191.52;0.62;202.98;202.55;0.71;200.36;200.49;0.43;209.52;202.92;0.57;201.48;202.55;0.54;213.63;217.31;0.65;197.55;217.5;0.68;221.67;230.96;0.73;196.25;233.01;0.74;164.74;153.96;165.45;170.11;162.08;164.31;9.33;8.8;4.79;4.72;
40;0;234.64;200.38;0.65;236.16;198.1;0.6;235.91;198.1;0.53;241.74;198.61;0.59;243.26;198.35;0.5;248.08;208.75;0.61;246.05;208.5;0.57;259.99;210.02;0.56;260.25;210.02;0.51;273.94;209.0;0.6;273.94;209.0;0.51;251.63;241.97;0.7;247.06;241.46;0.65;232.36;256.16;0.66;230.58;253.88;0.66;254.41;264.79;0.57;215.87;268.08;0.61;169.77;169.65;57.73;173.02;120.28;125.25;77.83;82.12;41.23;42.82;
40;1;204.64;172.0;0.75;206.14;171.07;0.71;204.08;170.69;0.72;208.76;172.56;0.72;203.71;172.19;0.61;211.38;181.55;0.71;202.4;180.8;0.65;209.14;193.16;0.7;204.46;191.67;0.6;204.46;202.9;0.7;202.02;200.47;0.42;210.64;202.9;0.58;202.58;202.71;0.54;214.76;217.51;0.65;198.65;217.7;0.69;222.81;231.18;0.71;197.53;233.05;0.73;165.28;153.8;165.25;169.48;162.24;164.8;8.94;10.25;45.81;50.03;
41;0;234.49;200.74;0.65;236.53;197.93;0.62;235.77;197.93;0.56;242.65;198.7;0.63;238.83;198.19;0.53;248.01;209.41;0.61;236.53;208.64;0.59;259.99;211.19;0.56;256.17;210.68;0.39;272.75;211.45;0.56;271.98;211.45;0.35;252.09;242.05;0.7;246.22;241.54;0.65;230.15;254.81;0.63;229.39;255.06;0.61;216.38;268.07;0.52;252.09;267.05;0.53;172.67;176.84;166.25;66.6;113.05;112.35;74.4;67.65;81.86;94.25;
41;1;206.28;171.58;0.77;207.95;170.65;0.73;205.91;170.28;0.73;210.56;172.33;0.73;205.91;171.77;0.6;213.17;181.26;0.71;204.79;180.51;0.63;211.49;192.61;0.71;207.02;191.87;0.59;207.4;203.03;0.71;204.6;200.99;0.41;212.42;203.03;0.54;204.98;202.85;0.51;216.89;217.55;0.59;200.88;217.55;0.62;225.08;232.06;0.64;199.21;232.62;0.65;166.95;154.01;167.68;170.78;160.94;163.96;6.43;10.65;88.54;79.26;
42;0;234.75;200.73;0.63;236.82;197.89;0.61;236.82;197.63;0.57;243.0;198.66;0.64;238.62;198.15;0.56;248.16;209.23;0.6;236.3;208.46;0.6;259.76;211.3;0.55;256.41;210.78;0.38;272.91;211.55;0.53;272.13;211.55;0.32;252.28;241.97;0.7;246.1;241.46;0.64;230.37;254.86;0.61;229.34;255.12;0.6;216.19;268.78;0.53;252.03;266.72;0.53;171.04;176.23;165.99;66.28;113.29;112.66;72.74;66.88;5.81;5.6;
42;1;206.37;171.02;0.78;207.86;169.9;0.74;205.81;169.53;0.75;210.46;171.76;0.74;205.81;171.39;0.59;213.25;181.25;0.71;204.88;180.32;0.64;211.58;192.42;0.71;207.11;191.67;0.6;207.49;203.02;0.71;204.51;200.97;0.41;212.51;203.02;0.54;204.69;202.83;0.51;216.79;217.72;0.6;200.79;217.53;0.63;225.16;231.86;0.65;199.11;232.79;0.66;167.43;153.23;165.6;171.38;161.81;165.59;6.57;11.6;2.72;2.9;
43;0;208.57;170.56;0.78;210.08;169.61;0.73;208.0;169.05;0.77;212.91;171.5;0.75;207.43;171.13;0.6;215.37;181.33;0.72;206.68;180.57;0.66;213.67;193.23;0.72;208.57;191.9;0.61;210.27;203.61;0.72;206.3;200.97;0.42;214.99;203.61;0.6;206.49;203.05;0.58;218.77;217.78;0.69;202.33;217.78;0.74;226.7;231.19;0.77;200.82;233.46;0.82;170.01;156.5;164.33;169.75;164.1;164.73;7.16;9.94;1899.54;2005.97;
43;1;233.96;201.56;0.63;235.57;199.27;0.59;235.34;198.81;0.56;241.53;200.19;0.64;236.26;199.04;0.55;247.49;210.51;0.61;234.88;209.36;0.6;260.1;214.18;0.54;252.54;213.03;0.35;273.4;214.63;0.58;270.88;214.63;0.33;251.39;241.92;0.68;244.74;241.23;0.62;228.69;254.3;0.58;226.17;253.62;0.6;215.62;268.29;0.5;248.18;266.46;0.54;165.75;173.26;161.67;63.95;111.54;106.5;66.71;61.07;2013.59;2038.56;
44;0;208.56;170.55;0.78;210.07;169.61;0.73;208.0;169.04;0.77;212.91;171.5;0.75;207.43;171.12;0.6;215.36;181.32;0.72;206.67;180.56;0.66;213.66;193.22;0.72;208.56;191.9;0.61;210.26;203.61;0.72;206.3;200.97;0.42;214.98;203.61;0.6;206.48;203.04;0.58;218.76;217.78;0.69;202.33;217.78;0.74;226.7;231.19;0.77;200.82;233.46;0.82;170.01;156.5;164.33;169.75;164.1;164.73;7.16;9.94;0.16;0.17;
44;1;233.74;201.73;0.6;236.03;199.21;0.57;235.8;198.98;0.55;241.98;199.9;0.63;236.49;199.21;0.54;247.94;210.44;0.6;235.11;209.52;0.59;259.62;214.1;0.51;253.44;213.18;0.35;272.91;214.56;0.52;270.39;214.33;0.33;251.37;242.27;0.67;244.73;241.36;0.61;228.93;254.41;0.56;225.49;253.73;0.59;215.87;268.62;0.52;248.4;266.33;0.55;164.56;172.56;161.0;61.55;112.25;105.92;66.42;61.88;15.17;17.49;
45;0;233.05;201.92;0.58;234.64;198.96;0.54;233.96;199.19;0.53;238.96;200.1;0.61;236.01;199.42;0.54;246.69;210.32;0.57;234.87;209.41;0.57;254.87;214.87;0.48;253.05;214.87;0.36;272.14;216.23;0.56;276.23;215.1;0.34;250.09;241.45;0.7;243.5;240.55;0.62;228.05;253.95;0.55;225.1;252.36;0.58;247.14;268.04;0.5;216.01;268.72;0.58;155.46;163.86;65.98;151.75;113.31;107.2;54.7;57.8;1899.69;2146.26;
45;1;209.42;171.21;0.77;211.12;170.08;0.73;208.86;169.7;0.76;213.76;171.97;0.75;208.29;171.4;0.6;216.22;181.4;0.71;207.16;180.65;0.67;214.71;193.29;0.71;209.05;191.97;0.61;211.69;203.67;0.71;206.97;201.03;0.42;215.84;203.48;0.59;207.35;203.1;0.58;219.8;217.82;0.69;203.39;218.01;0.73;227.73;231.79;0.76;201.5;233.49;0.82;171.02;157.63;165.87;172.07;163.57;164.63;6.26;8.98;1870.51;1949.25;
46;0;232.72;202.32;0.63;234.82;199.52;0.58;233.89;199.52;0.55;241.34;200.22;0.62;235.05;199.75;0.51;248.8;211.87;0.62;234.12;210.71;0.62;258.82;216.3;0.57;252.3;215.6;0.38;272.11;217.47;0.56;269.08;216.3;0.3;251.13;242.87;0.68;243.21;241.47;0.61;226.2;252.42;0.6;224.1;252.19;0.63;245.54;268.97;0.53;216.64;268.27;0.59;161.17;167.32;61.51;144.17;106.67;102.83;61.86;58.47;37.13;218.11;
46;1;209.94;171.15;0.76;211.63;170.02;0.73;209.37;169.64;0.76;214.46;171.72;0.76;209.0;171.34;0.62;217.28;181.51;0.72;208.05;180.57;0.67;215.59;193.18;0.72;209.94;191.68;0.61;213.14;203.73;0.72;208.05;200.71;0.42;216.72;203.54;0.62;208.05;203.16;0.62;220.48;217.66;0.71;204.1;218.04;0.76;228.2;231.78;0.77;202.4;233.48;0.84;175.19;158.61;166.27;171.38;163.6;165.11;6.79;9.62;43.64;33.94;
47;0;231.51;202.02;0.7;232.88;200.19;0.61;232.42;199.73;0.52;235.85;201.33;0.61;241.8;200.88;0.55;233.57;211.63;0.62;247.07;211.17;0.65;243.18;218.5;0.45;257.82;218.95;0.6;248.44;221.47;0.4;271.78;221.7;0.6;247.75;242.75;0.64;253.25;241.84;0.58;221.9;250.31;0.7;227.39;252.59;0.53;240.66;267.24;0.64;217.32;270.9;0.74;173.94;155.25;58.34;141.39;81.77;101.19;29.95;42.73;722.05;181.73;
47;1;211.72;171.92;0.79;213.41;170.79;0.75;211.16;170.61;0.77;216.22;172.11;0.76;210.6;171.92;0.63;218.47;181.48;0.71;209.47;180.73;0.7;217.72;193.48;0.74;210.97;191.79;0.62;215.47;203.98;0.73;208.91;200.61;0.44;218.47;203.61;0.59;209.66;203.23;0.59;222.22;218.05;0.68;205.53;218.05;0.74;229.72;231.92;0.76;203.66;233.61;0.83;171.48;159.11;166.17;171.31;165.44;163.96;3.58;7.24;70.65;25.94;
48;0;231.65;202.03;0.69;233.02;200.2;0.61;232.56;199.74;0.52;236.22;201.34;0.61;241.94;200.89;0.54;233.7;211.64;0.61;246.97;211.18;0.65;243.77;218.5;0.45;257.5;218.96;0.59;248.35;221.48;0.39;271.68;221.7;0.59;247.89;242.75;0.64;253.15;241.84;0.57;222.04;250.3;0.69;227.07;252.36;0.53;240.8;267.23;0.63;217.23;270.89;0.74;178.74;154.48;58.34;139.94;81.77;100.58;31.21;42.14;2.84;3.04;
48;1;211.72;171.92;0.79;213.41;170.79;0.75;211.16;170.61;0.77;216.22;172.11;0.76;210.59;171.92;0.63;218.47;181.48;0.71;209.47;180.73;0.7;217.72;193.48;0.74;210.97;191.79;0.62;215.47;203.98;0.73;208.91;200.61;0.44;218.47;203.61;0.59;209.66;203.23;0.59;222.22;218.05;0.68;205.53;218.05;0.74;229.72;231.92;0.76;203.65;233.61;0.83;171.48;159.11;166.17;171.31;165.44;163.96;3.58;7.24;0.13;0.13;
49;0;212.29;171.58;0.8;213.98;170.46;0.75;211.92;170.27;0.77;216.8;172.15;0.77;211.35;171.77;0.62;219.25;181.36;0.71;210.41;180.6;0.7;218.87;193.19;0.73;211.73;191.69;0.63;216.62;204.1;0.71;209.47;200.52;0.47;219.25;203.53;0.6;210.6;203.16;0.59;223.01;218.19;0.68;206.47;218.0;0.75;230.33;232.47;0.77;204.4;233.6;0.84;170.13;158.91;167.22;171.99;165.62;163.96;1.82;6.29;1088.4;1976.92;
49;1;230.99;202.98;0.69;233.02;200.95;0.61;231.66;200.72;0.57;237.54;201.85;0.58;233.7;201.4;0.47;233.47;212.71;0.53;246.81;212.03;0.54;254.73;220.85;0.45;256.99;219.94;0.53;271.01;223.11;0.37;271.46;223.56;0.54;249.98;243.23;0.64;241.84;241.87;0.51;221.94;249.34;0.66;225.11;251.82;0.54;238.67;268.1;0.63;218.1;270.37;0.72;166.95;156.16;60.56;141.44;73.88;130.2;40.64;61.59;1767.09;2004.53;
50;0;213.95;171.64;0.79;215.44;170.52;0.76;213.39;170.33;0.79;217.86;172.2;0.76;212.83;172.01;0.66;221.03;181.7;0.74;211.71;180.95;0.7;220.47;193.25;0.74;213.57;191.76;0.64;218.98;204.06;0.71;211.9;200.52;0.5;220.47;204.43;0.62;212.27;203.68;0.62;224.57;218.59;0.7;207.61;218.4;0.76;231.27;232.75;0.76;205.75;233.87;0.84;174.92;159.38;170.8;169.31;162.45;161.03;1.36;8.37;71.03;72.88;
50;1;230.69;202.94;0.68;232.07;200.64;0.58;231.38;200.41;0.52;234.36;202.25;0.59;240.33;202.02;0.5;230.92;213.49;0.55;246.06;212.8;0.56;254.32;222.9;0.39;256.62;222.44;0.5;269.0;227.48;0.31;270.61;227.71;0.61;248.59;242.86;0.6;250.88;241.94;0.49;220.82;247.9;0.66;223.12;250.2;0.55;233.67;267.64;0.7;219.45;269.7;0.73;175.46;158.26;67.23;117.23;69.28;97.18;37.07;38.21;144.82;127.57;
51;0;230.55;202.95;0.68;232.16;200.66;0.59;231.24;200.66;0.53;234.91;202.26;0.59;240.64;202.03;0.5;231.01;213.5;0.55;246.15;213.04;0.56;254.17;223.13;0.39;256.7;222.44;0.5;268.85;227.49;0.3;270.68;227.72;0.61;248.44;243.08;0.6;250.96;241.93;0.49;220.92;248.12;0.65;222.07;249.5;0.56;233.54;267.62;0.7;219.55;269.45;0.73;173.96;158.95;67.48;111.88;69.88;95.21;36.92;38.83;1657.65;1948.62;
51;1;213.98;171.7;0.8;215.47;170.58;0.76;213.42;170.39;0.8;217.89;172.25;0.76;212.86;171.88;0.66;221.24;181.75;0.74;211.75;181.0;0.71;220.49;193.29;0.75;213.42;191.8;0.64;219.01;203.9;0.71;211.75;200.54;0.5;220.31;204.45;0.62;212.12;203.71;0.61;224.4;218.6;0.69;207.65;218.41;0.76;231.29;232.74;0.76;205.79;233.86;0.84;175.7;160.34;170.19;169.97;161.51;162.16;1.34;7.88;1663.17;1950.38;
52;0;229.85;201.31;0.75;231.19;199.51;0.67;230.07;199.51;0.58;234.34;202.21;0.65;240.18;202.21;0.54;230.3;212.99;0.63;244.67;213.44;0.64;235.24;223.55;0.42;256.13;224.67;0.62;243.33;230.74;0.27;269.61;232.09;0.7;244.0;242.87;0.61;250.96;242.64;0.59;219.74;246.91;0.72;221.76;247.14;0.6;228.95;268.26;0.75;221.76;268.93;0.73;156.72;164.38;76.12;98.75;74.82;86.59;0.45;33.41;774.02;135.36;
52;1;215.24;172.09;0.8;217.11;170.97;0.76;214.86;170.78;0.77;219.72;172.65;0.75;214.12;172.28;0.69;222.52;181.62;0.73;212.81;181.06;0.74;222.15;193.39;0.74;214.12;191.71;0.64;221.03;203.48;0.68;213.18;199.93;0.5;221.78;204.04;0.62;213.37;203.48;0.65;224.58;218.42;0.64;208.89;218.24;0.73;232.24;232.62;0.67;206.64;233.93;0.83;175.48;166.52;162.68;171.23;167.07;161.67;0.09;5.57;62.17;47.01;
53;0;229.99;201.19;0.75;231.56;199.39;0.68;230.22;199.39;0.6;235.15;202.31;0.62;240.08;202.31;0.5;230.22;213.29;0.61;244.56;213.06;0.62;235.82;224.27;0.37;255.77;224.49;0.6;244.34;230.77;0.23;269.44;232.11;0.69;244.34;242.87;0.6;250.84;242.42;0.56;219.68;246.68;0.7;221.48;246.91;0.6;228.87;268.2;0.75;221.92;268.65;0.71;154.38;163.57;75.66;97.5;73.27;86.62;1.52;32.37;30.41;5.28;
53;1;215.26;172.2;0.8;217.12;170.9;0.76;214.89;170.71;0.78;219.92;172.57;0.75;214.15;172.2;0.7;222.71;181.69;0.74;212.84;181.13;0.74;222.33;193.41;0.74;214.15;191.92;0.65;221.22;203.64;0.67;213.03;200.11;0.51;221.78;204.2;0.62;213.4;203.64;0.65;224.75;218.53;0.64;208.94;218.34;0.73;232.2;232.86;0.66;206.7;233.97;0.83;175.59;165.35;164.29;171.23;165.9;161.68;0.55;5.46;7.54;7.07;
54;0;229.09;201.58;0.76;230.17;199.63;0.63;229.09;199.41;0.56;233.64;202.45;0.65;238.63;202.23;0.53;229.52;213.29;0.65;243.62;213.07;0.67;235.6;226.31;0.42;255.34;225.0;0.64;240.59;233.03;0.3;267.7;233.46;0.72;243.84;242.57;0.63;250.56;242.36;0.61;219.55;246.48;0.69;220.63;245.83;0.63;226.27;268.17;0.76;223.88;268.17;0.71;168.44;168.85;81.91;88.33;73.08;83.28;1.04;31.14;131.72;66.19;
54;1;215.97;172.26;0.8;217.64;170.97;0.75;215.42;170.78;0.79;220.61;172.63;0.76;214.68;172.26;0.7;223.57;181.71;0.74;213.38;180.97;0.75;223.38;193.75;0.73;214.86;191.89;0.66;222.46;204.12;0.65;213.94;200.41;0.53;222.09;204.67;0.62;213.94;203.93;0.65;225.61;218.75;0.64;209.68;218.57;0.74;233.01;232.27;0.67;207.08;233.75;0.84;175.78;166.07;165.32;173.46;162.27;162.38;2.81;6.34;39.94;28.79;
55;0;228.27;203.86;0.73;229.75;202.38;0.62;228.48;202.17;0.5;232.71;204.07;0.63;237.98;203.44;0.53;229.75;214.42;0.6;243.47;213.58;0.66;233.34;228.36;0.43;254.24;226.46;0.64;238.41;238.28;0.36;265.22;237.22;0.69;244.11;242.92;0.6;250.23;243.35;0.6;217.93;246.09;0.71;228.9;249.68;0.57;222.15;268.26;0.76;224.05;268.26;0.71;167.39;174.34;86.11;121.19;70.16;93.76;12.29;27.11;170.99;135.46;
55;1;216.82;171.51;0.83;218.87;170.21;0.79;216.45;169.84;0.82;221.84;172.07;0.78;215.52;171.88;0.72;224.25;181.36;0.75;214.41;180.8;0.75;224.81;193.43;0.76;216.45;191.76;0.67;224.44;203.65;0.69;214.97;199.94;0.56;222.77;204.58;0.63;214.78;203.65;0.66;226.86;219.44;0.62;211.06;218.33;0.73;234.1;234.31;0.56;208.09;233.94;0.81;175.27;159.13;169.39;176.58;160.96;164.86;6.3;9.63;61.3;34.11;
56;0;228.31;203.87;0.73;229.58;202.39;0.61;228.52;202.18;0.5;232.74;204.08;0.63;238.02;203.45;0.53;229.79;214.42;0.6;243.29;213.58;0.66;233.38;228.35;0.43;254.05;226.66;0.64;238.44;238.27;0.36;265.24;237.21;0.69;244.14;243.12;0.6;250.26;243.54;0.6;217.97;246.07;0.71;228.73;249.66;0.57;222.19;268.44;0.76;224.09;268.23;0.71;167.39;172.77;85.76;119.91;69.88;92.79;12.12;26.36;1.11;0.63;
56;1;216.89;171.49;0.82;218.75;170.38;0.79;216.52;170.01;0.82;221.72;172.24;0.78;215.59;171.86;0.72;224.32;181.34;0.75;214.48;180.78;0.74;224.69;193.41;0.75;216.52;191.74;0.66;224.51;203.62;0.69;215.04;199.91;0.55;222.84;204.55;0.63;214.85;203.62;0.66;226.92;219.6;0.62;210.95;218.48;0.73;233.8;234.27;0.56;207.98;233.9;0.8;177.2;159.13;170.1;176.2;161.14;164.36;5.42;9.63;2.22;2.3;
57;0;228.62;203.33;0.71;229.65;201.07;0.55;229.45;201.07;0.52;231.7;203.33;0.66;237.86;203.53;0.65;229.24;214.2;0.68;243.19;214.2;0.72;230.27;228.36;0.56;253.24;228.77;0.7;232.52;243.13;0.54;262.07;240.87;0.72;241.55;242.51;0.64;249.76;243.34;0.7;216.93;246.0;0.81;228.83;250.72;0.62;218.16;268.98;0.87;223.91;268.77;0.76;175.46;178.53;95.0;124.7;74.56;96.74;19.35;21.91;230.45;145.78;
57;1;218.04;171.7;0.85;219.91;170.39;0.8;217.48;170.02;0.85;222.9;172.26;0.8;216.55;171.89;0.73;225.33;181.61;0.76;215.43;180.86;0.78;226.08;193.76;0.73;217.11;191.89;0.68;226.27;203.85;0.61;215.8;199.93;0.59;223.84;203.85;0.65;215.99;202.73;0.67;225.52;219.56;0.63;212.25;218.62;0.75;226.46;235.44;0.54;209.07;234.51;0.81;177.54;162.08;177.25;178.07;170.04;165.29;7.37;7.2;53.4;23.0;
58;0;228.45;203.35;0.69;229.67;201.31;0.54;229.47;201.11;0.52;231.71;203.35;0.65;237.6;203.35;0.65;229.27;214.12;0.68;243.5;214.33;0.72;230.28;228.36;0.56;253.46;229.17;0.72;232.52;243.2;0.55;262.21;241.37;0.74;241.47;242.59;0.65;250.01;243.2;0.71;216.86;246.05;0.81;229.06;250.52;0.61;217.88;268.62;0.89;223.98;268.22;0.77;175.52;178.24;95.42;125.3;74.8;96.57;19.11;21.17;2.23;15.66;
58;1;217.96;171.89;0.85;219.82;170.58;0.81;217.58;170.02;0.85;222.81;172.45;0.8;216.46;171.89;0.72;225.43;181.6;0.76;215.53;180.85;0.79;226.18;193.75;0.71;217.02;191.88;0.68;225.99;203.84;0.59;215.71;199.91;0.6;223.56;203.84;0.65;215.9;202.71;0.68;225.06;219.34;0.63;212.16;218.6;0.75;225.99;235.41;0.54;208.99;234.48;0.81;175.42;163.03;177.82;178.07;169.69;165.78;8.32;6.74;8.43;2.69;
59;0;228.04;203.01;0.68;229.26;200.98;0.56;228.85;200.98;0.53;231.08;203.22;0.63;237.18;203.42;0.62;228.44;214.8;0.69;242.87;214.19;0.7;230.47;233.7;0.61;252.83;230.05;0.69;229.86;249.15;0.58;260.56;243.26;0.77;241.04;242.44;0.64;249.99;243.05;0.7;216.65;245.7;0.81;228.65;249.56;0.55;215.84;269.07;0.89;223.56;268.87;0.79;171.6;178.17;99.59;121.69;73.09;93.1;18.37;18.29;195.94;75.39;
59;1;218.65;171.77;0.84;220.46;170.5;0.82;218.1;169.96;0.84;223.72;172.49;0.82;217.2;171.95;0.7;226.26;181.55;0.74;216.29;180.83;0.78;226.8;193.88;0.69;217.74;191.7;0.66;225.89;204.21;0.56;216.65;200.22;0.57;224.26;204.39;0.64;216.65;203.3;0.66;225.35;219.79;0.63;212.85;218.89;0.74;226.8;235.92;0.55;209.58;234.65;0.8;172.46;165.13;178.9;177.97;170.97;165.35;7.52;6.67;11.54;29.75;
60;0;227.07;202.48;0.67;228.77;200.78;0.55;227.29;200.57;0.57;230.04;203.32;0.63;235.55;203.32;0.65;226.65;215.18;0.73;241.9;213.7;0.78;226.86;233.19;0.67;249.73;229.37;0.7;226.65;248.22;0.69;255.88;245.05;0.78;238.3;241.66;0.7;248.04;241.87;0.79;216.27;245.68;0.77;228.13;250.98;0.55;212.46;270.46;0.85;224.32;270.46;0.77;178.52;174.83;109.1;125.65;76.6;102.28;23.08;14.26;100.67;150.71;
60;1;219.68;171.84;0.87;221.32;170.57;0.85;219.13;170.02;0.89;224.6;172.57;0.85;218.22;171.84;0.71;227.51;181.5;0.76;217.49;180.77;0.8;228.43;193.35;0.7;218.76;191.53;0.71;225.87;202.47;0.5;217.49;199.73;0.61;224.78;204.11;0.66;217.49;203.2;0.69;224.6;219.78;0.68;214.02;218.87;0.77;226.24;235.46;0.62;210.56;234.91;0.83;159.96;164.39;173.36;179.73;173.77;167.54;11.3;6.77;52.38;29.11;
61;0;227.26;202.53;0.67;228.96;201.05;0.55;227.47;200.84;0.57;230.02;203.38;0.63;235.32;203.59;0.65;226.62;215.26;0.74;241.9;213.78;0.78;226.84;232.65;0.68;249.74;229.26;0.7;226.62;247.29;0.69;255.89;244.95;0.77;238.29;241.77;0.7;248.05;241.98;0.8;216.02;245.8;0.77;228.32;250.89;0.56;212.41;270.4;0.85;224.29;270.4;0.77;178.47;174.52;108.59;125.97;76.51;102.0;23.05;14.58;28.17;2.83;
61;1;219.69;171.87;0.87;221.34;170.59;0.85;219.15;170.04;0.89;224.62;172.6;0.85;218.24;171.87;0.71;227.54;181.71;0.76;217.51;180.8;0.81;228.27;193.57;0.7;218.78;191.56;0.71;225.71;202.69;0.51;217.51;199.77;0.61;224.8;204.14;0.66;217.51;203.05;0.69;224.62;219.65;0.68;214.04;218.73;0.77;226.44;235.33;0.63;210.58;234.78;0.83;160.84;164.39;172.69;179.73;173.72;167.54;10.47;6.77;8.19;1.22;
62;0;228.64;202.6;0.68;228.85;200.68;0.56;228.21;200.47;0.56;228.85;203.03;0.66;235.04;203.67;0.65;226.29;214.77;0.74;241.24;213.71;0.8;223.94;231.64;0.68;247.85;230.36;0.69;222.02;246.16;0.65;251.48;247.01;0.71;236.32;241.25;0.71;247.21;241.89;0.8;215.83;246.16;0.75;229.06;250.22;0.58;208.78;270.07;0.82;225.22;270.29;0.76;179.61;170.62;119.89;125.49;82.71;102.67;28.69;9.7;142.65;146.44;
62;1;220.94;172.15;0.85;222.38;170.71;0.83;220.4;170.35;0.86;225.45;172.51;0.86;219.31;172.15;0.71;228.7;181.54;0.76;218.41;180.82;0.82;229.06;192.91;0.68;219.49;191.46;0.7;226.17;201.21;0.46;218.05;199.76;0.57;225.81;203.37;0.68;218.59;202.65;0.71;224.55;219.79;0.67;214.98;218.71;0.78;225.45;235.86;0.66;211.55;234.95;0.85;159.0;164.33;172.39;179.26;176.87;166.86;9.35;5.33;46.57;16.36;
63;0;228.44;202.56;0.67;228.87;200.86;0.56;228.01;200.43;0.56;228.65;202.99;0.66;234.85;203.63;0.66;226.31;214.95;0.74;241.26;213.88;0.8;223.74;231.82;0.69;247.88;230.33;0.69;221.82;246.35;0.65;251.51;246.99;0.7;236.13;241.22;0.7;247.24;241.86;0.8;215.84;246.13;0.75;229.08;250.19;0.57;208.58;270.05;0.82;225.24;270.27;0.76;178.9;170.37;120.5;125.49;83.1;102.58;29.14;9.86;8.2;1.04;
63;1;220.62;172.17;0.85;222.23;170.74;0.83;220.26;170.38;0.86;225.46;172.53;0.86;219.36;172.17;0.71;228.52;181.51;0.75;218.46;180.97;0.82;229.23;192.82;0.67;219.54;191.38;0.69;226.36;200.9;0.45;218.1;199.82;0.56;225.82;203.23;0.67;218.64;202.52;0.7;224.57;219.75;0.66;215.05;218.85;0.77;225.46;235.73;0.66;211.64;235.01;0.85;156.79;164.43;172.43;179.53;177.28;167.13;10.7;5.43;10.9;2.35;
64;0;228.03;202.28;0.66;228.25;200.57;0.58;227.61;200.15;0.56;227.61;203.13;0.65;234.86;203.56;0.63;225.69;214.87;0.72;240.83;214.01;0.78;222.7;231.93;0.66;246.38;230.87;0.64;220.14;245.16;0.61;249.15;248.36;0.66;235.71;241.11;0.67;246.38;241.75;0.79;215.23;246.23;0.72;229.31;250.28;0.57;207.13;270.12;0.82;225.47;269.91;0.74;178.97;170.79;122.78;127.64;83.12;105.26;30.84;6.91;61.89;81.96;
64;1;221.38;172.16;0.82;222.99;170.73;0.81;221.02;170.19;0.81;226.2;172.69;0.84;220.13;171.98;0.68;229.07;181.63;0.73;219.05;180.92;0.8;229.42;192.36;0.62;220.13;191.29;0.66;225.49;200.23;0.37;218.87;200.23;0.48;226.2;203.27;0.64;219.23;202.55;0.67;225.13;219.36;0.6;215.83;218.46;0.73;226.38;235.63;0.59;211.9;235.09;0.82;151.53;166.12;171.79;178.74;176.28;167.48;9.44;5.43;33.11;26.24;
65;0;229.25;201.95;0.68;228.39;200.01;0.53;227.95;199.79;0.56;226.88;202.82;0.64;235.51;203.03;0.64;225.15;215.34;0.71;240.69;213.83;0.79;219.75;231.96;0.61;244.79;230.23;0.63;216.08;244.91;0.57;245.01;248.8;0.54;234.43;240.59;0.65;245.44;241.89;0.76;214.79;247.29;0.67;229.03;250.52;0.61;204.21;270.17;0.81;225.58;270.17;0.74;177.83;166.63;133.62;127.73;88.63;108.15;38.17;4.43;122.32;125.38;
65;1;222.92;172.31;0.8;224.38;170.85;0.78;222.37;170.67;0.79;227.48;172.68;0.8;221.28;172.31;0.72;230.59;181.62;0.73;220.18;180.89;0.8;231.32;192.21;0.67;221.09;191.48;0.67;225.84;200.97;0.41;219.27;200.24;0.51;227.3;203.53;0.62;220.55;202.8;0.67;225.48;218.31;0.52;216.9;218.31;0.69;226.75;235.11;0.53;213.06;234.74;0.75;144.05;163.3;168.61;179.89;178.51;165.8;12.48;3.97;24.77;11.9;
66;0;229.13;201.98;0.69;228.48;200.03;0.54;227.83;199.81;0.56;226.75;202.63;0.63;234.97;202.84;0.63;225.01;215.18;0.72;240.82;213.67;0.79;219.6;232.07;0.62;244.71;230.33;0.64;216.14;245.06;0.58;244.93;248.95;0.56;234.32;240.29;0.66;245.36;241.59;0.77;214.62;247.44;0.68;228.91;250.68;0.62;204.23;270.17;0.82;225.66;270.17;0.75;177.16;167.51;134.5;128.39;89.59;109.68;38.11;3.91;4.67;5.24;
66;1;222.72;172.46;0.8;224.36;171.0;0.78;222.35;170.64;0.79;227.47;172.83;0.81;221.25;172.46;0.71;230.57;181.78;0.74;220.34;180.87;0.8;231.3;192.2;0.65;221.25;191.47;0.65;225.27;200.61;0.39;219.43;200.43;0.47;227.47;203.53;0.61;220.71;202.8;0.66;225.64;218.52;0.51;216.87;218.34;0.69;227.65;235.15;0.52;213.03;234.6;0.75;140.33;163.54;166.15;179.4;178.82;165.17;12.14;3.97;20.25;7.26;
67;0;227.83;201.5;0.66;227.62;199.76;0.56;227.18;199.76;0.57;228.05;202.37;0.63;234.58;202.59;0.64;223.92;215.43;0.71;240.46;213.26;0.79;217.39;229.36;0.65;243.29;228.49;0.6;213.69;241.33;0.65;238.28;248.52;0.42;233.49;241.12;0.7;243.94;242.42;0.79;213.03;249.61;0.73;228.71;251.56;0.66;202.15;270.5;0.83;226.53;271.15;0.73;172.06;155.44;140.05;127.3;92.08;114.15;45.56;3.71;134.06;200.41;
67;1;224.12;172.15;0.83;225.45;170.82;0.74;223.24;170.97;0.78;228.4;172.89;0.77;222.35;172.74;0.62;231.79;181.44;0.72;221.47;181.14;0.78;232.08;192.2;0.66;222.5;192.05;0.64;227.81;196.03;0.39;221.03;200.16;0.53;228.69;203.55;0.57;221.76;203.41;0.63;225.89;215.05;0.43;218.67;217.12;0.63;228.69;234.66;0.36;216.9;234.66;0.43;130.31;164.29;158.18;173.03;174.28;166.52;9.54;4.64;157.31;48.81;
67;2;223.68;172.33;0.77;225.47;171.07;0.77;223.32;170.89;0.76;228.7;172.86;0.79;222.24;172.69;0.66;231.57;182.37;0.71;221.35;181.3;0.73;232.11;194.03;0.61;222.6;192.6;0.6;227.09;203.36;0.37;220.81;200.31;0.45;227.98;203.9;0.55;221.7;203.36;0.61;225.83;220.05;0.44;218.12;219.69;0.59;228.16;237.99;0.43;213.81;239.06;0.58;149.06;160.57;165.0;179.87;178.13;166.67;12.1;5.41;1769.31;1961.61;
68;0;227.81;201.5;0.66;227.6;199.76;0.56;227.16;199.76;0.57;228.03;202.37;0.63;234.78;202.59;0.63;224.11;215.43;0.71;240.44;213.25;0.79;217.36;229.36;0.65;243.27;228.49;0.59;213.66;241.56;0.65;238.26;248.52;0.41;233.47;241.12;0.7;243.92;242.43;0.79;212.79;249.61;0.73;228.68;251.57;0.66;202.12;270.73;0.83;226.51;271.16;0.73;171.04;155.44;139.12;127.3;92.3;114.15;45.87;3.71;6.72;0.6;
68;1;224.04;172.01;0.83;225.37;170.83;0.74;223.15;170.83;0.78;228.34;172.75;0.78;222.41;172.75;0.62;231.75;181.51;0.73;221.37;181.21;0.79;232.05;192.34;0.66;222.41;192.19;0.65;227.6;196.2;0.4;220.92;200.5;0.53;228.64;203.77;0.58;221.81;203.47;0.64;224.78;215.19;0.44;218.7;217.27;0.64;228.34;235.07;0.38;217.21;235.07;0.43;129.35;164.47;151.19;172.04;169.31;166.13;9.54;4.26;7.96;10.64;
68;2;223.79;172.32;0.77;225.4;171.07;0.77;223.25;170.89;0.76;228.64;172.86;0.79;222.17;172.68;0.66;231.69;182.38;0.71;221.45;181.3;0.73;232.05;194.05;0.62;222.53;192.62;0.6;227.2;203.57;0.38;220.91;200.52;0.44;227.92;204.11;0.55;221.63;203.39;0.6;225.76;220.09;0.44;218.04;219.73;0.6;228.28;238.05;0.43;213.91;239.12;0.59;151.24;163.0;164.35;179.63;177.83;167.14;11.61;4.97;7.05;6.9;
69;0;226.94;200.56;0.67;227.16;198.8;0.58;226.28;198.8;0.57;228.69;201.65;0.65;234.6;201.43;0.62;223.44;215.01;0.71;240.3;212.6;0.8;216.43;230.77;0.68;241.83;226.83;0.51;210.74;243.91;0.67;230.01;235.81;0.29;233.07;241.72;0.71;244.02;243.03;0.8;212.71;249.82;0.74;228.69;251.79;0.68;201.32;271.28;0.81;226.94;271.5;0.73;179.47;121.06;139.65;124.82;91.86;112.77;43.79;0.83;112.91;456.15;
69;1;224.03;171.4;0.61;226.12;170.63;0.61;224.17;170.01;0.61;229.4;173.08;0.61;223.26;172.66;0.37;232.41;182.99;0.42;221.86;181.59;0.51;232.75;192.97;0.41;222.91;191.58;0.41;223.12;198.77;0.3;222.21;198.77;0.35;229.4;198.77;0.33;224.31;198.77;0.36;235.97;198.77;0.24;224.24;198.77;0.27;234.22;198.77;0.25;224.31;198.77;0.23;119.02;168.47;0.02;1.16;79.23;81.9;12.78;2.11;155.37;64.99;
69;2;224.67;172.03;0.77;225.97;170.73;0.72;223.8;170.88;0.73;228.86;172.9;0.75;222.65;172.61;0.63;232.04;181.43;0.65;222.07;180.85;0.73;232.33;191.54;0.61;222.79;190.97;0.6;229.44;193.71;0.36;221.78;197.9;0.45;229.15;201.52;0.52;222.5;201.66;0.55;227.85;212.36;0.43;219.61;213.37;0.61;231.17;232.45;0.35;217.73;232.45;0.44;125.23;167.62;163.76;171.75;178.65;164.94;9.82;2.89;304.07;82.77;
70;0;225.8;199.9;0.7;226.91;198.35;0.65;225.36;198.13;0.63;229.12;200.78;0.69;233.54;200.12;0.63;224.26;214.27;0.74;240.17;211.84;0.8;214.97;229.3;0.71;241.72;225.76;0.58;207.24;241.9;0.73;229.56;234.6;0.35;231.99;241.46;0.73;243.05;242.34;0.81;212.32;250.3;0.75;228.68;252.29;0.7;200.61;271.74;0.81;227.57;271.96;0.75;179.85;119.69;142.85;127.91;98.32;119.31;47.59;0.96;121.44;38.58;
70;1;225.9;172.94;0.67;227.2;171.9;0.64;224.85;171.9;0.61;229.8;173.59;0.66;223.68;173.46;0.52;233.18;181.27;0.58;223.03;181.14;0.64;233.96;191.29;0.48;223.81;191.03;0.49;229.54;192.33;0.29;223.03;197.92;0.37;229.02;200.92;0.43;223.81;201.05;0.49;222.38;210.42;0.43;220.82;211.85;0.55;220.43;226.94;0.34;218.61;226.94;0.43;98.78;169.03;151.8;172.85;157.03;162.27;16.42;2.27;273.51;35.41;
70;2;225.4;172.49;0.51;227.27;171.87;0.56;225.12;171.66;0.56;230.26;173.6;0.61;224.29;173.26;0.4;233.52;182.9;0.44;222.9;181.86;0.51;235.04;193.44;0.44;223.74;191.64;0.41;226.58;199.2;0.27;223.25;199.2;0.37;232.13;199.2;0.33;225.68;199.2;0.34;227.48;199.2;0.28;226.03;199.2;0.3;236.43;199.2;0.28;228.18;199.2;0.24;115.99;171.46;0.01;179.91;94.86;99.09;13.1;4.23;186.13;59.02;
71;0;226.07;200.13;0.7;226.73;198.81;0.63;225.41;198.59;0.62;228.05;201.24;0.68;233.35;200.8;0.61;224.08;214.03;0.75;239.96;211.82;0.82;215.04;229.47;0.71;241.73;225.94;0.6;206.88;242.04;0.74;229.16;234.54;0.35;232.02;241.37;0.75;242.83;242.48;0.82;212.39;250.42;0.77;228.71;252.62;0.71;200.71;271.81;0.83;227.61;272.03;0.76;177.37;117.26;143.39;128.96;98.55;120.36;46.55;1.78;11.49;12.39;
71;1;225.17;172.36;0.55;227.15;171.68;0.57;224.96;171.27;0.58;230.23;173.6;0.62;224.35;173.19;0.38;233.65;183.04;0.43;222.91;182.01;0.52;234.95;193.37;0.43;223.73;191.8;0.43;230.1;198.71;0.26;223.39;198.71;0.35;230.85;198.71;0.32;225.44;198.71;0.35;226.81;198.71;0.3;226.47;198.71;0.29;236.12;198.71;0.28;230.1;198.71;0.24;130.52;172.37;0.01;179.96;100.15;98.62;17.32;3.83;192.66;25.94;
71;2;225.78;173.04;0.67;226.98;171.97;0.65;224.7;171.97;0.62;229.8;173.71;0.66;223.63;173.58;0.54;233.28;181.49;0.57;223.09;181.35;0.64;234.09;191.01;0.47;223.77;190.6;0.51;233.28;194.76;0.3;223.23;197.44;0.4;228.19;199.99;0.44;224.44;200.26;0.47;222.16;209.64;0.45;220.82;210.31;0.56;220.01;228.68;0.32;218.27;228.68;0.42;163.07;171.37;154.42;168.1;163.39;156.14;20.23;0.09;241.9;52.9;
72;0;228.04;200.39;0.73;226.47;199.27;0.56;226.47;198.82;0.61;226.92;201.07;0.72;234.33;201.07;0.68;223.1;213.19;0.8;239.94;212.07;0.85;213.67;227.56;0.74;240.16;225.99;0.6;204.24;238.56;0.74;226.02;233.62;0.35;230.28;241.7;0.79;241.96;242.83;0.85;212.1;251.36;0.79;229.39;252.93;0.77;200.43;272.24;0.88;228.49;272.46;0.82;172.67;117.43;147.17;131.42;103.82;125.03;47.42;2.83;131.27;98.28;
72;1;225.89;172.11;0.56;227.84;171.31;0.56;225.89;170.77;0.55;231.34;174.2;0.57;225.22;173.66;0.35;234.3;183.2;0.41;223.94;182.13;0.52;236.31;194.9;0.44;224.95;192.01;0.39;231.0;198.19;0.28;224.62;198.19;0.28;231.74;198.19;0.31;226.57;198.19;0.3;226.9;198.19;0.29;226.57;198.19;0.26;236.71;198.19;0.26;236.92;198.19;0.25;112.03;171.06;0.01;90.0;99.67;90.0;19.45;3.44;31.4;40.07;
73;0;228.04;200.38;0.74;226.47;199.26;0.56;226.47;198.81;0.61;226.92;201.05;0.72;234.33;201.05;0.68;223.1;213.18;0.8;239.94;212.05;0.85;213.67;227.55;0.74;240.17;225.98;0.6;204.24;238.55;0.74;223.78;233.61;0.35;230.29;241.69;0.79;241.96;242.82;0.85;212.1;251.35;0.79;229.39;252.92;0.77;200.42;272.23;0.89;228.49;272.46;0.82;172.67;114.05;147.17;131.42;103.82;125.03;47.42;2.83;0.31;67.46;
73;1;225.9;172.04;0.57;227.84;171.24;0.56;225.9;170.7;0.56;231.34;174.19;0.57;225.22;173.65;0.35;234.29;183.2;0.41;223.95;182.12;0.52;236.31;194.89;0.44;224.95;192.06;0.39;231.07;198.18;0.28;224.62;198.18;0.27;231.81;198.18;0.31;226.57;198.18;0.3;226.9;198.18;0.29;226.57;198.18;0.26;236.78;198.18;0.26;236.91;198.18;0.25;112.35;171.07;0.01;90.0;99.42;90.0;19.2;3.48;2.05;0.36;
74;0;228.63;201.0;0.74;226.81;199.87;0.55;227.04;199.87;0.61;225.9;201.45;0.72;233.62;201.23;0.68;222.5;213.47;0.79;239.29;212.11;0.85;212.52;227.08;0.75;238.83;226.63;0.58;203.22;237.06;0.75;221.14;235.25;0.41;229.99;241.83;0.79;241.78;242.73;0.84;211.61;252.03;0.79;229.53;252.94;0.78;200.05;272.22;0.88;228.63;272.22;0.8;173.28;117.76;148.87;132.5;104.27;125.15;51.04;6.45;54.24;93.37;
74;1;226.31;171.97;0.59;228.49;171.05;0.59;226.71;170.46;0.59;231.78;174.14;0.57;225.85;173.88;0.33;235.0;183.88;0.4;224.34;182.56;0.51;236.58;197.57;0.41;225.06;192.96;0.41;230.53;197.57;0.27;224.87;197.57;0.3;232.24;197.57;0.3;226.58;197.57;0.33;227.43;197.57;0.27;226.84;197.57;0.25;237.04;197.57;0.26;231.51;197.57;0.23;83.42;173.56;0.01;179.93;101.42;98.48;18.0;4.5;24.62;19.88;
75;0;228.99;200.34;0.71;228.3;198.97;0.51;228.53;198.28;0.59;226.7;200.8;0.71;234.25;200.34;0.69;222.36;212.91;0.79;239.28;211.09;0.83;211.84;225.72;0.74;239.74;225.03;0.55;201.55;236.01;0.73;224.19;231.44;0.37;229.22;241.73;0.76;241.57;242.64;0.82;211.15;252.47;0.77;229.45;253.16;0.75;200.41;272.82;0.87;228.99;272.59;0.79;174.4;110.5;148.59;132.3;107.36;126.81;52.79;2.27;59.45;146.83;
75;1;226.63;172.09;0.63;228.87;171.1;0.62;227.12;170.48;0.61;232.1;174.09;0.57;226.38;173.46;0.31;235.52;184.23;0.4;224.63;182.55;0.49;237.26;196.3;0.41;225.32;196.3;0.4;228.87;196.3;0.27;225.01;196.3;0.29;233.28;196.3;0.25;226.5;196.3;0.3;227.81;196.3;0.27;219.35;196.3;0.26;243.17;196.3;0.24;231.91;196.3;0.23;81.79;87.15;0.01;0.01;100.51;82.27;18.73;4.88;62.91;38.46;
76;0;228.48;199.9;0.75;226.41;198.52;0.58;228.25;198.29;0.63;225.95;200.82;0.76;233.76;200.59;0.76;221.81;212.77;0.8;239.28;211.39;0.83;211.01;223.34;0.77;239.51;225.41;0.54;201.13;230.01;0.78;222.5;230.24;0.39;228.25;241.27;0.76;240.2;242.65;0.81;210.55;252.53;0.76;229.4;253.45;0.73;200.44;273.67;0.86;228.94;273.67;0.8;169.61;104.9;148.03;136.3;109.75;133.32;58.34;0.75;180.95;62.19;
76;1;227.55;173.31;0.53;229.51;172.48;0.53;227.67;171.94;0.55;233.26;174.98;0.53;227.37;174.14;0.35;236.06;184.38;0.35;225.52;182.6;0.48;238.98;195.93;0.41;225.29;195.93;0.37;230.52;195.93;0.27;221.06;195.93;0.29;233.62;195.93;0.24;227.13;195.93;0.27;226.42;195.93;0.35;226.06;195.93;0.3;238.08;195.93;0.25;233.56;195.93;0.23;75.82;91.02;0.01;0.03;101.93;83.13;26.11;7.9;51.1;119.27;
77;0;226.59;199.32;0.73;225.45;197.94;0.62;227.05;197.71;0.65;226.13;200.7;0.76;233.24;200.47;0.79;221.55;212.62;0.81;239.21;211.47;0.85;210.08;222.71;0.79;242.42;226.15;0.62;200.45;227.07;0.76;243.79;233.03;0.34;227.28;241.52;0.75;239.44;242.43;0.8;210.54;252.52;0.77;229.35;253.9;0.75;201.14;274.08;0.85;228.89;274.31;0.81;162.99;178.97;146.89;139.94;112.1;138.23;59.87;11.91;90.79;645.98;
77;1;227.91;172.88;0.6;230.28;171.64;0.6;228.41;171.26;0.59;233.65;174.76;0.54;227.72;174.13;0.32;236.9;184.31;0.38;226.03;182.93;0.49;239.14;193.17;0.5;225.97;191.73;0.34;231.4;189.99;0.39;226.85;197.1;0.27;234.09;197.1;0.27;227.47;197.1;0.3;226.35;197.1;0.4;225.66;197.1;0.37;239.64;197.1;0.32;240.27;197.1;0.28;53.42;170.35;0.01;0.02;102.38;84.21;26.61;6.19;180.73;177.59;
77;2;229.19;173.31;0.64;230.52;172.2;0.62;228.19;172.31;0.55;233.63;174.53;0.57;227.52;174.42;0.39;237.41;184.2;0.48;226.41;182.98;0.46;239.96;195.97;0.49;226.3;194.97;0.27;243.96;206.64;0.37;243.4;205.75;0.27;236.07;208.19;0.47;226.96;208.08;0.48;238.18;218.97;0.29;218.41;218.97;0.37;241.07;218.97;0.3;241.18;218.97;0.26;171.69;121.68;101.08;51.84;165.74;140.58;15.42;1.8;480.44;656.4;
78;0;226.91;199.09;0.72;225.3;197.95;0.61;227.36;197.72;0.63;225.76;200.7;0.75;233.56;200.7;0.79;221.4;212.63;0.8;239.06;211.48;0.83;209.93;222.95;0.78;242.5;226.16;0.61;200.3;227.08;0.74;243.88;233.5;0.36;227.13;241.3;0.74;239.29;242.44;0.78;210.16;252.77;0.77;229.2;253.91;0.73;201.22;274.1;0.83;228.74;274.1;0.79;161.21;177.43;146.8;139.95;112.74;138.23;59.32;12.77;4.56;14.29;
78;1;227.83;173.0;0.58;230.07;171.82;0.58;228.51;171.38;0.58;233.5;174.87;0.53;227.7;174.12;0.34;236.87;184.16;0.37;226.14;182.85;0.48;239.11;192.95;0.51;225.96;191.45;0.34;231.19;189.89;0.4;226.52;197.06;0.27;234.0;197.06;0.27;227.45;197.06;0.3;226.52;197.06;0.37;225.89;197.06;0.34;239.92;197.06;0.32;240.48;197.06;0.28;54.58;173.04;0.01;0.02;102.53;84.74;26.85;6.51;6.87;9.94;
78;2;228.99;173.29;0.64;230.43;172.18;0.61;228.21;172.29;0.54;233.54;174.62;0.57;227.43;174.4;0.37;237.2;183.95;0.48;226.32;182.95;0.45;239.98;195.94;0.48;239.98;195.5;0.26;244.09;206.82;0.35;243.64;206.27;0.28;235.87;208.38;0.45;226.99;208.15;0.46;238.42;219.03;0.28;215.0;219.03;0.4;241.31;219.03;0.31;241.31;219.03;0.27;172.35;151.36;103.47;42.22;163.4;130.71;16.16;45.91;6.7;17.12;
79;0;226.88;199.43;0.73;225.27;198.06;0.59;228.03;197.6;0.64;225.5;200.81;0.74;232.84;200.81;0.76;220.69;212.27;0.8;239.03;212.04;0.85;208.76;221.9;0.74;242.7;226.49;0.67;200.51;224.2;0.75;243.62;232.22;0.37;226.19;241.62;0.74;238.11;242.54;0.78;209.91;252.86;0.79;229.17;254.23;0.76;201.43;274.18;0.84;228.94;274.41;0.8;156.6;174.84;146.31;143.25;113.99;144.32;61.69;15.97;86.9;39.25;
79;1;228.36;173.07;0.56;230.5;171.81;0.55;228.99;171.37;0.56;234.22;174.9;0.5;228.11;173.96;0.3;237.5;184.99;0.33;226.22;182.97;0.43;239.65;193.32;0.38;225.46;191.87;0.3;231.26;189.78;0.29;221.17;197.48;0.27;234.48;197.48;0.25;227.67;197.48;0.27;226.91;197.48;0.3;225.65;197.48;0.29;239.77;197.48;0.28;234.54;197.48;0.24;52.72;147.48;0.01;0.02;103.63;84.29;28.07;10.58;3.85;161.36;
79;2;229.39;173.99;0.68;230.8;172.69;0.66;228.3;172.69;0.58;233.62;175.08;0.63;227.21;174.64;0.44;237.85;184.31;0.54;226.45;183.11;0.56;240.78;196.03;0.56;225.69;193.75;0.31;244.8;206.89;0.51;225.26;205.8;0.24;236.98;208.41;0.49;227.97;207.86;0.48;236.88;218.5;0.3;216.25;218.5;0.41;241.44;218.5;0.31;239.16;218.5;0.26;173.73;177.98;89.38;42.22;178.55;128.71;16.1;7.6;21.58;553.17;
79;3;229.9;174.28;0.75;231.09;172.74;0.69;229.21;172.74;0.7;233.84;174.45;0.74;227.33;174.8;0.65;237.09;183.7;0.74;226.64;183.02;0.75;240.52;195.18;0.69;227.33;192.78;0.68;244.8;206.14;0.67;225.61;199.98;0.42;237.95;205.29;0.58;229.38;205.29;0.52;240.52;220.02;0.68;235.72;220.19;0.5;243.77;235.43;0.74;241.89;235.09;0.48;175.28;162.59;177.97;179.44;172.38;163.98;14.35;3.0;;;
80;0;225.42;198.66;0.68;224.49;197.5;0.59;226.34;197.27;0.6;225.88;200.05;0.69;233.29;200.05;0.73;220.09;211.62;0.76;239.31;211.39;0.79;209.44;218.57;0.71;242.78;224.59;0.63;199.72;218.34;0.74;244.4;233.85;0.52;225.18;240.79;0.7;237.22;241.95;0.76;208.98;252.83;0.78;228.66;254.45;0.73;202.03;274.13;0.83;229.12;274.13;0.77;145.52;175.18;144.67;144.23;116.7;149.48;66.79;18.64;177.87;54.3;
80;1;229.13;173.71;0.54;231.16;172.73;0.56;229.32;172.4;0.54;234.52;175.36;0.55;228.8;174.5;0.34;238.0;184.95;0.36;227.22;183.44;0.48;240.76;195.01;0.44;226.43;192.31;0.33;231.69;198.82;0.25;221.64;198.82;0.27;235.24;198.82;0.29;230.05;198.82;0.28;226.43;198.82;0.36;226.17;198.82;0.32;221.64;198.82;0.24;235.44;198.82;0.22;97.45;148.68;179.99;0.01;101.26;79.59;26.61;15.49;272.07;42.68;
80;2;230.65;174.64;0.73;231.84;173.27;0.66;230.14;173.1;0.67;234.57;174.98;0.72;227.92;175.32;0.65;237.64;183.51;0.73;227.41;183.17;0.73;241.56;195.11;0.72;228.26;192.89;0.66;245.66;206.19;0.66;226.55;199.71;0.34;238.83;205.85;0.61;232.01;205.85;0.52;240.37;220.35;0.72;236.28;220.18;0.53;243.95;235.19;0.73;233.89;234.85;0.51;178.42;160.95;172.47;154.18;177.01;174.9;15.63;6.46;33.13;187.24;
80;3;230.06;174.22;0.63;231.6;173.01;0.58;229.19;173.01;0.54;234.56;175.2;0.58;228.09;174.87;0.43;238.5;184.3;0.51;227.1;183.32;0.52;241.9;196.58;0.52;227.1;193.51;0.3;245.74;207.33;0.5;225.24;200.64;0.23;237.19;209.52;0.47;228.97;208.53;0.44;236.86;219.5;0.3;216.03;219.5;0.4;239.71;219.5;0.31;238.72;219.5;0.25;175.82;165.34;88.11;40.28;178.9;126.05;18.46;4.23;45.54;22.93;peak_hand_velocity
81;0;225.55;198.61;0.68;224.39;197.45;0.59;226.24;196.99;0.61;225.55;200.0;0.7;233.19;199.76;0.73;219.99;211.57;0.76;238.98;211.11;0.79;209.34;218.52;0.72;242.68;224.08;0.64;199.84;218.29;0.74;244.3;233.57;0.55;225.08;240.75;0.7;237.12;241.91;0.76;208.87;252.79;0.78;228.79;254.41;0.72;201.93;274.33;0.82;229.02;274.1;0.77;145.49;173.74;144.49;145.64;116.7;149.75;66.79;19.39;3.99;8.76;
81;1;230.88;174.84;0.73;232.07;173.3;0.65;230.36;173.3;0.68;234.47;175.01;0.72;227.97;175.35;0.67;237.73;183.4;0.74;227.45;183.23;0.74;241.49;195.22;0.73;228.31;192.99;0.67;245.6;206.17;0.67;227.28;200.18;0.34;239.1;205.49;0.62;231.9;205.66;0.55;240.46;220.22;0.74;236.18;220.04;0.54;244.06;235.11;0.76;233.96;234.94;0.54;177.13;166.86;171.74;154.93;178.23;174.65;14.14;6.21;473.41;174.7;
81;2;228.92;173.69;0.55;231.07;172.78;0.56;229.12;172.39;0.55;234.4;175.52;0.58;228.79;174.99;0.33;237.86;184.98;0.36;227.22;183.47;0.47;240.99;194.83;0.43;226.25;192.74;0.34;232.05;198.61;0.25;221.68;198.61;0.28;234.86;198.61;0.29;229.57;198.61;0.3;226.51;198.61;0.32;226.25;198.61;0.31;221.68;198.61;0.24;235.18;198.61;0.21;95.31;148.16;179.99;0.01;102.41;81.18;30.05;14.85;468.63;150.34;
81;3;230.21;174.14;0.66;231.57;172.9;0.59;229.19;172.9;0.53;234.63;174.94;0.6;228.17;174.48;0.45;238.26;184.23;0.56;227.15;183.33;0.58;241.89;196.25;0.55;227.72;193.53;0.33;245.74;207.13;0.5;224.88;199.54;0.2;237.13;209.06;0.48;229.08;208.38;0.45;238.83;221.19;0.31;215.36;221.19;0.35;241.44;221.19;0.34;241.89;221.19;0.26;177.3;151.57;97.98;43.04;169.41;128.64;19.41;1.22;5.78;34.76;
82;0;224.86;198.17;0.64;224.39;196.99;0.58;230.27;196.99;0.58;225.33;199.58;0.67;232.62;199.34;0.71;218.99;210.86;0.74;237.79;210.86;0.75;207.48;215.55;0.72;242.72;224.25;0.58;199.96;212.74;0.68;245.07;236.7;0.56;224.39;240.22;0.65;235.67;241.63;0.7;207.95;252.68;0.77;228.86;255.5;0.7;202.31;274.53;0.81;229.09;274.53;0.75;137.24;170.46;141.6;153.12;116.71;157.75;78.22;24.16;167.12;96.86;
82;1;231.7;175.16;0.77;232.97;173.52;0.69;231.15;173.52;0.74;235.7;175.35;0.69;228.96;176.08;0.67;238.25;183.91;0.8;227.87;183.91;0.81;242.44;195.75;0.78;229.33;194.29;0.74;246.45;205.95;0.69;227.51;202.86;0.4;240.08;206.68;0.71;233.52;207.05;0.63;241.17;221.99;0.81;235.16;221.99;0.6;244.81;237.47;0.84;240.08;237.65;0.64;178.04;160.0;170.85;168.83;179.51;172.55;14.91;5.73;26.45;80.77;
83;0;225.07;197.89;0.63;224.83;196.95;0.57;226.71;196.72;0.56;225.54;199.54;0.64;232.59;199.31;0.68;218.95;210.83;0.72;237.77;210.59;0.73;207.19;215.77;0.7;242.7;224.23;0.56;199.9;212.71;0.66;244.82;236.7;0.55;224.36;239.99;0.64;235.88;241.4;0.69;208.13;252.46;0.75;228.83;255.28;0.69;202.49;274.56;0.8;229.06;274.33;0.74;134.47;169.73;141.85;152.34;117.02;156.54;77.73;23.4;1.87;7.45;
83;1;231.53;175.09;0.75;232.99;173.44;0.67;231.16;173.26;0.73;235.73;175.27;0.68;228.97;176.0;0.66;238.28;183.85;0.79;228.06;183.85;0.79;242.48;195.72;0.78;229.52;194.25;0.72;246.5;205.94;0.69;227.69;203.02;0.38;240.11;206.49;0.71;233.54;207.03;0.62;241.02;222.0;0.81;235.36;221.82;0.6;244.67;237.34;0.84;240.11;237.52;0.64;178.04;160.24;169.97;170.22;178.76;173.75;14.88;5.3;1.42;7.46;
84;0;225.0;198.2;0.61;224.76;197.26;0.54;226.18;197.26;0.51;226.41;199.15;0.6;232.79;199.15;0.64;219.33;210.01;0.68;237.27;210.24;0.69;207.52;213.55;0.64;242.23;224.65;0.5;200.44;210.95;0.61;244.59;237.16;0.49;223.34;239.52;0.61;235.15;241.17;0.64;208.0;252.27;0.72;228.77;255.34;0.67;202.56;274.23;0.79;229.01;274.47;0.73;143.16;171.69;143.61;155.06;121.97;159.7;81.05;22.93;55.33;15.5;
84;1;231.61;175.43;0.78;233.08;173.97;0.7;231.25;173.79;0.76;235.64;175.62;0.7;229.23;176.17;0.68;238.76;184.41;0.8;227.95;184.05;0.83;242.97;196.14;0.79;228.68;194.3;0.74;247.18;206.21;0.73;226.67;202.73;0.42;240.22;206.95;0.72;233.44;207.5;0.66;241.5;222.15;0.81;234.54;221.79;0.6;244.99;237.91;0.83;236.92;238.09;0.62;177.07;162.47;172.36;176.09;178.9;171.21;16.05;9.1;22.24;32.12;
85;0;225.22;197.67;0.64;224.02;196.47;0.58;227.61;196.95;0.52;224.74;198.38;0.66;232.39;198.62;0.69;219.24;208.42;0.72;236.21;209.62;0.73;206.58;210.81;0.7;227.13;212.48;0.36;202.04;204.12;0.72;225.22;205.07;0.26;222.59;239.01;0.64;234.3;239.96;0.67;207.54;251.91;0.74;228.8;256.21;0.7;202.76;274.14;0.81;229.28;274.85;0.75;113.47;86.94;142.74;159.84;124.36;164.92;85.56;68.87;211.11;1127.57;
85;1;232.14;175.64;0.82;233.61;173.99;0.72;231.58;173.99;0.78;236.37;176.01;0.72;229.74;176.56;0.67;238.76;184.84;0.81;228.64;184.66;0.83;243.73;196.62;0.78;229.56;194.59;0.67;248.33;206.55;0.71;229.56;203.43;0.36;240.97;206.92;0.73;234.34;207.66;0.65;241.89;222.56;0.83;234.9;222.38;0.64;245.57;238.2;0.85;238.76;238.39;0.65;178.03;174.71;170.13;168.58;177.66;168.22;17.16;8.64;35.91;89.56;
86;0;226.02;197.62;0.65;224.11;196.43;0.58;229.84;196.91;0.53;224.82;198.58;0.66;232.47;198.58;0.71;219.09;208.38;0.72;236.06;209.58;0.74;206.42;210.77;0.7;226.5;212.21;0.38;202.11;204.08;0.72;224.59;204.79;0.27;222.67;238.98;0.64;234.15;239.94;0.67;207.37;251.89;0.74;228.65;256.2;0.7;202.83;274.13;0.81;229.37;274.84;0.76;112.05;89.09;141.7;159.11;123.47;164.92;86.0;71.02;2.54;20.85;
86;1;232.11;175.64;0.82;233.59;174.17;0.72;231.75;173.98;0.78;236.35;176.19;0.71;229.72;176.56;0.67;238.75;184.86;0.82;228.61;184.67;0.83;243.73;196.65;0.79;229.72;194.44;0.67;248.15;206.61;0.7;229.53;203.47;0.36;240.96;206.97;0.73;234.33;207.53;0.65;241.88;222.64;0.84;234.88;222.46;0.65;245.75;238.31;0.86;238.38;238.49;0.66;178.91;172.37;169.49;169.8;177.66;168.08;17.16;7.58;5.59;1.58;
87;0;225.72;197.21;0.69;224.28;196.01;0.62;226.44;196.49;0.55;223.55;198.17;0.68;231.49;198.42;0.7;218.74;208.27;0.71;235.34;209.48;0.74;206.0;209.72;0.72;224.03;210.92;0.48;202.63;202.5;0.72;212.49;203.95;0.44;221.87;239.05;0.64;233.41;240.26;0.68;206.96;252.28;0.75;228.84;256.61;0.72;202.87;274.4;0.8;229.32;275.12;0.76;108.56;141.59;142.05;162.9;125.78;167.97;89.34;79.15;49.88;364.7;
87;1;232.37;176.1;0.84;234.03;174.45;0.75;232.0;174.45;0.81;236.79;176.29;0.73;229.79;176.84;0.71;239.37;185.13;0.82;228.5;185.13;0.85;243.97;196.72;0.8;229.61;195.44;0.7;248.57;206.85;0.71;228.87;204.64;0.39;241.02;207.03;0.73;234.03;207.77;0.66;242.31;223.05;0.86;234.95;223.24;0.66;245.81;238.89;0.86;237.71;239.44;0.65;177.2;169.31;172.14;173.73;179.72;169.7;17.32;7.59;14.68;40.43;
88;0;223.62;196.41;0.7;222.89;194.48;0.63;223.62;194.96;0.59;223.62;196.9;0.66;231.12;197.14;0.72;218.29;206.58;0.71;234.75;208.27;0.76;205.23;206.1;0.75;222.41;206.58;0.52;204.02;197.14;0.79;211.28;198.59;0.49;220.96;238.53;0.64;232.09;239.5;0.69;206.19;252.08;0.73;228.22;256.44;0.72;202.56;274.59;0.82;229.43;275.8;0.78;99.82;152.16;141.72;163.55;127.79;172.0;96.88;92.94;166.61;165.15;
88;1;233.23;176.67;0.88;234.54;174.99;0.77;232.49;175.18;0.86;237.14;176.86;0.75;230.25;177.6;0.76;239.94;185.61;0.85;228.57;185.99;0.89;244.6;196.61;0.82;229.13;196.05;0.74;249.44;207.04;0.73;229.69;204.43;0.42;241.62;207.23;0.74;233.98;207.79;0.7;242.92;224.0;0.89;235.65;224.18;0.68;246.46;240.02;0.88;236.96;240.21;0.61;178.06;179.37;171.99;178.81;179.99;171.92;18.53;10.74;26.79;25.45;
89;0;223.69;196.42;0.69;222.72;194.73;0.62;223.93;195.21;0.59;223.21;196.9;0.66;230.95;197.15;0.72;218.37;206.58;0.71;234.82;208.28;0.76;205.3;206.1;0.75;222.48;206.58;0.52;203.85;197.15;0.8;211.11;198.6;0.49;221.03;238.53;0.64;232.16;239.49;0.7;206.27;252.08;0.73;228.05;256.43;0.72;202.64;274.58;0.82;229.5;275.79;0.78;101.33;152.74;141.72;162.06;127.79;171.22;96.88;92.94;4.98;5.02;
89;1;233.22;176.66;0.88;234.71;175.17;0.76;232.48;175.17;0.86;237.14;177.03;0.74;230.24;177.59;0.76;239.93;185.61;0.85;228.56;185.98;0.89;244.59;196.6;0.82;229.12;196.05;0.74;249.44;207.04;0.74;229.49;204.62;0.42;241.42;207.23;0.74;233.97;207.98;0.7;242.92;223.82;0.88;235.65;224.19;0.68;246.27;239.85;0.88;236.95;240.23;0.61;178.06;179.31;173.31;178.75;178.81;172.1;19.02;10.63;0.11;8.21;
90;0;223.15;196.14;0.64;223.39;194.43;0.59;222.9;195.16;0.54;226.09;196.63;0.58;231.23;196.88;0.61;217.76;206.19;0.63;234.17;207.66;0.67;205.02;204.72;0.68;221.92;205.45;0.46;204.04;194.92;0.71;212.86;196.88;0.44;220.21;238.77;0.6;231.72;239.75;0.63;206.0;252.49;0.69;228.05;256.65;0.66;202.33;274.78;0.76;229.27;275.76;0.74;102.29;146.8;143.36;164.07;129.7;172.1;100.88;95.84;67.29;73.86;
90;1;232.91;176.67;0.87;234.58;175.0;0.76;232.35;175.37;0.85;237.37;177.23;0.78;230.31;177.6;0.76;240.34;185.96;0.83;228.26;186.52;0.87;244.99;196.74;0.8;227.89;196.74;0.69;250.01;207.33;0.74;229.19;204.73;0.41;241.64;207.33;0.72;233.28;207.89;0.69;243.13;223.87;0.83;234.58;224.24;0.66;246.47;239.48;0.86;232.91;240.03;0.59;177.97;168.67;173.04;169.41;178.35;171.34;19.83;15.3;19.04;9.59;
91;0;221.4;195.28;0.71;221.65;193.48;0.67;221.65;193.74;0.62;222.42;195.54;0.66;228.6;195.28;0.64;218.05;205.05;0.67;232.2;205.57;0.7;204.93;201.97;0.74;220.88;201.71;0.54;205.19;190.39;0.77;212.65;192.45;0.54;219.08;237.2;0.65;230.91;237.98;0.69;205.45;252.89;0.74;227.83;256.49;0.74;202.62;275.53;0.8;229.88;276.56;0.78;101.97;150.46;146.14;164.68;137.18;172.81;105.07;106.55;140.43;133.3;
91;1;233.34;176.9;0.87;235.01;175.42;0.77;232.59;175.6;0.84;237.99;177.46;0.79;230.92;177.83;0.75;240.96;186.39;0.81;229.43;186.76;0.83;245.8;197.36;0.78;230.55;196.8;0.62;250.82;207.78;0.73;229.43;205.36;0.37;242.27;207.22;0.68;234.08;207.59;0.65;243.75;224.33;0.77;233.9;224.14;0.61;246.91;239.95;0.83;234.27;240.7;0.6;178.04;166.23;173.53;178.07;178.61;166.77;20.21;6.24;27.98;20.29;
92;0;221.65;195.53;0.71;221.65;193.73;0.67;221.39;193.73;0.62;222.42;195.53;0.66;228.59;195.27;0.64;218.05;205.04;0.67;232.2;205.56;0.71;204.67;201.96;0.74;220.88;201.7;0.53;205.19;190.38;0.77;212.65;192.7;0.52;219.08;237.2;0.65;230.91;237.97;0.69;205.44;252.89;0.75;227.82;256.49;0.75;202.62;275.52;0.81;229.88;276.55;0.79;100.45;151.26;146.14;164.68;137.18;172.81;104.83;106.55;0.39;7.38;
92;1;233.34;176.93;0.86;235.01;175.44;0.77;232.59;175.63;0.84;237.99;177.49;0.79;230.92;177.86;0.75;240.97;186.42;0.8;229.43;186.8;0.82;245.81;197.4;0.78;230.55;196.85;0.61;250.83;207.83;0.73;229.24;205.41;0.37;242.27;207.27;0.68;234.08;207.64;0.64;243.76;224.21;0.77;233.71;224.02;0.61;246.93;239.84;0.83;234.27;240.77;0.6;178.04;165.01;173.58;176.79;178.55;166.12;20.21;6.24;1.62;5.88;
93;0;221.67;193.1;0.73;221.12;191.46;0.66;221.39;191.46;0.66;221.39;192.83;0.69;228.2;193.1;0.66;216.49;202.9;0.72;231.74;203.44;0.76;204.79;198.54;0.77;222.48;199.09;0.61;206.69;186.02;0.81;213.77;187.93;0.56;218.13;236.11;0.68;229.29;236.92;0.73;204.79;253.26;0.78;227.65;255.98;0.79;202.88;275.85;0.84;229.83;276.39;0.83;101.76;153.17;146.95;169.01;139.31;179.29;113.23;111.02;138.83;147.48;
93;1;233.78;177.94;0.91;235.65;176.25;0.8;232.65;176.63;0.88;238.64;178.12;0.82;230.97;178.68;0.79;241.82;186.92;0.83;229.85;187.29;0.84;246.5;198.34;0.8;231.34;197.4;0.64;251.93;208.44;0.75;229.1;206.2;0.36;242.95;207.32;0.68;234.34;207.32;0.66;244.26;224.73;0.79;232.28;224.54;0.61;247.44;240.64;0.86;229.47;241.01;0.63;174.05;157.25;172.99;177.14;178.85;160.54;19.13;4.22;37.83;24.14;
94;0;221.63;193.29;0.71;221.09;191.65;0.65;221.63;191.65;0.65;221.36;193.02;0.68;227.9;193.29;0.66;216.18;202.83;0.72;231.72;203.38;0.75;204.73;198.74;0.77;222.45;198.74;0.61;206.64;185.93;0.8;213.45;187.84;0.58;218.36;235.82;0.67;229.27;236.64;0.72;205.0;252.73;0.77;227.63;256.0;0.78;202.82;275.9;0.83;229.81;276.45;0.83;101.18;156.09;147.06;169.08;137.9;179.39;113.44;112.35;3.24;9.9;
94;1;233.77;177.75;0.9;235.65;176.06;0.8;232.83;176.44;0.88;238.65;178.13;0.83;230.96;178.5;0.8;241.84;186.95;0.82;229.83;187.32;0.83;246.53;198.4;0.79;231.14;197.46;0.63;251.98;208.53;0.75;229.08;205.9;0.36;242.97;207.4;0.67;234.52;207.59;0.65;244.28;224.86;0.78;232.46;224.48;0.6;247.47;240.81;0.85;229.64;241.19;0.62;174.05;158.88;172.99;177.4;178.85;160.0;19.13;5.65;2.98;8.86;
95;0;221.19;193.3;0.72;220.92;191.92;0.66;221.74;192.2;0.67;221.47;193.02;0.68;227.83;193.3;0.66;215.66;202.15;0.72;231.14;202.7;0.74;204.88;196.89;0.79;222.57;196.34;0.63;206.82;184.46;0.81;214.01;185.84;0.6;217.87;234.76;0.67;228.93;235.59;0.71;204.88;253.0;0.77;227.55;255.49;0.79;202.95;275.67;0.84;230.04;276.22;0.84;107.13;165.78;149.42;169.18;140.67;179.87;119.85;122.73;44.6;62.35;
95;1;234.24;177.71;0.91;235.95;176.19;0.8;233.11;176.38;0.88;238.99;178.09;0.82;231.4;178.47;0.79;242.21;187.39;0.81;230.26;187.2;0.83;246.96;198.58;0.78;231.21;197.26;0.61;252.08;208.64;0.72;228.74;206.55;0.35;242.97;207.88;0.66;234.81;207.69;0.64;244.68;225.34;0.76;232.73;224.77;0.55;247.72;241.09;0.85;227.98;241.28;0.55;175.97;159.75;174.68;170.94;176.53;160.5;20.84;7.14;4.55;22.08;
96;0;220.94;191.64;0.73;220.66;190.2;0.67;221.23;190.49;0.68;221.23;191.06;0.72;227.82;191.64;0.66;215.22;200.8;0.71;230.4;201.09;0.73;204.62;193.64;0.79;222.66;193.36;0.62;208.05;181.32;0.82;214.36;181.9;0.62;216.93;233.74;0.68;228.11;234.6;0.72;204.62;252.65;0.77;227.53;254.94;0.79;203.18;275.85;0.84;230.11;276.14;0.84;108.45;170.94;150.45;171.45;143.93;177.7;127.03;131.09;101.27;119.01;
96;1;234.66;178.16;0.88;236.55;176.65;0.74;233.53;177.03;0.85;239.57;178.54;0.79;231.83;179.11;0.79;242.79;187.61;0.83;230.51;187.42;0.85;247.51;198.94;0.8;231.26;197.43;0.62;252.99;209.15;0.72;228.62;207.07;0.32;243.35;208.01;0.69;234.66;208.2;0.68;245.05;225.77;0.79;231.45;225.2;0.59;247.89;241.26;0.88;228.05;241.45;0.63;174.38;160.33;175.1;178.88;176.12;157.99;21.03;6.99;31.23;15.89;
97;0;220.97;191.63;0.72;220.68;190.19;0.67;221.25;190.48;0.68;221.25;191.05;0.71;227.56;191.63;0.65;215.24;200.51;0.71;230.42;201.08;0.73;204.92;193.63;0.78;222.4;193.34;0.61;208.07;181.31;0.82;214.38;181.89;0.61;216.96;233.45;0.67;228.13;234.31;0.71;204.64;252.93;0.77;227.56;254.94;0.79;203.2;275.85;0.83;230.13;276.14;0.84;109.34;168.95;151.27;171.47;144.71;177.65;126.68;130.01;0.72;0.74;
97;1;234.67;178.35;0.88;236.37;176.84;0.74;233.54;177.03;0.84;239.59;178.54;0.79;231.84;179.11;0.78;242.8;187.62;0.82;230.7;187.62;0.84;247.53;198.96;0.8;231.27;197.45;0.61;253.2;209.17;0.72;228.43;207.09;0.32;243.37;208.23;0.68;234.67;208.23;0.67;245.07;225.81;0.79;231.46;225.24;0.58;247.91;241.12;0.88;228.06;241.5;0.63;173.57;160.31;175.04;178.88;176.05;158.4;21.04;7.6;6.41;5.51;
98;0;219.89;189.56;0.71;220.19;187.79;0.69;219.01;188.08;0.65;221.37;188.97;0.69;227.28;189.27;0.61;214.58;198.72;0.68;230.23;199.01;0.7;204.53;190.15;0.76;224.91;190.45;0.54;209.55;177.75;0.76;214.58;179.22;0.55;215.17;232.09;0.65;226.98;232.68;0.67;204.53;253.36;0.76;227.57;254.54;0.79;203.06;275.81;0.81;230.52;276.4;0.83;108.43;169.18;157.2;173.85;152.42;172.94;131.48;142.66;116.15;80.32;
98;1;235.15;179.03;0.91;236.83;177.73;0.75;234.03;177.73;0.87;240.0;179.4;0.79;232.54;179.96;0.79;243.35;188.35;0.83;231.24;188.54;0.88;248.39;199.72;0.82;231.8;198.42;0.65;253.79;209.6;0.76;229.0;208.3;0.34;243.54;209.41;0.71;234.78;209.41;0.71;245.22;226.56;0.79;231.05;225.82;0.61;248.39;242.03;0.88;228.07;241.85;0.64;175.19;160.96;174.01;177.73;174.92;157.57;23.37;6.39;22.02;40.08;
99;0;219.62;189.41;0.71;220.21;187.64;0.69;219.03;188.23;0.65;221.39;188.82;0.69;227.31;189.41;0.62;214.59;198.88;0.68;230.27;199.17;0.71;204.53;190.0;0.77;225.24;190.0;0.55;209.56;177.58;0.78;214.59;179.06;0.55;215.48;232.3;0.66;227.01;232.6;0.68;204.53;253.31;0.76;227.6;254.79;0.79;203.35;275.79;0.81;230.56;276.38;0.83;109.39;164.52;155.49;173.73;150.95;172.91;132.94;145.7;5.04;4.98;
99;1;235.16;179.1;0.91;236.84;177.79;0.76;234.04;177.79;0.87;240.0;179.47;0.79;232.55;180.03;0.79;243.36;188.41;0.83;231.24;188.6;0.88;248.39;199.6;0.82;231.62;198.48;0.64;253.8;209.66;0.76;229.01;208.36;0.34;243.55;209.29;0.71;234.79;209.48;0.71;245.41;226.62;0.8;230.87;225.88;0.61;248.39;242.09;0.89;227.89;241.91;0.64;175.99;163.04;175.23;177.12;174.37;156.95;23.72;7.47;1.84;1.84;
100;0;218.69;188.29;0.72;219.88;186.5;0.73;218.39;186.8;0.66;222.26;187.99;0.7;227.03;188.29;0.61;214.22;198.12;0.68;229.41;198.42;0.71;204.09;188.58;0.76;226.73;189.78;0.51;209.75;176.07;0.76;214.81;178.75;0.47;215.11;231.78;0.65;226.73;232.08;0.67;204.68;253.23;0.76;227.62;254.43;0.79;203.19;275.88;0.8;230.6;276.18;0.83;108.92;150.01;157.84;174.49;152.55;173.16;134.79;158.2;45.72;11.42;
100;1;235.17;178.8;0.89;237.22;177.49;0.76;234.42;177.49;0.87;240.4;179.54;0.8;232.93;179.54;0.78;243.58;188.89;0.79;231.81;188.89;0.84;248.62;200.1;0.78;232.18;199.35;0.64;254.04;209.81;0.74;229.75;208.32;0.41;243.39;209.62;0.67;234.42;209.62;0.7;245.44;226.44;0.77;230.31;225.69;0.63;248.43;241.95;0.85;228.26;241.2;0.65;175.08;162.8;176.06;173.2;172.52;158.46;24.74;5.14;8.59;22.36;
101;0;217.95;186.75;0.7;219.77;184.93;0.71;217.65;185.23;0.64;223.4;187.05;0.67;227.04;187.05;0.56;213.71;196.74;0.63;228.86;197.04;0.67;204.32;187.65;0.66;228.55;188.87;0.5;210.38;175.54;0.67;211.29;177.05;0.48;214.02;231.27;0.6;226.43;231.27;0.62;204.63;253.38;0.76;227.34;253.98;0.77;203.11;275.48;0.8;230.67;275.79;0.78;107.5;126.5;160.91;173.6;156.49;173.66;134.56;173.83;24.87;117.65;
101;1;235.12;178.81;0.89;237.19;177.68;0.77;234.55;177.5;0.86;240.58;179.76;0.81;233.42;179.57;0.77;243.79;188.99;0.78;232.1;188.99;0.83;248.69;200.11;0.76;232.1;199.92;0.65;254.15;210.1;0.73;229.65;208.78;0.46;243.6;209.91;0.67;234.93;209.72;0.7;245.48;226.68;0.75;230.03;225.36;0.64;248.69;241.94;0.82;228.33;241.19;0.62;175.1;164.54;174.56;168.72;173.07;154.84;24.3;7.77;9.19;14.15;
102;0;217.23;184.99;0.72;219.4;183.14;0.72;216.92;183.14;0.65;223.42;185.3;0.69;226.82;185.3;0.56;213.21;194.89;0.63;228.67;195.51;0.68;204.24;184.99;0.62;204.86;186.54;0.51;211.05;172.31;0.63;211.36;173.86;0.49;213.52;229.84;0.6;225.27;229.84;0.63;204.55;253.03;0.77;227.13;253.34;0.79;203.01;275.6;0.8;231.15;275.91;0.78;109.6;83.52;162.78;174.42;158.35;169.83;138.32;104.98;99.09;96.11;
102;1;235.44;179.5;0.9;237.51;178.18;0.79;234.87;177.99;0.87;240.91;180.25;0.81;233.55;180.06;0.77;244.12;189.51;0.79;232.23;189.51;0.85;249.22;200.84;0.76;232.04;200.46;0.67;254.7;210.47;0.73;229.96;209.71;0.46;243.93;210.47;0.66;235.06;210.09;0.7;245.82;227.46;0.75;230.53;226.52;0.66;248.84;242.57;0.83;228.07;242.38;0.65;174.6;168.34;175.03;173.38;173.14;156.74;24.74;8.82;19.89;29.59;
103;0;217.25;184.7;0.73;219.11;182.84;0.73;216.63;182.84;0.65;223.43;185.01;0.69;226.83;185.01;0.56;213.54;194.9;0.63;228.69;195.21;0.68;204.27;185.01;0.63;204.88;186.55;0.51;210.76;172.33;0.64;211.38;173.88;0.49;213.54;229.84;0.6;225.29;229.53;0.63;204.57;253.03;0.77;227.14;253.34;0.79;203.03;275.6;0.8;231.16;275.91;0.78;109.73;82.86;162.78;174.36;158.86;169.88;136.85;104.32;8.72;0.82;
103;1;235.46;179.5;0.91;237.53;177.99;0.79;234.89;177.99;0.87;240.93;180.26;0.81;233.57;180.07;0.77;244.14;189.32;0.79;232.25;189.51;0.85;249.24;200.84;0.76;232.06;200.46;0.66;254.71;210.46;0.73;229.98;209.71;0.45;243.95;210.46;0.66;235.08;210.09;0.7;245.84;227.45;0.76;230.55;226.51;0.66;248.86;242.55;0.83;228.09;242.55;0.65;174.25;168.34;175.03;173.27;173.15;156.74;24.39;8.82;0.4;0.65;
104;0;217.07;183.87;0.71;219.29;181.97;0.71;216.44;181.97;0.66;223.71;183.87;0.68;214.23;183.87;0.54;226.87;193.04;0.64;227.5;193.35;0.64;204.43;181.65;0.55;203.79;182.6;0.6;212.01;169.64;0.57;211.07;169.32;0.58;222.76;228.13;0.62;224.03;228.44;0.62;204.74;252.79;0.74;227.19;252.79;0.78;202.53;275.55;0.75;202.53;275.23;0.74;84.61;85.68;149.39;124.91;150.52;166.94;110.21;108.73;89.38;137.33;
104;1;235.97;180.14;0.9;237.87;178.81;0.78;235.4;178.81;0.87;241.1;181.09;0.8;234.08;180.71;0.76;244.51;190.2;0.79;232.56;190.01;0.86;249.64;201.58;0.77;232.94;201.2;0.62;255.14;211.07;0.75;231.61;210.88;0.41;244.32;210.69;0.67;235.21;210.12;0.72;246.03;228.15;0.76;231.23;227.01;0.7;248.88;243.14;0.84;228.57;242.95;0.7;174.11;170.24;174.84;176.19;173.88;159.2;24.76;5.58;22.43;60.37;
105;0;217.4;183.81;0.7;219.3;181.92;0.7;216.45;182.23;0.65;223.72;183.81;0.68;214.24;183.81;0.54;226.88;193.29;0.64;227.51;193.29;0.64;204.45;181.92;0.55;203.82;182.55;0.6;212.03;169.6;0.57;211.4;169.28;0.58;222.77;228.03;0.62;224.03;228.34;0.62;204.77;252.98;0.73;227.19;252.98;0.77;202.56;275.72;0.75;202.56;275.4;0.74;85.28;84.64;149.74;125.0;150.93;167.03;110.15;108.73;1.39;10.18;
105;1;235.84;180.19;0.91;237.73;178.86;0.78;235.27;178.67;0.87;241.14;180.95;0.79;234.13;180.76;0.76;244.37;190.05;0.79;232.61;190.05;0.86;249.68;201.61;0.77;233.18;201.23;0.63;255.18;211.09;0.75;231.66;210.9;0.43;244.37;210.71;0.67;235.27;210.14;0.72;246.07;228.16;0.76;231.29;227.02;0.7;248.92;243.13;0.83;228.44;242.94;0.7;174.54;168.17;174.84;176.85;174.41;159.2;24.66;4.61;1.18;1.78;
106;0;216.82;182.94;0.7;219.05;181.02;0.7;215.86;181.02;0.65;223.53;182.94;0.68;213.62;182.94;0.54;226.72;192.2;0.64;227.04;192.52;0.65;204.04;180.7;0.57;203.72;181.02;0.59;211.71;168.25;0.58;211.07;168.25;0.56;222.25;227.66;0.61;223.53;227.66;0.63;205.0;252.9;0.76;227.04;252.58;0.8;202.44;275.57;0.77;232.15;275.26;0.75;85.28;86.35;152.07;175.33;152.83;166.26;109.7;110.54;41.81;32.72;
106;1;236.34;180.54;0.87;238.26;179.38;0.76;235.95;179.19;0.84;241.72;181.31;0.79;234.8;181.11;0.73;244.8;190.53;0.77;233.07;190.34;0.82;249.8;201.88;0.75;233.65;201.49;0.6;255.18;211.3;0.72;232.68;210.72;0.39;244.6;211.11;0.65;235.57;210.14;0.69;246.14;228.22;0.74;231.53;226.87;0.69;249.03;243.6;0.82;228.84;242.64;0.68;174.04;171.09;174.52;176.12;174.33;159.24;24.32;4.23;6.19;31.16;
107;0;216.84;182.7;0.68;218.77;180.45;0.69;215.56;180.77;0.63;222.94;182.37;0.67;225.51;182.37;0.55;226.47;191.68;0.65;226.47;192.0;0.65;203.68;179.49;0.57;203.68;179.81;0.59;211.39;167.29;0.57;211.07;167.29;0.57;221.66;226.67;0.61;222.62;226.67;0.64;205.29;252.66;0.77;227.11;252.34;0.82;202.4;275.13;0.76;231.93;275.13;0.76;85.88;87.63;155.13;178.0;155.64;163.73;110.32;111.82;30.36;28.79;
107;1;236.51;180.93;0.88;238.21;179.79;0.74;235.95;179.6;0.84;241.61;181.68;0.77;235.0;181.3;0.72;245.01;190.74;0.77;233.3;190.55;0.84;249.91;202.25;0.75;234.06;201.31;0.61;255.57;211.88;0.71;233.11;210.37;0.38;244.63;211.31;0.67;235.76;210.37;0.72;246.33;228.68;0.76;231.6;227.35;0.73;249.16;243.78;0.83;229.15;243.59;0.73;172.62;170.04;174.97;174.86;173.36;159.21;24.14;3.04;21.15;16.72;
108;0;216.84;181.66;0.67;217.16;179.41;0.66;214.91;180.05;0.61;217.49;180.7;0.65;224.26;181.02;0.63;209.1;189.41;0.73;226.52;191.02;0.68;202.64;176.5;0.7;228.46;179.08;0.53;210.71;165.2;0.64;212.65;167.46;0.51;210.06;225.23;0.66;222.01;224.91;0.69;206.19;252.02;0.79;227.17;251.38;0.82;202.64;274.29;0.77;232.01;274.61;0.79;117.9;117.09;179.17;179.27;170.23;161.36;154.98;178.38;65.95;47.8;
108;1;236.81;181.48;0.88;238.72;180.33;0.73;236.43;180.14;0.85;241.98;182.44;0.77;235.66;182.05;0.71;245.81;191.62;0.8;233.75;191.24;0.85;250.4;202.92;0.77;234.51;201.77;0.63;255.76;212.68;0.72;233.56;210.57;0.4;244.85;211.91;0.7;236.05;210.95;0.74;246.57;229.52;0.77;231.83;227.99;0.75;249.44;244.64;0.85;229.35;243.88;0.76;173.37;169.64;174.84;175.02;171.71;159.47;24.84;2.49;24.66;14.64;
109;0;216.5;181.6;0.69;216.5;179.35;0.68;214.89;179.99;0.61;216.5;180.64;0.68;224.23;181.28;0.65;209.42;189.65;0.75;226.48;191.26;0.7;202.66;176.45;0.75;227.45;180.96;0.54;210.38;165.18;0.69;214.25;169.04;0.5;210.06;224.75;0.67;221.97;224.75;0.7;206.2;252.11;0.79;227.12;251.47;0.83;202.66;274.33;0.78;232.28;274.97;0.81;118.44;126.71;178.98;178.55;170.91;161.42;153.93;177.69;9.87;67.66;
109;1;237.0;181.59;0.88;238.72;180.45;0.72;236.62;180.26;0.84;241.97;182.55;0.77;235.85;182.17;0.72;245.79;191.72;0.81;233.75;191.34;0.86;250.18;202.8;0.79;234.52;201.66;0.66;255.73;212.55;0.73;233.37;210.64;0.42;244.83;211.78;0.71;236.05;210.83;0.76;246.55;229.36;0.78;231.84;227.83;0.76;249.42;244.65;0.86;229.36;243.31;0.78;172.01;168.49;174.97;175.23;171.69;159.41;24.36;2.47;4.03;5.94;
110;0;217.02;180.3;0.78;215.13;179.04;0.72;216.39;179.67;0.67;215.76;179.67;0.76;223.04;180.62;0.75;210.06;188.53;0.81;225.57;190.11;0.79;202.47;174.93;0.87;223.67;179.04;0.63;209.75;164.17;0.79;216.08;167.65;0.66;210.7;223.02;0.74;220.82;223.34;0.76;206.9;251.5;0.81;226.83;250.23;0.82;202.79;273.96;0.85;232.21;273.64;0.85;116.76;156.04;177.22;179.66;171.35;159.27;151.88;162.14;36.0;69.25;
110;1;237.37;182.16;0.94;239.09;181.01;0.79;236.79;180.82;0.92;242.33;182.92;0.8;235.65;182.54;0.75;245.77;191.9;0.81;233.74;191.51;0.88;250.36;203.17;0.79;234.88;201.83;0.71;255.89;213.1;0.74;233.74;210.62;0.47;245.01;211.76;0.7;236.03;211.0;0.76;246.73;229.53;0.79;232.02;228.19;0.76;249.4;245.19;0.86;229.92;243.66;0.79;172.99;166.23;175.84;174.6;172.27;160.16;24.34;0.37;17.35;11.06;
111;0;217.03;179.31;0.78;214.21;178.06;0.7;216.09;178.68;0.66;214.53;179.0;0.75;222.67;179.94;0.76;208.58;186.83;0.84;225.18;189.02;0.8;202.0;173.36;0.89;223.61;176.49;0.7;207.64;163.02;0.81;216.41;165.84;0.71;210.14;221.28;0.76;220.16;221.28;0.78;207.01;250.1;0.81;226.43;248.53;0.82;203.25;272.97;0.85;231.75;271.71;0.84;125.36;153.05;176.87;179.99;171.19;158.22;156.57;164.05;72.28;55.26;
111;1;238.05;182.86;0.93;239.76;181.72;0.75;237.48;181.53;0.91;242.61;183.81;0.77;236.34;183.43;0.78;246.21;192.73;0.84;234.07;192.35;0.92;250.57;203.92;0.82;235.21;202.59;0.78;256.26;213.78;0.77;233.69;211.32;0.58;245.26;212.65;0.74;236.34;211.89;0.81;246.97;230.48;0.81;232.55;228.96;0.8;249.62;246.22;0.88;231.22;245.09;0.88;171.32;163.79;175.89;172.18;171.8;160.83;24.02;0.31;23.42;21.18;
112;0;217.0;179.46;0.75;214.51;177.91;0.68;215.76;178.84;0.62;214.83;178.84;0.73;222.6;179.77;0.73;208.6;186.93;0.81;225.09;189.11;0.77;202.07;173.55;0.86;224.16;177.29;0.66;208.29;163.28;0.77;217.0;167.33;0.66;209.85;221.15;0.73;220.43;221.47;0.75;207.05;249.78;0.79;226.34;248.84;0.81;203.31;272.8;0.83;231.63;271.56;0.83;122.75;148.81;176.38;179.07;172.33;159.61;156.05;167.28;21.28;48.25;
112;1;237.85;182.91;0.93;239.56;181.77;0.76;237.28;181.58;0.91;242.59;183.67;0.77;236.34;183.48;0.77;246.2;192.58;0.83;234.06;192.39;0.91;250.56;203.96;0.8;235.39;202.63;0.77;256.25;213.82;0.76;233.87;211.54;0.54;245.25;212.68;0.73;236.15;211.73;0.8;246.96;230.51;0.8;232.54;228.99;0.8;249.61;246.06;0.87;231.22;244.92;0.88;170.99;162.95;175.78;172.97;171.83;162.05;23.67;1.23;1.14;8.69;
113;0;216.77;178.0;0.75;214.6;176.76;0.68;214.6;177.38;0.62;214.6;178.0;0.7;222.36;178.62;0.7;207.77;185.45;0.81;224.22;187.93;0.76;201.88;172.11;0.84;224.53;174.59;0.67;207.15;161.86;0.77;216.77;164.97;0.67;209.02;219.59;0.71;219.57;219.9;0.74;207.15;248.14;0.8;225.46;246.59;0.8;203.74;271.73;0.82;231.67;269.87;0.83;128.91;139.78;175.5;177.53;174.19;159.26;158.24;173.05;54.77;71.38;
113;1;238.26;183.93;0.93;239.78;182.8;0.76;237.69;182.61;0.91;242.81;184.69;0.76;236.56;184.5;0.76;246.41;193.41;0.84;234.28;193.03;0.92;250.96;204.77;0.81;235.42;202.88;0.78;256.07;214.63;0.76;234.47;211.41;0.55;245.65;213.3;0.74;236.56;212.54;0.82;247.17;231.49;0.82;232.77;229.78;0.81;249.63;247.03;0.89;232.01;246.08;0.9;174.36;167.08;175.76;170.27;173.05;160.96;23.98;0.06;24.87;18.58;
114;0;216.16;178.17;0.74;215.22;176.61;0.7;214.59;177.23;0.62;215.22;178.17;0.68;222.73;178.8;0.68;207.71;185.37;0.79;224.29;187.88;0.74;201.76;172.23;0.81;224.29;175.67;0.63;207.39;161.9;0.74;216.78;165.65;0.62;208.96;219.8;0.7;219.6;220.11;0.73;207.08;247.97;0.8;225.86;246.71;0.8;203.95;271.75;0.81;231.49;270.19;0.82;127.05;143.13;176.32;179.74;174.1;158.47;157.74;171.71;7.28;20.67;
114;1;238.04;183.72;0.94;239.75;182.77;0.77;237.47;182.39;0.91;242.78;184.67;0.77;236.52;184.29;0.75;246.38;193.39;0.84;234.25;193.01;0.92;250.93;204.95;0.82;235.39;203.06;0.78;256.24;214.81;0.76;234.44;211.78;0.54;245.62;213.48;0.74;236.52;212.72;0.82;247.14;231.49;0.81;232.73;229.97;0.81;249.6;247.04;0.88;231.97;246.28;0.9;173.18;167.34;175.81;170.27;173.03;161.02;23.64;0.12;7.44;11.18;
115;0;217.02;177.38;0.73;215.41;175.45;0.67;215.41;176.42;0.62;215.41;177.71;0.67;222.18;178.03;0.68;207.03;185.12;0.79;224.11;187.7;0.73;201.55;170.94;0.78;223.15;174.16;0.59;207.35;159.02;0.74;215.09;163.2;0.57;208.32;219.6;0.69;219.28;219.93;0.72;206.71;247.64;0.81;225.4;246.35;0.81;204.45;271.49;0.81;231.2;269.56;0.81;132.93;147.76;177.89;179.01;174.57;158.42;161.02;167.38;86.76;89.59;
115;1;238.21;184.07;0.93;239.92;182.93;0.77;237.64;182.55;0.92;242.97;184.83;0.79;236.5;184.45;0.76;246.58;193.96;0.82;234.41;193.39;0.89;251.14;205.37;0.81;235.93;203.28;0.74;256.09;215.07;0.76;234.79;212.22;0.51;245.63;214.12;0.71;236.5;212.98;0.79;247.15;232.0;0.8;232.69;230.1;0.79;249.62;247.41;0.86;232.5;245.7;0.85;174.79;163.98;175.75;168.17;172.43;161.38;24.5;2.65;9.15;17.0;
116;0;216.52;176.85;0.71;214.55;175.21;0.63;213.9;175.54;0.63;213.24;177.5;0.67;220.77;178.48;0.65;205.72;184.37;0.79;223.39;187.97;0.73;200.81;169.97;0.77;224.37;174.23;0.65;206.37;157.86;0.73;219.14;163.43;0.58;207.35;218.41;0.71;218.48;218.41;0.73;206.04;245.25;0.83;224.05;243.94;0.8;205.72;269.47;0.8;230.92;267.84;0.81;136.5;150.05;177.98;176.25;174.45;158.54;163.93;174.92;45.61;121.95;
116;1;238.28;184.61;0.92;240.16;183.3;0.78;237.91;183.11;0.91;243.35;185.55;0.79;236.59;185.18;0.74;246.91;194.37;0.79;234.72;193.8;0.87;251.04;206.0;0.77;236.22;203.75;0.68;256.1;215.94;0.73;235.47;212.57;0.47;245.97;215.0;0.69;236.78;213.69;0.78;247.29;232.83;0.77;233.03;230.58;0.76;249.72;247.84;0.85;233.03;246.15;0.83;172.54;166.55;174.98;167.47;173.18;161.55;22.14;2.66;26.13;22.94;
117;0;216.6;176.57;0.72;214.62;175.25;0.63;213.63;175.58;0.64;213.3;177.56;0.66;220.55;178.54;0.63;205.73;184.14;0.79;223.18;188.09;0.73;201.12;169.32;0.79;224.5;174.26;0.66;206.39;157.14;0.74;218.9;164.06;0.62;207.38;218.72;0.71;218.57;218.72;0.74;206.06;245.72;0.84;224.17;244.07;0.81;205.73;269.76;0.79;231.09;267.78;0.81;139.33;145.82;177.99;176.19;174.48;158.99;165.44;176.88;21.68;20.23;
117;1;238.46;184.67;0.92;240.14;183.55;0.78;237.9;183.17;0.9;243.51;185.61;0.8;236.77;185.23;0.74;246.87;194.58;0.79;234.72;193.83;0.87;250.99;206.18;0.78;236.21;203.93;0.69;256.04;216.09;0.74;235.65;212.54;0.48;245.94;214.78;0.69;236.77;213.66;0.77;247.25;232.55;0.76;233.03;230.49;0.77;249.68;247.88;0.84;233.03;245.64;0.83;172.54;167.84;175.21;167.47;173.14;161.55;22.19;2.5;4.84;5.63;
118;0;216.14;175.59;0.7;214.78;174.57;0.64;213.77;174.57;0.64;215.12;176.6;0.61;220.19;177.62;0.6;205.31;183.37;0.77;222.56;186.41;0.73;200.92;169.16;0.79;222.9;171.53;0.68;204.3;156.31;0.76;214.78;160.71;0.63;205.99;217.52;0.69;217.49;217.19;0.74;205.31;244.58;0.83;223.24;242.55;0.81;206.67;268.59;0.77;231.02;265.88;0.8;148.06;141.83;175.34;174.34;177.43;157.87;163.94;171.94;67.62;159.65;
118;1;238.33;185.48;0.92;240.2;184.36;0.79;237.96;183.98;0.89;243.58;186.42;0.81;236.83;185.85;0.71;247.14;195.6;0.79;235.14;194.48;0.86;251.08;207.22;0.78;236.83;204.79;0.66;256.14;216.78;0.73;236.08;213.22;0.46;246.2;215.66;0.69;237.21;214.35;0.76;247.33;233.28;0.77;233.27;231.59;0.76;249.76;248.65;0.85;233.83;246.96;0.81;170.81;165.63;174.64;165.05;173.67;161.22;21.39;3.37;21.1;24.35;
119;0;216.44;175.68;0.69;214.75;174.67;0.63;213.4;174.67;0.63;213.73;176.7;0.61;220.16;177.71;0.59;205.28;183.47;0.76;222.53;186.51;0.72;200.88;168.92;0.77;223.54;171.62;0.67;204.6;156.4;0.74;215.09;160.8;0.61;205.95;217.63;0.69;217.45;217.29;0.74;205.28;244.36;0.83;223.21;242.33;0.81;206.63;268.38;0.77;230.65;265.67;0.79;146.62;138.1;175.33;175.25;177.42;157.7;164.31;174.54;9.42;9.54;
119;1;238.43;185.46;0.93;240.12;184.34;0.79;238.06;183.96;0.9;243.49;186.4;0.81;236.93;186.03;0.71;247.05;195.58;0.8;235.06;194.46;0.88;250.99;207.2;0.79;236.75;204.76;0.67;256.05;216.75;0.74;236.0;213.19;0.46;246.3;215.63;0.7;237.12;214.32;0.78;247.24;233.43;0.78;233.19;231.74;0.77;249.86;248.61;0.86;233.75;247.11;0.83;170.81;165.63;173.21;165.18;174.85;161.35;20.85;3.37;2.86;2.62;
120;0;215.52;175.25;0.77;213.48;173.9;0.67;215.18;173.9;0.71;212.81;175.93;0.71;219.59;177.29;0.72;205.34;182.72;0.83;222.31;186.12;0.8;200.59;168.13;0.88;223.33;171.52;0.74;203.98;154.89;0.85;216.88;161.0;0.7;206.02;217.01;0.76;216.54;216.33;0.78;205.34;243.82;0.86;222.99;241.11;0.83;207.37;268.26;0.85;230.8;264.87;0.84;147.58;144.5;173.79;176.4;177.42;154.6;163.1;173.18;49.19;54.24;
120;1;238.4;185.76;0.94;240.11;184.62;0.8;238.02;184.43;0.92;243.54;186.52;0.82;237.06;186.14;0.7;247.16;195.66;0.8;235.16;194.71;0.88;251.16;207.47;0.81;236.87;204.8;0.68;256.11;217.18;0.75;236.3;213.18;0.46;246.4;215.66;0.71;237.25;214.52;0.79;247.54;233.75;0.8;233.26;232.04;0.76;249.82;249.17;0.87;234.21;247.46;0.78;171.7;166.46;175.19;163.61;174.2;161.1;20.89;3.6;13.04;9.16;
121;0;217.16;174.27;0.73;214.05;173.23;0.63;217.85;172.89;0.65;213.35;174.96;0.68;219.58;176.69;0.69;204.37;181.19;0.81;221.31;185.68;0.77;199.87;166.32;0.84;223.38;171.51;0.69;202.98;151.11;0.8;219.58;162.17;0.67;205.4;215.76;0.74;216.12;215.07;0.78;204.71;242.38;0.83;221.65;238.93;0.82;208.51;266.59;0.82;230.64;262.09;0.82;151.62;149.51;169.58;171.85;176.79;156.94;164.9;178.32;117.64;88.54;
121;1;238.81;186.53;0.94;240.53;185.39;0.78;238.43;185.19;0.93;243.96;187.29;0.82;237.29;186.91;0.72;247.39;196.63;0.81;235.57;195.49;0.88;251.39;208.45;0.8;236.9;205.59;0.69;255.97;218.18;0.75;236.52;214.17;0.46;246.82;216.27;0.72;237.67;215.12;0.78;247.58;234.57;0.79;233.47;232.28;0.75;249.87;250.2;0.86;235.19;248.11;0.78;173.51;169.93;174.06;160.08;175.95;160.17;20.38;1.43;30.14;30.45;
122;0;216.41;174.36;0.76;213.3;173.32;0.67;216.75;173.32;0.7;212.95;175.05;0.73;219.52;176.77;0.73;204.66;181.27;0.84;221.24;185.76;0.81;200.17;166.07;0.87;223.32;171.25;0.72;202.94;150.87;0.84;219.52;161.92;0.69;205.35;215.81;0.78;216.06;215.12;0.8;204.66;242.41;0.86;221.59;238.95;0.84;208.46;266.59;0.86;230.92;262.1;0.84;153.24;149.7;169.58;171.11;177.37;156.94;164.69;178.12;7.35;7.74;
122;1;238.84;186.54;0.94;240.55;185.4;0.79;238.27;185.2;0.93;243.98;187.3;0.82;237.32;186.92;0.72;247.41;196.62;0.81;235.41;195.48;0.88;251.21;208.62;0.81;236.94;205.76;0.69;255.97;218.13;0.76;236.37;214.14;0.47;246.83;216.23;0.72;237.51;215.09;0.79;247.6;234.5;0.79;233.51;232.41;0.76;249.88;250.11;0.86;235.22;247.64;0.78;171.05;167.67;174.06;160.59;175.95;160.91;19.28;2.33;1.27;4.83;
123;0;216.43;173.07;0.71;213.1;172.33;0.6;215.69;171.96;0.59;211.98;173.81;0.64;219.03;175.29;0.64;203.46;180.11;0.78;221.25;184.19;0.77;199.38;164.91;0.78;223.47;170.47;0.63;201.61;148.24;0.74;219.03;164.17;0.58;203.83;214.58;0.72;215.32;213.84;0.75;203.83;241.27;0.8;220.88;237.56;0.8;209.39;264.62;0.79;231.26;260.17;0.79;157.39;135.57;166.61;168.53;179.38;155.5;165.6;177.9;88.71;69.35;
123;1;238.87;187.14;0.9;240.8;185.99;0.77;238.49;185.6;0.9;244.07;187.91;0.82;237.33;187.33;0.72;247.73;197.35;0.79;235.6;196.19;0.85;251.19;209.48;0.79;237.14;206.59;0.68;255.81;218.91;0.74;236.17;214.87;0.49;246.76;216.98;0.69;237.91;215.83;0.76;247.53;234.89;0.76;233.48;232.77;0.74;249.85;250.49;0.84;235.79;248.56;0.77;169.85;164.94;174.04;157.03;174.73;158.64;18.75;1.72;23.85;22.73;
124;0;215.59;173.42;0.72;211.97;172.34;0.62;215.59;172.34;0.61;211.61;174.15;0.66;219.21;175.6;0.66;204.01;180.3;0.78;221.02;184.29;0.77;199.3;164.73;0.82;223.2;170.16;0.65;201.47;147.72;0.79;218.49;163.65;0.59;204.01;214.34;0.74;215.23;213.61;0.77;203.64;240.77;0.82;221.02;237.51;0.82;209.44;264.66;0.81;230.8;259.95;0.83;155.9;135.42;165.59;170.09;179.22;155.2;163.18;177.57;16.1;22.6;
124;1;238.89;187.28;0.92;240.81;185.94;0.78;238.51;185.74;0.92;244.27;187.85;0.82;237.36;187.47;0.73;247.72;197.25;0.8;235.63;196.29;0.86;251.36;209.34;0.8;237.17;206.65;0.69;255.97;218.93;0.74;236.21;215.1;0.48;246.76;216.82;0.7;237.93;215.48;0.77;247.53;234.85;0.78;233.52;232.74;0.75;249.83;250.59;0.86;235.82;248.86;0.78;171.14;165.09;174.11;157.53;174.76;158.82;19.59;1.58;4.69;6.94;
125;0;214.16;173.29;0.73;212.95;172.49;0.64;212.55;172.89;0.6;212.14;174.1;0.65;218.19;174.91;0.65;203.28;180.95;0.79;221.01;183.37;0.79;198.44;164.43;0.79;223.83;169.67;0.69;201.26;148.71;0.74;218.59;162.41;0.71;203.68;214.4;0.74;214.96;213.19;0.77;203.28;240.6;0.82;221.01;237.37;0.82;209.72;263.97;0.81;231.08;259.54;0.79;153.51;132.53;163.7;169.59;178.43;154.51;164.38;179.83;30.51;37.3;
125;1;239.2;187.55;0.94;240.82;186.33;0.82;238.59;185.92;0.95;244.47;188.36;0.86;237.37;188.15;0.75;247.92;197.89;0.8;235.54;196.88;0.86;251.16;210.26;0.79;236.76;207.42;0.7;255.63;219.19;0.72;235.75;215.54;0.49;246.29;217.56;0.7;237.78;216.14;0.78;247.51;235.01;0.77;233.31;232.98;0.76;249.95;250.62;0.84;235.95;248.19;0.78;168.13;166.29;175.13;155.32;171.29;158.55;19.41;0.02;12.85;19.17;
126;0;211.57;171.83;0.77;209.87;170.82;0.71;211.23;170.82;0.7;211.23;173.53;0.73;217.33;174.21;0.68;203.1;178.95;0.81;220.04;183.02;0.78;198.35;163.02;0.87;224.11;173.87;0.72;198.35;146.42;0.89;220.38;164.72;0.68;202.76;212.5;0.77;213.26;211.48;0.81;202.42;238.25;0.79;219.36;235.2;0.84;210.21;260.28;0.81;230.54;255.2;0.83;163.41;133.87;159.76;165.2;179.82;152.19;162.83;169.43;111.38;87.78;
126;1;239.35;187.85;0.98;241.07;186.71;0.8;238.78;186.52;0.98;244.49;188.8;0.81;237.45;188.23;0.75;248.11;198.13;0.84;235.54;196.99;0.91;251.35;210.13;0.84;237.07;207.47;0.75;255.35;220.03;0.79;236.5;215.84;0.5;247.16;216.8;0.75;238.21;215.84;0.82;247.73;235.84;0.81;233.64;233.74;0.8;250.21;251.83;0.89;236.88;249.93;0.85;173.11;167.82;172.92;154.37;175.36;157.63;18.02;0.23;26.8;24.33;
127;0;211.58;171.8;0.77;209.88;171.12;0.71;211.58;170.78;0.7;210.9;173.5;0.73;217.36;174.18;0.68;203.08;178.94;0.81;220.07;183.02;0.79;198.32;163.3;0.88;224.15;173.84;0.72;198.32;146.31;0.89;220.41;165.0;0.68;202.74;212.59;0.78;213.28;211.57;0.82;202.4;238.42;0.8;219.39;235.02;0.84;210.22;260.17;0.81;230.61;255.41;0.84;163.07;133.11;159.48;165.81;179.82;151.99;162.49;169.43;3.46;8.62;
127;1;239.35;187.85;0.98;241.06;186.7;0.81;238.77;186.51;0.98;244.49;188.61;0.81;237.44;188.23;0.76;248.11;198.14;0.84;235.54;197.0;0.91;251.35;210.15;0.83;237.06;207.48;0.74;255.36;220.06;0.79;236.49;215.86;0.5;247.16;216.82;0.74;238.2;215.86;0.82;247.73;235.87;0.81;233.63;233.78;0.79;250.21;251.69;0.89;236.87;249.79;0.84;173.11;167.82;172.82;154.24;175.36;157.63;18.02;0.23;0.73;0.63;
128;0;211.67;171.03;0.71;210.38;169.75;0.63;211.67;171.03;0.54;210.38;171.46;0.72;217.65;172.32;0.61;201.83;177.45;0.78;221.08;181.3;0.75;196.69;162.48;0.75;223.64;172.74;0.57;196.27;145.8;0.71;221.5;167.18;0.52;201.4;211.67;0.73;212.95;210.81;0.76;200.54;236.9;0.8;219.36;233.91;0.8;210.38;257.43;0.8;231.77;252.73;0.8;162.54;142.26;152.46;162.14;178.77;149.08;160.36;178.7;63.68;73.33;
128;1;239.99;188.64;0.93;241.63;187.47;0.84;239.05;187.24;0.97;244.92;189.11;0.88;238.11;188.64;0.93;248.21;198.97;0.84;236.23;197.57;0.87;251.49;211.42;0.83;236.94;208.13;0.73;255.25;221.28;0.77;236.0;216.58;0.54;246.8;218.22;0.72;238.11;217.05;0.8;247.97;236.3;0.83;233.65;233.95;0.81;249.85;252.03;0.88;236.94;249.45;0.81;173.94;169.85;176.91;153.24;172.1;159.71;18.98;1.69;36.84;26.13;
129;0;211.64;170.91;0.7;210.35;170.05;0.63;211.64;171.34;0.54;210.35;171.77;0.71;217.65;172.2;0.6;201.77;177.77;0.77;221.08;181.21;0.74;197.05;161.9;0.74;223.22;172.63;0.57;196.2;145.6;0.7;221.51;167.05;0.51;201.34;211.67;0.73;212.93;210.81;0.76;200.49;236.98;0.79;219.36;233.97;0.8;210.35;257.14;0.8;231.8;252.85;0.8;166.46;148.86;151.98;162.14;178.78;149.08;162.72;178.64;6.28;4.01;
129;1;239.99;188.67;0.93;241.86;187.5;0.84;239.05;187.26;0.97;244.91;189.14;0.89;238.11;188.67;0.93;248.43;198.99;0.84;236.23;197.58;0.87;251.48;211.43;0.83;236.94;208.14;0.72;255.24;221.28;0.78;236.0;216.59;0.54;246.79;218.46;0.72;238.34;217.06;0.81;247.96;236.29;0.84;233.65;233.95;0.81;249.84;252.01;0.88;236.94;249.43;0.81;172.93;169.85;176.95;152.5;171.42;158.29;18.6;2.37;0.39;0.17;
130;0;211.34;170.52;0.64;212.67;168.75;0.63;210.46;169.19;0.58;217.1;171.41;0.62;215.33;171.41;0.54;219.75;180.7;0.63;201.16;177.6;0.64;196.29;164.76;0.45;196.29;162.11;0.6;197.61;165.21;0.36;196.29;145.73;0.52;208.68;210.81;0.62;201.16;210.81;0.68;218.42;234.72;0.7;200.27;235.16;0.71;231.27;254.2;0.66;230.82;255.09;0.65;15.75;162.55;168.78;121.03;137.65;177.92;104.0;162.55;591.39;993.58;
130;1;239.56;188.91;0.9;241.28;187.68;0.87;238.58;187.43;0.93;245.21;189.4;0.91;237.35;189.15;0.88;248.4;199.22;0.82;236.37;198.24;0.86;251.6;211.75;0.82;237.1;209.29;0.74;254.79;221.33;0.75;236.37;216.91;0.54;246.93;219.86;0.69;238.09;218.14;0.75;247.91;236.8;0.83;233.42;234.1;0.8;249.88;252.52;0.85;237.84;248.84;0.8;175.87;170.66;176.19;147.01;172.6;158.77;18.39;1.13;13.5;14.72;
131;0;210.2;169.05;0.63;212.7;168.21;0.62;208.95;168.21;0.58;216.45;171.55;0.62;214.36;170.3;0.53;218.11;181.13;0.66;199.78;175.3;0.64;224.78;179.88;0.56;195.19;159.46;0.69;222.7;166.96;0.51;193.11;143.63;0.63;208.95;209.88;0.62;200.19;209.88;0.69;217.7;233.63;0.7;198.94;234.88;0.72;230.61;251.14;0.65;211.03;251.97;0.64;91.46;171.35;163.79;141.87;142.09;176.45;118.3;164.55;756.38;114.45;
131;1;239.95;189.0;0.89;241.83;187.59;0.82;239.02;187.36;0.93;245.11;189.47;0.89;237.85;189.23;0.87;248.85;200.01;0.82;236.44;198.37;0.83;251.43;211.95;0.79;238.08;209.38;0.69;254.71;222.26;0.74;237.14;217.57;0.52;246.98;219.21;0.68;238.55;218.28;0.75;247.92;236.78;0.79;233.86;234.44;0.78;250.03;252.48;0.84;238.31;248.03;0.79;174.52;165.01;175.4;145.7;171.37;157.79;17.74;2.43;28.08;30.74;
132;0;210.2;169.51;0.63;212.71;168.26;0.62;208.95;168.26;0.59;216.47;171.6;0.62;213.96;170.35;0.53;218.14;181.21;0.66;199.76;175.36;0.64;225.25;179.54;0.58;195.58;159.48;0.69;222.74;167.0;0.54;193.07;143.6;0.64;208.53;209.63;0.63;199.76;210.05;0.69;217.31;233.03;0.7;198.92;234.71;0.71;231.1;251.0;0.65;211.04;252.26;0.65;91.93;174.23;163.05;143.43;140.76;178.06;121.93;165.26;1.81;1.52;
132;1;239.86;189.22;0.87;241.74;187.58;0.81;238.69;187.58;0.92;245.02;189.69;0.89;237.75;189.22;0.86;248.77;200.01;0.82;236.58;198.6;0.82;251.35;212.2;0.79;237.99;209.38;0.68;254.87;222.28;0.73;237.05;217.36;0.52;246.9;219.47;0.68;238.69;218.29;0.74;247.84;236.58;0.79;233.77;234.24;0.78;250.18;252.52;0.84;238.46;248.07;0.79;172.71;165.86;174.77;144.11;171.36;156.72;17.45;1.32;4.82;7.14;
133;0;209.45;168.88;0.65;211.78;167.71;0.62;209.84;168.1;0.55;213.73;170.43;0.6;215.67;170.43;0.55;198.58;175.09;0.69;216.83;180.92;0.68;194.7;159.17;0.68;225.76;178.59;0.59;190.04;144.41;0.57;222.66;166.94;0.6;198.97;208.88;0.72;211.01;208.1;0.76;197.8;234.89;0.76;216.06;230.62;0.83;212.56;251.2;0.71;230.42;244.99;0.67;176.18;89.69;135.3;147.63;176.78;155.27;166.95;116.72;1195.77;1133.6;
133;1;239.99;189.91;0.88;242.0;188.57;0.81;238.87;188.35;0.91;245.35;190.36;0.87;237.76;190.36;0.83;248.92;200.63;0.81;236.42;199.29;0.82;251.37;212.68;0.78;238.2;210.22;0.67;254.27;222.95;0.72;237.98;218.93;0.48;247.13;219.82;0.68;238.65;218.93;0.75;247.8;237.23;0.78;233.74;235.0;0.78;250.03;252.85;0.84;239.1;248.61;0.8;175.73;169.26;174.07;141.53;172.48;156.53;16.83;2.79;26.88;54.97;
134;0;209.79;168.97;0.66;211.34;168.2;0.62;210.18;168.2;0.56;212.49;170.51;0.63;215.96;170.9;0.57;198.62;174.75;0.71;216.73;181.3;0.7;194.76;158.95;0.72;225.6;177.83;0.61;190.14;143.91;0.62;222.52;167.43;0.65;199.0;208.67;0.72;210.95;207.52;0.75;197.85;234.88;0.77;215.96;230.26;0.83;212.49;251.46;0.75;230.23;244.52;0.7;176.6;94.87;136.01;147.43;176.82;155.13;166.94;123.81;15.31;15.38;
134;1;240.04;189.87;0.89;241.83;188.53;0.82;238.92;188.53;0.92;245.19;190.54;0.87;237.58;190.32;0.85;248.77;200.61;0.81;236.46;199.27;0.83;251.23;212.46;0.79;238.25;210.0;0.68;254.14;222.76;0.74;237.81;218.73;0.48;247.2;219.62;0.69;238.7;218.95;0.76;247.65;237.07;0.79;233.78;235.06;0.79;250.11;252.96;0.84;238.92;248.48;0.81;175.94;167.6;172.66;142.04;173.82;156.53;16.43;2.98;7.06;7.99;
135;0;209.97;169.18;0.66;212.41;167.79;0.64;210.32;167.44;0.62;214.16;170.58;0.64;209.62;168.83;0.59;215.9;181.39;0.67;199.16;174.76;0.66;226.36;178.6;0.68;194.63;159.77;0.77;222.18;168.14;0.7;189.05;144.42;0.77;207.53;208.59;0.7;197.77;209.28;0.7;215.55;231.25;0.7;197.07;234.39;0.73;230.89;246.94;0.63;213.11;249.38;0.72;83.13;176.84;155.13;131.48;143.41;179.28;122.03;160.86;1208.37;1221.67;
135;1;240.05;190.24;0.88;241.99;188.95;0.81;238.97;188.73;0.92;245.23;190.67;0.88;237.67;190.67;0.84;248.9;200.82;0.82;236.38;199.74;0.84;251.28;212.7;0.79;238.11;210.75;0.68;254.08;223.06;0.76;237.24;219.17;0.49;247.17;220.04;0.68;238.75;219.17;0.75;247.82;237.09;0.78;234.0;234.94;0.78;250.2;253.07;0.83;239.19;248.97;0.81;176.16;165.23;173.72;142.96;172.69;156.26;16.45;1.95;9.3;21.6;
136;0;210.25;169.39;0.6;211.83;167.8;0.6;211.2;168.12;0.54;212.78;170.34;0.59;213.1;170.65;0.53;197.57;177.31;0.59;215.32;179.53;0.61;194.08;159.24;0.6;225.78;179.85;0.57;188.05;145.29;0.47;221.35;168.44;0.51;198.2;207.75;0.67;209.61;207.75;0.72;196.93;232.48;0.7;215.64;229.94;0.7;212.78;247.07;0.6;229.59;243.58;0.62;167.57;67.01;129.68;149.53;175.87;153.38;170.27;99.7;1235.37;1210.67;
136;1;240.2;190.45;0.85;241.96;189.08;0.78;239.22;188.88;0.88;245.28;190.84;0.84;238.05;190.64;0.79;248.8;200.8;0.77;236.68;199.63;0.8;251.14;212.52;0.75;237.86;210.96;0.68;253.88;223.07;0.7;236.49;218.97;0.48;247.43;220.53;0.66;239.03;219.56;0.67;248.02;237.53;0.73;233.56;235.58;0.71;250.16;253.55;0.8;239.61;249.84;0.76;176.78;164.41;174.33;138.14;174.06;154.44;15.27;0.8;6.26;23.48;
137;0;209.9;169.27;0.54;211.1;167.18;0.55;210.5;167.18;0.51;211.99;169.57;0.55;212.89;169.57;0.5;197.34;176.75;0.54;214.69;178.25;0.53;192.56;159.11;0.58;225.75;179.74;0.57;185.08;145.05;0.46;221.56;167.48;0.46;197.64;206.66;0.64;209.0;206.66;0.69;195.85;231.48;0.66;215.28;229.09;0.66;212.89;243.74;0.55;228.74;239.85;0.62;167.16;63.45;121.59;144.3;175.29;153.05;165.4;93.61;89.79;29.49;
137;1;240.09;190.74;0.9;242.0;189.22;0.81;239.14;189.22;0.92;245.62;191.31;0.86;237.99;191.12;0.81;249.25;201.61;0.78;236.66;200.47;0.81;251.15;213.25;0.77;238.18;211.53;0.69;253.44;223.93;0.7;236.85;219.54;0.49;247.34;221.26;0.67;239.14;220.11;0.7;248.29;238.99;0.76;233.99;236.7;0.73;250.2;254.44;0.84;240.47;250.05;0.77;177.22;162.68;176.04;136.85;171.38;155.57;14.86;0.66;28.79;20.25;
138;0;210.15;169.26;0.55;211.05;167.17;0.55;210.45;167.17;0.51;211.64;169.56;0.55;213.14;169.56;0.5;197.3;175.54;0.55;214.63;178.82;0.54;192.52;158.8;0.6;225.69;179.42;0.59;185.04;145.05;0.49;221.51;167.47;0.49;197.6;206.62;0.65;208.95;206.32;0.7;195.8;231.72;0.67;215.23;228.74;0.67;212.84;243.98;0.57;228.68;239.5;0.63;167.42;67.62;121.64;144.3;175.36;152.69;164.61;98.57;1.04;1.75;
138;1;240.1;190.75;0.9;242.0;189.23;0.81;239.15;189.23;0.93;245.62;191.32;0.86;238.0;191.13;0.81;249.24;201.61;0.79;236.67;200.28;0.81;251.15;213.42;0.77;238.0;211.52;0.69;253.43;223.9;0.7;236.86;219.71;0.48;247.34;221.23;0.67;239.15;220.09;0.7;248.29;238.95;0.76;234.19;236.66;0.73;250.2;254.57;0.84;240.48;250.0;0.77;176.85;165.29;176.12;138.12;171.38;156.24;14.71;0.36;0.85;5.06;
139;0;211.83;169.61;0.55;213.02;167.82;0.56;211.53;167.23;0.54;213.02;169.61;0.55;210.64;167.82;0.51;213.61;180.32;0.56;197.55;173.18;0.53;226.7;179.13;0.6;191.9;158.01;0.59;222.24;167.82;0.55;183.87;143.43;0.53;206.77;205.9;0.61;196.36;206.2;0.63;214.51;229.4;0.62;195.47;230.89;0.61;228.19;239.81;0.56;228.19;241.3;0.56;73.65;171.58;145.48;105.58;146.81;179.99;110.17;157.5;1312.02;1343.59;
139;1;240.07;191.13;0.88;242.17;189.8;0.79;239.31;189.61;0.91;245.6;191.71;0.85;237.97;191.52;0.81;249.03;201.62;0.78;236.64;200.47;0.81;251.12;213.43;0.76;238.35;211.53;0.67;253.41;224.11;0.69;237.59;219.53;0.45;247.31;221.06;0.67;239.12;220.11;0.7;248.07;239.17;0.76;233.97;237.07;0.71;250.17;254.8;0.84;241.21;250.79;0.77;177.97;165.74;174.77;135.3;172.55;155.93;15.1;1.63;6.35;22.62;
140;0;210.86;168.97;0.56;212.31;167.23;0.57;210.57;166.94;0.54;212.02;168.68;0.55;210.86;167.81;0.51;213.46;179.67;0.54;196.69;172.44;0.51;226.76;179.09;0.59;190.91;158.56;0.57;221.56;167.81;0.56;182.81;144.39;0.51;206.52;206.27;0.61;196.11;206.56;0.62;214.33;229.7;0.62;194.67;229.98;0.6;227.34;239.82;0.51;227.05;239.82;0.54;67.71;172.87;146.31;103.35;146.94;177.44;107.11;156.41;20.48;42.94;
140;1;240.15;191.57;0.85;242.26;190.04;0.79;239.19;189.84;0.88;245.71;191.95;0.83;237.85;191.57;0.8;249.16;202.3;0.77;236.7;201.15;0.78;251.07;213.98;0.75;238.43;212.26;0.65;253.37;224.52;0.69;236.89;220.5;0.47;247.05;222.03;0.65;239.0;220.88;0.67;248.2;239.65;0.74;234.21;237.16;0.7;250.3;254.98;0.82;241.11;250.76;0.77;177.0;160.64;175.9;136.72;170.17;156.97;15.41;2.18;12.4;35.72;
141;0;210.86;169.15;0.56;212.56;167.17;0.59;210.86;166.61;0.57;212.28;168.58;0.6;208.61;166.61;0.57;213.69;179.88;0.62;196.46;171.41;0.57;227.25;179.6;0.68;189.4;156.72;0.65;222.44;168.02;0.64;181.21;143.73;0.69;205.78;206.43;0.65;194.77;206.71;0.64;213.97;228.46;0.64;194.2;230.72;0.66;226.68;236.37;0.57;213.41;239.76;0.61;68.67;173.45;142.29;113.85;143.02;178.6;107.78;151.58;27.36;52.1;
141;1;240.4;191.99;0.91;242.3;190.47;0.8;239.45;190.28;0.92;245.72;192.18;0.86;237.93;191.8;0.83;248.95;202.25;0.8;236.79;201.11;0.83;251.04;214.22;0.78;237.93;212.32;0.7;252.76;225.06;0.71;236.79;220.88;0.48;247.24;221.64;0.69;238.69;220.69;0.72;248.19;239.88;0.79;235.08;237.79;0.74;250.28;255.66;0.86;241.35;251.09;0.81;179.07;166.6;175.43;142.84;171.98;162.53;14.95;0.26;24.58;11.87;
142;0;209.31;168.42;0.57;211.69;166.84;0.59;209.31;165.78;0.62;211.42;168.16;0.69;206.4;165.51;0.68;213.54;179.26;0.72;195.82;170.27;0.72;227.82;179.26;0.87;187.09;155.73;0.77;223.06;168.69;0.78;178.1;143.3;0.87;204.81;204.65;0.74;193.7;205.44;0.73;213.8;227.39;0.75;192.91;231.36;0.83;227.82;234.0;0.68;212.48;236.65;0.76;65.77;175.08;136.82;103.37;139.46;178.31;108.97;145.59;27.23;94.33;
142;1;240.46;192.34;0.87;242.56;190.82;0.78;239.51;190.63;0.88;245.99;192.53;0.82;238.17;192.34;0.79;249.23;202.64;0.79;236.84;201.68;0.81;251.14;214.84;0.77;237.6;212.93;0.67;251.9;225.7;0.72;235.7;222.27;0.53;246.94;222.65;0.67;238.55;221.51;0.69;248.09;240.57;0.76;235.12;238.67;0.71;250.56;256.4;0.84;241.99;251.44;0.8;175.13;164.59;174.75;140.44;169.83;163.74;15.4;1.07;32.28;53.4;
143;0;206.61;167.82;0.54;211.08;166.24;0.56;207.66;165.45;0.58;211.34;168.08;0.66;206.34;165.72;0.63;213.45;179.66;0.68;196.08;170.19;0.66;227.92;179.14;0.84;187.14;155.98;0.72;222.92;168.61;0.73;178.19;143.35;0.82;204.77;204.66;0.7;193.71;205.19;0.67;213.71;226.76;0.7;192.92;231.23;0.79;227.39;233.87;0.62;212.92;236.76;0.74;66.67;176.88;139.48;103.71;138.81;177.86;111.24;143.93;4.67;3.01;
143;1;240.6;192.37;0.88;242.69;190.85;0.79;239.45;190.66;0.88;246.12;192.75;0.82;238.12;192.37;0.8;248.97;202.65;0.79;236.98;201.7;0.8;250.88;214.84;0.78;237.93;212.94;0.66;252.02;225.88;0.72;236.03;222.07;0.51;247.07;222.84;0.66;238.5;221.69;0.68;248.02;240.16;0.76;235.26;238.45;0.71;250.5;256.16;0.84;242.12;251.4;0.8;177.03;163.39;174.35;141.17;171.47;164.71;14.27;0.49;6.49;11.6;
144;0;205.83;167.64;0.54;208.66;165.99;0.53;206.07;165.76;0.53;206.54;167.17;0.53;210.3;167.17;0.47;194.78;177.75;0.41;195.01;178.93;0.38;228.18;180.11;0.47;228.41;179.87;0.51;224.18;169.52;0.48;175.49;169.52;0.51;195.48;206.21;0.55;193.84;205.74;0.54;192.43;229.5;0.58;212.18;226.67;0.52;221.59;232.08;0.53;223.47;229.73;0.55;65.28;9.45;87.59;146.39;171.1;136.26;84.55;90.9;46.71;791.48;
144;1;240.84;193.12;0.86;242.93;191.6;0.8;239.7;191.41;0.85;246.54;193.31;0.81;238.37;192.93;0.77;249.38;203.37;0.78;237.23;202.42;0.78;250.71;215.52;0.76;237.42;214.0;0.66;250.9;226.34;0.72;234.96;223.69;0.53;246.92;224.07;0.65;238.56;223.12;0.65;248.25;240.77;0.74;235.53;239.25;0.69;250.52;256.72;0.82;242.74;250.83;0.76;174.76;164.76;176.42;137.42;168.65;165.67;13.04;2.74;36.35;58.19;
145;0;205.31;167.28;0.55;207.91;165.86;0.54;205.31;165.39;0.54;206.96;167.04;0.53;210.74;167.04;0.48;212.15;177.9;0.42;194.93;179.07;0.39;228.2;180.02;0.47;228.43;179.78;0.52;224.18;169.64;0.49;175.59;143.93;0.52;195.64;205.73;0.55;193.99;205.5;0.55;192.34;229.32;0.58;211.92;226.73;0.53;221.12;231.92;0.54;223.48;229.79;0.55;61.34;32.95;87.18;145.04;157.29;137.78;113.14;90.84;3.53;770.02;
145;1;240.99;192.99;0.87;243.08;191.47;0.8;239.85;191.28;0.85;246.5;193.18;0.81;238.33;192.99;0.77;249.35;203.25;0.78;237.19;202.3;0.79;250.68;215.41;0.77;237.19;213.7;0.67;251.06;226.43;0.72;234.91;223.58;0.54;246.88;223.77;0.66;238.71;223.01;0.66;248.21;240.87;0.74;235.67;239.54;0.7;250.49;256.83;0.83;242.89;250.75;0.77;175.73;167.01;176.32;136.8;168.69;165.38;13.11;4.2;5.52;3.34;
146;0;205.13;168.18;0.53;208.89;166.77;0.55;205.36;165.83;0.55;209.36;167.48;0.54;207.48;166.3;0.49;211.95;179.24;0.54;194.31;169.83;0.52;228.17;179.71;0.66;182.55;155.72;0.56;223.71;170.06;0.65;173.61;143.25;0.73;203.72;204.87;0.59;192.9;204.87;0.58;211.48;226.27;0.53;191.25;229.56;0.62;222.53;230.27;0.53;212.18;230.27;0.54;63.48;175.83;129.82;88.12;142.27;178.49;106.14;137.89;19.26;62.8;
146;1;241.04;193.12;0.87;243.3;191.61;0.79;239.91;191.23;0.82;246.69;193.49;0.8;238.4;193.12;0.75;249.52;203.85;0.77;237.46;202.91;0.76;250.65;215.91;0.76;237.27;214.59;0.66;250.84;226.84;0.71;234.07;224.58;0.57;247.07;225.14;0.64;239.16;224.39;0.63;248.39;241.53;0.73;234.82;239.27;0.67;250.46;257.36;0.82;243.11;250.95;0.76;175.63;163.14;177.14;128.41;168.84;159.25;11.92;5.44;13.92;39.19;
147;0;208.32;168.52;0.55;209.52;166.6;0.58;206.88;165.64;0.58;211.2;167.08;0.53;207.12;165.88;0.51;211.44;178.85;0.53;193.67;168.52;0.54;227.53;179.81;0.62;180.94;156.51;0.55;223.93;169.96;0.61;172.05;144.27;0.7;203.03;204.07;0.58;192.23;204.31;0.6;210.24;225.2;0.46;190.31;229.28;0.58;220.08;226.88;0.52;208.32;227.12;0.54;66.49;169.29;118.51;78.76;142.74;177.91;105.02;131.03;7.31;55.96;
147;1;241.35;193.62;0.9;243.61;192.11;0.82;240.21;191.93;0.84;246.81;194.0;0.82;238.71;193.81;0.78;249.64;204.36;0.79;237.58;203.61;0.79;250.58;216.61;0.76;237.01;214.91;0.71;250.77;227.35;0.7;233.62;224.52;0.63;247.56;225.84;0.67;239.84;225.28;0.64;248.32;241.67;0.76;234.56;239.41;0.75;250.39;257.88;0.84;243.79;250.34;0.79;176.61;163.42;175.44;119.34;171.76;153.57;9.91;8.82;15.57;13.63;
148;0;209.57;168.84;0.55;210.52;167.17;0.58;208.85;166.21;0.57;210.52;166.69;0.49;208.13;165.97;0.5;211.48;178.65;0.49;193.3;167.65;0.51;227.75;179.85;0.57;180.62;156.16;0.53;224.16;170.28;0.57;172.24;144.92;0.67;202.87;204.49;0.55;192.1;204.25;0.58;190.9;226.26;0.46;190.43;228.9;0.54;219.85;226.98;0.51;208.61;226.98;0.52;65.24;168.84;62.63;80.1;169.65;177.98;104.23;130.29;11.82;20.42;
148;1;241.35;193.66;0.9;243.61;192.34;0.82;240.22;191.96;0.84;246.81;194.22;0.82;238.71;193.84;0.78;249.63;204.39;0.79;237.39;203.64;0.79;250.57;216.63;0.77;236.83;214.75;0.72;250.57;227.55;0.71;233.44;223.6;0.64;247.56;225.48;0.66;239.65;224.91;0.63;248.31;241.67;0.75;234.57;239.41;0.74;250.39;258.06;0.84;243.8;250.15;0.78;175.6;161.96;175.46;119.99;171.73;154.62;10.01;8.97;8.35;28.46;
149;0;208.57;168.73;0.52;209.94;166.89;0.57;207.42;165.75;0.57;210.63;166.21;0.49;206.28;165.29;0.52;211.08;179.49;0.45;192.31;167.58;0.5;227.34;180.17;0.51;178.58;156.59;0.56;225.05;171.47;0.58;169.42;145.14;0.65;201.7;204.9;0.56;191.62;204.67;0.57;190.25;227.33;0.46;189.56;228.48;0.57;222.53;223.9;0.57;208.57;224.36;0.5;72.84;167.32;56.9;72.82;173.24;176.11;107.85;127.6;44.75;85.27;
149;1;241.54;193.97;0.89;243.64;192.63;0.84;240.39;192.25;0.86;247.27;194.16;0.85;238.87;194.16;0.78;250.13;204.85;0.78;237.53;203.71;0.79;250.51;217.07;0.76;236.58;214.78;0.72;250.32;227.77;0.73;233.33;223.76;0.6;247.27;226.24;0.66;239.63;225.86;0.65;248.41;242.09;0.75;234.67;239.6;0.77;250.32;258.51;0.85;244.79;250.1;0.77;177.19;165.04;177.5;116.21;168.24;154.73;9.42;10.34;9.95;5.81;
150;0;209.24;169.22;0.56;210.62;167.15;0.61;208.09;165.77;0.61;211.31;166.69;0.54;205.1;164.85;0.57;211.08;179.12;0.56;192.43;167.84;0.58;227.2;180.04;0.64;178.62;156.56;0.65;225.13;171.06;0.69;168.95;145.5;0.74;202.1;204.45;0.6;191.51;204.91;0.61;209.93;224.71;0.47;189.67;229.09;0.67;222.6;223.33;0.59;208.32;224.25;0.56;73.73;170.42;104.9;71.11;139.35;177.07;106.25;127.81;12.58;17.79;
150;1;241.4;194.16;0.89;243.69;192.63;0.84;240.44;192.25;0.86;247.13;194.35;0.84;238.91;194.16;0.78;250.0;204.87;0.78;237.58;203.72;0.78;250.57;217.1;0.77;236.62;214.42;0.71;250.19;227.8;0.74;233.94;223.22;0.59;247.32;226.08;0.66;239.49;225.51;0.64;248.47;241.95;0.75;234.9;239.65;0.76;250.38;258.39;0.84;244.84;249.97;0.77;175.27;168.17;177.5;118.11;168.68;157.02;9.87;10.12;4.12;24.61;
151;0;208.92;168.47;0.53;209.84;166.18;0.56;208.0;165.27;0.59;209.61;165.95;0.52;206.4;164.81;0.54;210.75;178.31;0.44;191.99;168.24;0.5;227.68;179.91;0.51;177.8;156.8;0.55;225.17;171.9;0.54;167.5;145.82;0.6;200.91;204.16;0.54;191.3;204.16;0.56;189.7;226.13;0.44;189.24;227.96;0.56;220.36;222.47;0.56;208.23;222.93;0.52;67.15;172.04;56.15;70.21;173.79;176.15;105.43;127.79;25.25;44.42;
151;1;241.4;194.08;0.89;243.7;192.74;0.82;240.45;192.36;0.84;247.15;194.66;0.84;239.11;194.47;0.77;250.02;205.37;0.78;237.58;203.84;0.79;250.59;217.81;0.75;236.43;214.37;0.72;249.83;228.34;0.68;233.56;222.98;0.61;247.53;226.04;0.66;239.49;225.47;0.64;248.68;242.12;0.75;234.9;239.63;0.77;250.4;258.96;0.83;245.04;249.96;0.77;173.2;167.79;178.25;117.57;169.05;156.97;9.51;11.28;19.54;13.56;
152;0;210.8;167.43;0.57;210.57;165.07;0.52;210.33;164.84;0.59;204.67;164.13;0.52;207.74;164.36;0.57;191.45;168.14;0.5;209.62;177.82;0.44;177.29;158.7;0.53;226.38;179.94;0.56;166.67;148.79;0.5;225.44;173.8;0.55;191.45;203.31;0.56;201.36;202.6;0.51;188.62;226.91;0.57;188.62;225.25;0.44;207.03;221.48;0.56;207.26;220.06;0.47;170.67;74.03;66.73;45.08;173.16;169.08;123.69;101.21;1892.15;1935.51;
152;1;241.89;194.84;0.86;243.81;193.31;0.81;240.93;193.11;0.85;247.47;195.04;0.83;239.58;195.23;0.77;250.16;205.42;0.77;237.66;204.27;0.79;250.35;217.93;0.73;236.31;214.85;0.74;249.39;228.31;0.64;233.04;224.08;0.63;247.47;226.39;0.64;239.77;225.81;0.64;248.81;242.35;0.73;235.16;240.04;0.76;250.35;258.89;0.82;245.73;248.7;0.75;173.83;167.75;179.51;111.32;167.86;156.42;8.2;12.86;13.17;36.56;
153;0;210.52;167.72;0.57;210.52;165.35;0.53;210.05;165.12;0.59;204.61;164.41;0.5;207.44;164.41;0.56;191.36;167.95;0.47;209.57;177.65;0.4;177.18;158.5;0.5;226.12;180.01;0.53;166.77;149.04;0.46;225.18;174.1;0.52;191.6;203.19;0.55;190.89;202.71;0.51;188.76;226.6;0.54;188.53;226.12;0.47;207.68;220.92;0.54;206.5;220.21;0.48;171.42;72.78;66.39;66.02;172.7;149.07;124.07;118.57;8.13;11.84;
153;1;241.81;194.85;0.86;243.92;193.31;0.82;240.85;193.12;0.84;247.38;195.04;0.83;239.5;195.04;0.77;250.27;205.61;0.77;237.58;204.27;0.79;250.27;217.92;0.73;236.23;215.03;0.74;249.11;228.3;0.65;232.77;224.07;0.66;247.38;226.57;0.64;239.69;225.99;0.63;248.73;242.33;0.73;235.08;240.02;0.75;250.27;259.06;0.82;245.65;248.87;0.75;173.66;166.17;179.63;111.71;167.29;156.24;7.84;12.68;8.32;8.09;
154;0;210.5;167.6;0.6;210.75;165.11;0.54;210.26;164.86;0.62;205.28;164.37;0.53;206.27;164.12;0.61;190.35;168.6;0.42;190.1;168.84;0.45;175.67;159.89;0.47;176.16;159.64;0.5;225.19;151.18;0.42;164.72;150.68;0.49;191.34;203.19;0.54;190.6;202.69;0.55;188.11;225.83;0.49;188.11;226.58;0.51;216.48;219.86;0.53;205.53;219.86;0.52;40.65;175.41;69.98;62.96;170.22;173.21;122.33;124.3;1758.45;1950.64;
154;1;241.63;194.99;0.88;243.77;193.63;0.85;240.66;193.44;0.89;247.45;195.38;0.86;239.5;195.18;0.76;250.36;206.05;0.76;237.75;204.49;0.78;250.17;218.46;0.72;236.01;215.36;0.75;249.0;228.74;0.68;232.13;224.86;0.72;247.45;227.0;0.63;240.27;226.61;0.62;248.62;242.52;0.69;235.04;240.19;0.72;250.36;259.39;0.79;246.48;247.75;0.72;174.44;166.93;178.38;102.37;167.8;152.4;7.01;15.64;13.79;30.79;
155;0;210.82;167.46;0.61;210.57;164.98;0.54;210.57;164.98;0.63;204.88;164.24;0.54;206.36;163.99;0.62;190.28;168.45;0.45;190.28;168.94;0.42;175.92;160.03;0.49;175.92;159.78;0.48;164.78;151.12;0.44;225.18;150.62;0.47;191.02;203.1;0.55;191.02;202.85;0.54;188.3;226.12;0.53;188.05;226.37;0.49;216.76;219.93;0.53;205.62;219.44;0.51;171.72;43.07;70.99;61.28;172.03;171.55;121.61;123.79;1817.25;1818.88;
155;1;241.71;195.02;0.88;243.66;193.66;0.86;240.74;193.47;0.9;247.35;195.22;0.86;239.57;195.22;0.77;250.27;205.91;0.76;237.82;204.55;0.79;250.07;218.36;0.72;236.07;215.25;0.75;249.1;228.67;0.69;232.18;224.78;0.72;247.55;226.92;0.63;240.15;226.33;0.63;248.52;242.47;0.7;234.9;240.14;0.73;250.46;259.39;0.79;246.38;247.73;0.72;175.51;167.09;177.02;102.64;169.04;153.06;6.49;15.41;3.71;3.06;
156;0;210.54;167.74;0.62;210.79;165.22;0.56;210.29;164.97;0.64;205.25;164.22;0.53;205.75;163.71;0.62;189.89;169.25;0.43;189.89;169.25;0.45;175.28;160.69;0.47;175.78;160.44;0.49;163.69;152.13;0.43;163.44;151.88;0.49;190.89;202.75;0.53;190.39;202.25;0.54;188.12;225.67;0.49;188.12;226.42;0.52;212.8;219.37;0.54;205.25;219.12;0.52;173.91;177.25;68.8;61.55;171.38;173.77;122.1;122.88;44.63;1857.62;
156;1;241.52;195.22;0.88;243.46;193.85;0.85;240.55;193.66;0.91;247.36;195.41;0.87;239.57;195.41;0.75;250.27;206.11;0.78;237.82;204.75;0.8;250.27;218.57;0.74;236.07;215.65;0.77;248.52;228.88;0.72;231.79;224.99;0.74;247.75;226.55;0.63;240.16;225.96;0.63;248.52;242.31;0.7;234.9;239.97;0.74;250.47;259.63;0.81;246.77;247.76;0.76;170.36;164.51;176.42;102.7;170.12;153.16;7.06;15.41;18.52;13.41;
157;0;210.24;166.76;0.61;210.5;164.15;0.57;209.72;163.89;0.64;206.33;163.89;0.52;204.76;163.11;0.63;206.33;172.76;0.45;189.36;169.37;0.49;174.74;161.54;0.45;175.27;162.06;0.56;225.38;154.49;0.41;162.22;154.23;0.56;198.23;201.21;0.55;189.62;201.21;0.57;187.79;223.14;0.45;187.53;224.7;0.53;218.07;217.13;0.51;203.19;218.44;0.5;27.49;176.44;53.32;63.12;170.41;174.45;93.69;117.88;1857.07;79.89;
157;1;241.82;195.83;0.88;243.72;194.31;0.84;240.86;194.12;0.91;247.54;196.02;0.88;239.72;196.02;0.73;250.4;206.89;0.77;238.2;205.36;0.8;250.4;219.09;0.75;235.72;215.85;0.77;248.11;229.19;0.73;231.14;225.38;0.73;248.3;227.09;0.61;240.29;226.52;0.6;248.49;242.91;0.69;235.34;240.63;0.65;250.59;259.69;0.79;248.11;248.06;0.65;167.24;167.66;173.57;100.84;173.39;154.98;5.92;18.96;15.55;22.64;
158;0;210.2;166.52;0.6;209.94;163.91;0.55;209.94;163.91;0.62;206.03;163.65;0.53;205.51;163.13;0.62;189.61;170.43;0.45;189.35;169.91;0.46;174.49;161.83;0.5;175.27;161.83;0.52;162.49;154.27;0.46;162.23;154.0;0.5;190.39;201.19;0.55;189.87;200.93;0.54;187.78;224.14;0.5;187.52;223.88;0.48;217.24;217.36;0.51;216.72;217.36;0.47;177.41;178.9;70.56;71.58;172.06;173.2;121.09;120.82;1891.81;6.88;
158;1;242.09;195.91;0.85;244.02;194.56;0.82;241.13;194.37;0.9;247.49;196.1;0.85;239.97;196.29;0.74;250.38;206.7;0.77;238.24;205.35;0.8;250.38;219.04;0.75;235.73;215.76;0.77;248.07;229.06;0.73;231.11;225.21;0.74;248.26;226.75;0.61;240.36;226.17;0.59;248.46;242.75;0.69;235.54;240.63;0.63;250.58;259.71;0.79;248.26;248.14;0.63;167.01;167.44;173.57;102.14;173.27;155.75;6.04;19.35;3.98;5.21;
159;0;209.76;166.35;0.63;209.76;163.91;0.59;208.94;163.36;0.67;205.15;163.63;0.55;204.06;162.82;0.66;206.23;174.21;0.48;188.87;169.6;0.52;219.79;180.99;0.45;174.23;163.63;0.57;226.03;178.01;0.44;160.4;158.21;0.58;197.28;201.6;0.57;188.87;201.6;0.59;187.25;223.03;0.46;186.98;224.65;0.6;214.91;214.35;0.53;202.43;216.79;0.55;127.87;179.25;47.49;58.33;173.0;175.29;81.53;112.17;2040.46;138.03;
159;1;242.45;196.07;0.86;244.39;194.71;0.84;241.3;194.52;0.91;247.86;196.65;0.85;239.94;196.65;0.75;250.37;207.08;0.77;238.78;205.53;0.77;250.18;219.64;0.73;235.69;216.16;0.75;247.67;229.49;0.71;230.48;225.62;0.73;248.06;228.14;0.59;239.94;227.36;0.59;248.44;244.17;0.69;235.31;241.27;0.59;250.57;260.2;0.75;248.44;245.91;0.52;166.58;167.36;173.83;91.01;172.34;158.53;5.4;19.26;17.57;22.75;
160;0;209.76;166.62;0.63;209.76;163.91;0.6;208.95;163.64;0.67;205.7;163.91;0.55;203.8;162.83;0.66;206.24;175.03;0.51;188.89;169.33;0.54;220.06;180.72;0.47;173.99;163.64;0.59;226.3;177.46;0.47;160.44;157.95;0.61;197.57;201.86;0.58;188.62;201.59;0.6;206.24;222.46;0.43;187.0;224.62;0.62;215.72;214.05;0.53;202.17;217.03;0.56;130.07;178.12;71.3;59.4;139.25;176.44;85.53;110.42;18.21;7.9;
160;1;242.46;196.07;0.86;244.39;194.71;0.84;241.3;194.52;0.92;247.87;196.45;0.86;239.95;196.45;0.75;250.38;207.08;0.77;238.79;205.53;0.77;250.19;219.63;0.73;235.7;216.16;0.75;247.68;229.49;0.71;230.48;225.62;0.73;247.87;228.13;0.59;239.95;227.36;0.59;248.45;244.17;0.69;235.31;241.27;0.59;250.58;260.2;0.75;248.45;245.91;0.51;166.58;167.36;174.52;91.01;171.13;158.53;5.92;19.26;0.22;0.22;
161;0;209.04;166.1;0.61;208.5;163.37;0.56;208.22;163.1;0.65;204.94;163.37;0.55;203.58;162.55;0.64;205.76;172.39;0.45;188.29;169.65;0.49;172.72;181.67;0.42;173.54;163.92;0.52;225.97;160.37;0.42;159.34;159.82;0.53;195.93;201.33;0.56;188.56;201.06;0.57;187.19;223.18;0.49;186.65;224.0;0.58;215.87;213.9;0.54;203.31;215.81;0.5;6.11;174.84;50.26;59.05;176.96;174.74;55.55;111.75;514.38;65.3;
161;1;242.44;196.23;0.86;244.37;194.88;0.84;241.48;194.88;0.92;248.04;196.81;0.85;239.93;196.81;0.75;250.36;207.05;0.77;238.58;205.89;0.77;250.17;219.6;0.75;235.68;216.32;0.75;247.46;229.65;0.73;230.27;225.78;0.73;248.04;228.1;0.59;239.74;227.13;0.58;248.43;244.33;0.69;235.29;241.43;0.59;250.55;260.36;0.76;248.43;245.49;0.51;165.81;165.78;173.81;89.9;172.35;159.61;5.4;18.65;8.01;7.98;
162;0;208.13;166.01;0.63;208.13;163.78;0.6;207.29;163.5;0.66;204.78;163.78;0.55;202.83;162.94;0.63;187.76;171.03;0.48;187.21;171.03;0.47;172.14;166.29;0.41;172.7;165.73;0.47;158.19;162.66;0.42;225.71;162.94;0.47;195.02;201.72;0.57;188.32;201.44;0.58;187.48;223.2;0.5;186.37;223.76;0.61;210.08;214.83;0.57;203.11;215.95;0.52;177.69;23.08;50.35;59.98;147.38;172.9;120.19;112.17;2040.33;1998.83;
162;1;242.4;196.64;0.84;244.14;195.47;0.84;241.23;195.28;0.91;248.03;197.42;0.84;240.07;197.22;0.72;250.55;207.71;0.77;238.9;206.35;0.76;250.16;220.32;0.74;235.21;216.83;0.75;246.86;230.03;0.7;229.58;225.96;0.72;248.03;229.26;0.6;239.87;228.48;0.6;248.8;245.17;0.71;235.41;241.87;0.59;250.55;261.09;0.75;248.41;244.59;0.44;162.98;167.71;176.53;83.37;170.53;159.05;4.92;21.9;21.55;21.4;
163;0;208.07;165.96;0.63;208.07;163.44;0.59;207.24;163.44;0.66;204.72;163.72;0.55;203.04;162.88;0.64;187.96;170.71;0.49;187.4;171.27;0.47;172.31;166.24;0.43;172.59;165.68;0.46;158.06;162.6;0.42;225.68;176.85;0.49;194.66;201.44;0.57;188.51;201.44;0.57;187.12;223.24;0.51;186.56;223.8;0.61;210.87;214.58;0.56;203.04;215.69;0.52;178.35;8.79;50.87;58.82;148.6;172.88;118.25;112.8;4.31;418.56;
163;1;242.39;196.82;0.84;244.33;195.46;0.83;241.42;195.26;0.91;248.02;197.4;0.84;240.26;197.2;0.72;250.54;207.69;0.77;238.9;206.52;0.76;250.16;220.3;0.74;235.21;217.0;0.75;246.86;230.01;0.7;229.39;225.93;0.72;248.02;229.04;0.6;240.06;228.26;0.6;248.8;245.15;0.71;235.4;241.85;0.6;250.54;261.07;0.76;248.41;244.57;0.44;162.98;166.27;176.5;82.88;170.5;158.01;4.98;22.45;0.7;5.93;
164;0;206.58;165.58;0.64;207.14;163.34;0.63;205.45;162.78;0.65;205.45;163.9;0.58;200.69;162.5;0.64;204.61;174.28;0.51;187.22;169.23;0.56;218.92;179.89;0.47;171.23;167.83;0.58;225.93;172.31;0.49;156.08;166.14;0.62;195.92;201.49;0.61;186.94;201.21;0.64;204.33;221.12;0.49;186.38;223.65;0.66;211.06;214.11;0.6;199.56;216.64;0.56;111.38;178.67;67.03;60.56;139.08;179.07;86.31;94.51;2062.65;2118.25;
164;1;242.69;197.01;0.83;244.43;195.85;0.82;241.72;195.66;0.9;248.29;197.78;0.83;240.56;197.4;0.71;250.61;207.84;0.77;239.01;206.68;0.75;250.03;220.4;0.75;235.34;217.12;0.75;246.36;230.27;0.72;229.34;226.21;0.72;248.1;229.49;0.61;239.98;228.53;0.6;249.07;245.35;0.72;235.34;242.25;0.59;250.42;261.39;0.76;248.29;243.8;0.39;162.21;165.98;178.67;78.13;169.89;158.79;3.98;21.92;16.83;8.29;
165;0;206.58;165.6;0.64;206.86;163.08;0.62;205.45;162.8;0.65;205.45;163.92;0.58;200.68;162.52;0.64;204.61;174.02;0.51;187.21;168.97;0.56;218.92;179.91;0.47;171.22;168.13;0.57;225.94;172.34;0.5;156.07;166.44;0.62;195.91;201.52;0.61;186.93;200.96;0.64;204.61;221.17;0.5;186.37;223.69;0.66;211.07;214.15;0.61;199.84;216.68;0.56;110.42;176.67;66.5;61.07;138.56;179.09;85.17;92.51;0.74;9.09;
165;1;242.68;197.01;0.83;244.42;195.85;0.82;241.71;195.66;0.9;248.28;197.79;0.83;240.55;197.4;0.71;250.6;207.84;0.77;239.0;206.68;0.75;250.02;220.41;0.75;235.33;217.12;0.75;246.35;230.26;0.72;229.34;226.2;0.72;248.09;229.49;0.61;239.97;228.52;0.6;249.06;245.34;0.72;235.33;242.25;0.59;250.6;261.39;0.76;248.28;243.8;0.39;162.21;165.98;177.98;78.13;169.89;158.79;3.98;21.92;0.26;0.21;
166;0;207.07;165.93;0.66;207.35;163.42;0.65;205.39;162.86;0.67;206.23;164.26;0.58;200.09;162.86;0.65;204.56;174.87;0.53;186.96;169.01;0.56;219.92;179.9;0.5;170.48;168.73;0.57;226.62;171.52;0.55;154.56;168.17;0.68;195.62;201.97;0.62;186.68;201.41;0.64;205.39;220.68;0.57;186.4;223.2;0.67;214.05;212.86;0.62;198.97;216.21;0.53;110.54;178.96;75.49;60.21;134.16;179.76;90.14;90.48;32.02;68.95;
166;1;242.59;197.34;0.83;244.52;195.98;0.83;241.82;195.79;0.9;248.39;197.92;0.83;240.66;197.73;0.7;250.71;208.36;0.77;239.11;207.01;0.74;249.94;220.93;0.75;235.44;217.25;0.74;246.07;230.4;0.71;229.06;226.15;0.72;248.2;230.02;0.6;239.88;229.05;0.59;249.17;245.68;0.72;235.44;242.78;0.55;250.71;261.53;0.76;248.78;242.58;0.33;161.32;164.07;177.96;71.22;169.85;160.04;3.1;21.73;9.35;8.63;
167;0;206.23;165.84;0.65;206.23;163.21;0.64;204.77;162.92;0.65;205.64;163.8;0.61;200.68;162.63;0.65;204.77;174.88;0.56;186.97;169.05;0.6;219.94;180.14;0.57;169.46;170.22;0.59;226.66;171.97;0.61;152.24;169.92;0.65;195.43;201.73;0.62;186.38;201.44;0.65;204.48;220.99;0.58;186.38;223.33;0.68;213.82;212.82;0.64;197.77;216.32;0.5;110.31;175.21;73.97;58.39;135.66;178.97;90.09;85.15;13.43;87.42;
167;1;242.62;197.74;0.82;244.55;196.39;0.83;241.84;196.0;0.89;248.42;198.13;0.83;240.68;197.94;0.7;250.94;208.58;0.77;239.14;207.22;0.75;249.97;221.15;0.76;235.46;217.28;0.75;245.91;230.44;0.71;229.07;225.99;0.73;248.23;230.05;0.61;239.91;229.09;0.6;249.2;245.73;0.73;235.46;242.82;0.56;250.74;261.59;0.77;249.0;243.02;0.31;160.77;163.82;177.96;72.87;169.28;160.02;2.79;22.1;5.08;4.78;
168;0;205.18;165.46;0.66;205.46;162.92;0.65;203.76;162.63;0.65;205.18;163.77;0.63;199.8;162.35;0.67;204.33;175.64;0.63;185.95;168.86;0.65;218.75;180.73;0.63;169.55;170.83;0.66;225.25;172.53;0.65;153.43;171.97;0.67;195.56;201.37;0.67;185.67;201.09;0.68;203.76;218.62;0.62;186.51;222.58;0.7;205.18;215.23;0.56;198.67;216.92;0.47;108.98;177.13;48.05;67.32;135.76;177.24;89.37;82.62;45.58;71.14;
168;1;242.92;198.17;0.81;244.85;196.82;0.82;242.15;196.43;0.88;248.52;198.56;0.83;240.99;198.17;0.69;250.83;208.98;0.77;239.44;207.44;0.75;249.68;221.73;0.76;235.39;217.29;0.75;245.23;230.8;0.71;228.63;225.59;0.74;247.94;230.8;0.62;239.83;229.84;0.61;249.1;246.25;0.73;235.58;243.55;0.56;250.83;262.08;0.76;249.1;243.74;0.32;159.12;163.24;178.03;73.6;168.15;161.8;2.37;23.37;22.98;18.0;
169;0;205.45;165.47;0.68;205.73;162.93;0.66;204.04;162.65;0.66;205.45;163.78;0.62;199.79;162.36;0.68;204.32;175.66;0.63;186.22;168.87;0.64;218.74;180.75;0.62;169.53;170.85;0.65;225.25;172.26;0.65;153.69;171.98;0.66;195.55;201.11;0.67;185.65;201.11;0.68;203.75;218.65;0.62;186.5;222.61;0.69;204.32;215.26;0.56;198.38;216.95;0.46;108.04;177.32;34.53;66.8;135.93;176.73;89.57;82.23;8.08;7.68;
169;1;242.91;198.17;0.81;244.84;196.82;0.82;242.14;196.62;0.88;248.51;198.56;0.82;240.98;198.17;0.7;250.83;208.99;0.77;239.43;207.63;0.75;249.67;221.74;0.76;235.38;217.29;0.75;245.23;230.81;0.71;228.62;225.79;0.74;248.13;230.62;0.62;240.01;229.65;0.61;249.09;246.07;0.73;235.57;243.37;0.56;250.83;262.11;0.76;249.09;243.95;0.32;159.12;164.28;177.39;74.5;169.3;160.54;1.93;24.29;0.35;6.08;
170;0;242.78;198.34;0.81;244.71;196.99;0.82;242.01;196.8;0.88;248.57;198.92;0.83;240.85;198.54;0.68;250.89;209.34;0.77;239.5;207.6;0.75;249.54;221.88;0.75;235.26;217.25;0.75;245.1;230.95;0.71;228.51;225.55;0.73;247.99;231.34;0.62;239.89;230.37;0.61;249.15;246.39;0.72;235.65;244.07;0.55;250.69;262.21;0.75;249.34;261.44;0.33;160.07;164.61;178.83;124.51;168.11;161.81;1.35;24.72;1863.79;2768.26;
170;1;205.6;164.74;0.68;206.16;162.23;0.66;204.2;161.95;0.67;205.6;163.35;0.58;198.62;162.23;0.67;203.92;174.51;0.56;185.79;168.93;0.61;218.43;180.08;0.55;169.89;171.72;0.6;225.4;170.88;0.58;152.59;172.55;0.64;194.72;200.45;0.63;185.51;200.45;0.64;203.37;218.58;0.59;186.63;221.65;0.65;205.32;214.96;0.54;198.34;217.19;0.47;106.11;172.82;53.8;72.16;134.97;176.48;88.5;79.54;1899.15;2792.18;
171;0;205.75;163.8;0.63;205.47;161.58;0.62;204.36;161.3;0.62;203.81;162.41;0.55;199.65;161.86;0.63;202.7;173.23;0.53;185.78;168.79;0.59;217.12;179.89;0.51;170.81;172.95;0.56;224.05;171.01;0.57;154.72;173.51;0.63;193.27;199.02;0.65;184.95;199.3;0.65;202.15;219.27;0.54;186.34;221.21;0.64;209.63;214.27;0.57;201.31;217.05;0.5;103.22;166.45;79.98;78.1;136.25;174.82;85.31;72.91;1911.13;2716.28;
171;1;243.04;198.77;0.81;244.97;197.42;0.82;242.27;197.03;0.87;248.83;199.34;0.83;241.31;198.77;0.69;251.14;209.56;0.77;239.38;208.02;0.76;249.79;222.28;0.77;235.14;217.85;0.75;244.39;230.96;0.71;228.2;225.75;0.74;248.25;230.57;0.61;239.77;229.61;0.61;249.41;246.38;0.71;236.1;244.45;0.58;250.75;262.76;0.75;238.42;262.38;0.36;154.16;162.05;179.48;158.79;167.98;165.12;1.78;24.36;1895.49;2781.25;
172;0;205.69;163.85;0.64;205.69;161.63;0.62;204.3;161.36;0.62;203.75;162.19;0.55;199.6;161.91;0.63;202.64;172.71;0.52;186.03;168.83;0.58;216.76;179.63;0.49;171.08;172.98;0.55;224.24;171.05;0.55;154.75;173.26;0.62;193.51;199.01;0.64;184.92;199.01;0.64;202.37;219.22;0.53;186.31;221.16;0.63;208.46;214.51;0.56;201.26;217.0;0.5;104.94;165.45;75.98;78.05;137.17;174.32;83.04;72.37;5.61;7.46;
172;1;243.04;198.77;0.81;244.97;197.42;0.82;242.27;197.03;0.87;248.82;199.35;0.83;241.3;198.77;0.68;251.14;209.56;0.77;239.38;208.02;0.76;249.79;222.29;0.77;235.14;217.85;0.75;244.39;230.96;0.71;228.2;225.76;0.74;248.24;230.58;0.61;239.76;229.61;0.61;249.4;246.38;0.71;236.1;244.45;0.58;250.75;262.77;0.75;238.41;262.38;0.37;154.16;162.05;179.48;158.79;167.98;165.12;1.78;24.36;0.2;0.2;
173;0;243.22;199.13;0.83;245.15;197.79;0.82;242.45;197.59;0.88;249.0;199.71;0.84;241.3;199.33;0.67;251.31;210.31;0.78;239.56;208.58;0.76;249.77;222.83;0.78;235.13;218.21;0.75;244.19;231.31;0.71;227.81;225.72;0.74;248.23;231.89;0.62;239.75;230.93;0.62;249.39;247.5;0.73;236.09;244.99;0.57;250.93;263.1;0.77;249.77;262.33;0.33;153.63;160.45;178.6;127.14;167.63;164.92;1.11;25.2;1909.74;2705.9;
173;1;204.79;163.95;0.6;204.79;161.53;0.6;203.45;161.53;0.59;203.71;162.6;0.53;198.87;161.8;0.6;201.83;172.82;0.48;184.88;169.33;0.56;215.55;179.28;0.47;170.36;174.44;0.51;222.28;170.13;0.52;154.49;174.98;0.56;192.15;198.92;0.6;184.35;199.19;0.61;200.76;218.29;0.49;186.5;219.9;0.6;205.6;216.67;0.48;203.45;217.48;0.46;101.13;162.56;95.53;87.8;135.68;173.04;85.16;69.58;1947.04;2692.71;
174;0;204.68;164.12;0.6;204.68;161.72;0.61;203.61;161.72;0.6;203.88;162.79;0.53;199.08;161.99;0.61;201.74;173.72;0.51;184.41;169.46;0.56;215.07;179.85;0.49;169.74;173.99;0.53;222.27;170.52;0.54;154.54;175.59;0.57;192.41;198.79;0.6;184.14;199.05;0.61;200.94;218.25;0.5;186.28;219.85;0.6;206.28;216.92;0.47;203.88;217.72;0.45;102.95;168.83;99.63;88.94;135.91;173.63;85.72;72.31;1943.92;2670.71;
174;1;243.18;199.16;0.83;245.1;197.81;0.83;242.41;197.62;0.89;248.96;199.55;0.85;241.06;199.35;0.67;251.27;210.14;0.78;239.71;208.4;0.76;249.73;222.85;0.77;235.28;218.03;0.75;244.14;231.13;0.7;227.77;225.54;0.73;248.38;231.9;0.62;239.71;230.93;0.62;249.53;247.69;0.72;236.05;244.99;0.57;250.88;263.47;0.77;249.34;262.51;0.32;152.91;159.7;179.31;128.24;168.25;165.41;0.65;24.7;1949.17;2678.59;
175;0;203.19;163.19;0.53;202.38;161.04;0.58;202.38;161.04;0.54;202.92;162.65;0.56;200.51;161.84;0.57;201.31;173.92;0.5;183.86;169.36;0.54;214.46;179.83;0.48;169.63;174.46;0.54;221.18;171.51;0.53;155.41;177.14;0.57;191.65;198.08;0.59;184.13;198.62;0.61;188.16;218.75;0.49;186.55;219.83;0.6;207.48;216.07;0.51;206.14;216.87;0.48;104.71;170.96;72.51;87.93;167.78;174.03;87.62;70.8;44.41;53.53;
175;1;243.53;199.31;0.84;245.46;197.96;0.83;242.57;197.76;0.89;249.13;199.89;0.85;241.22;199.5;0.7;251.26;210.32;0.77;239.48;208.58;0.75;249.71;222.88;0.77;235.23;218.05;0.73;243.92;230.99;0.69;228.08;225.39;0.72;248.56;232.15;0.61;239.86;231.18;0.61;249.52;247.99;0.72;236.0;245.09;0.56;251.07;263.83;0.77;249.52;263.25;0.33;151.48;159.94;177.92;127.8;169.45;163.5;0.05;25.16;7.85;10.29;
176;0;199.6;162.78;0.53;200.35;161.03;0.64;198.35;160.28;0.56;202.61;163.53;0.62;197.09;161.53;0.59;201.1;175.81;0.61;182.81;168.55;0.63;214.13;180.33;0.61;168.27;175.06;0.66;220.15;167.04;0.62;154.49;182.58;0.69;191.83;198.37;0.64;182.81;198.87;0.64;199.1;217.42;0.57;186.57;219.17;0.66;216.89;211.4;0.5;205.11;218.92;0.47;95.27;175.54;92.21;99.72;136.77;169.51;93.25;65.85;137.79;165.88;
176;1;243.31;199.55;0.82;245.25;198.2;0.82;242.54;198.0;0.87;249.12;200.13;0.83;241.38;199.75;0.67;251.25;210.4;0.77;239.83;208.65;0.75;249.51;222.98;0.77;235.38;217.75;0.73;243.51;231.11;0.7;227.82;225.31;0.72;248.35;232.08;0.61;240.02;231.11;0.61;249.7;247.96;0.71;236.34;245.06;0.56;251.06;264.03;0.77;249.12;245.25;0.32;151.45;161.08;179.94;76.09;167.49;164.72;0.26;26.57;12.94;8.06;
177;0;200.15;163.13;0.53;200.66;161.36;0.63;199.14;160.61;0.55;202.68;163.39;0.59;197.62;161.62;0.57;200.91;175.76;0.57;182.72;168.69;0.61;213.79;180.31;0.57;168.57;175.01;0.64;219.86;167.17;0.59;154.93;181.83;0.64;191.56;198.25;0.63;182.97;198.75;0.63;199.39;217.7;0.55;186.51;219.22;0.64;216.32;212.4;0.47;204.95;218.21;0.47;95.34;177.49;94.53;96.67;135.5;170.68;93.13;66.42;9.64;26.28;
177;1;243.32;199.49;0.83;245.06;198.33;0.83;242.55;198.14;0.88;249.12;200.07;0.85;241.39;199.88;0.66;251.24;210.51;0.77;239.84;208.77;0.75;249.5;223.07;0.78;235.39;217.86;0.73;243.51;231.19;0.7;227.86;225.39;0.72;248.54;231.77;0.61;240.03;230.81;0.6;249.7;247.82;0.71;236.17;244.72;0.56;251.05;264.05;0.77;249.31;244.92;0.33;151.45;161.08;179.37;75.32;168.61;163.97;0.63;26.58;2.34;2.81;
178;0;243.55;199.87;0.85;245.29;198.52;0.83;242.78;198.33;0.88;249.35;200.26;0.87;241.62;200.07;0.67;251.47;210.5;0.78;240.07;208.96;0.76;249.54;223.25;0.8;235.05;218.42;0.74;243.16;231.18;0.72;227.13;225.57;0.72;248.77;231.37;0.61;240.07;230.6;0.61;249.54;247.99;0.72;236.21;244.7;0.57;251.28;264.41;0.79;249.35;245.28;0.36;149.79;160.02;176.62;77.2;169.95;164.68;1.23;27.95;2049.11;2539.51;
178;1;200.89;164.19;0.58;201.59;162.56;0.66;199.73;161.4;0.62;202.06;163.49;0.56;195.31;161.16;0.62;200.19;175.13;0.59;181.8;168.61;0.62;213.23;180.72;0.6;167.84;176.99;0.61;217.19;167.22;0.55;155.03;185.61;0.64;190.88;197.71;0.61;182.5;198.41;0.62;198.33;216.8;0.56;186.23;217.96;0.63;208.34;221.69;0.48;206.25;220.52;0.54;83.14;177.03;137.35;108.07;136.27;170.56;89.21;60.38;2081.23;2496.41;
179;0;243.43;199.87;0.85;245.36;198.51;0.83;242.85;198.32;0.88;249.22;200.25;0.87;241.69;200.06;0.67;251.35;210.49;0.78;240.14;208.95;0.76;249.42;223.05;0.79;235.12;218.41;0.74;243.24;230.97;0.72;227.01;225.56;0.72;248.84;231.55;0.61;239.95;230.77;0.61;249.61;247.97;0.72;236.28;244.68;0.57;251.16;264.58;0.79;249.03;245.46;0.37;150.77;159.33;177.38;78.69;170.5;165.72;1.94;27.44;6.67;3.55;
179;1;200.66;164.22;0.58;201.36;162.36;0.66;199.73;161.43;0.62;202.06;163.52;0.56;195.31;161.2;0.62;199.96;175.15;0.59;181.82;168.64;0.62;213.22;180.73;0.6;167.87;177.01;0.61;217.18;167.24;0.55;155.07;185.62;0.64;190.89;197.71;0.61;182.52;198.41;0.62;198.34;216.79;0.56;186.24;217.95;0.62;208.34;221.67;0.48;206.24;220.51;0.54;83.5;177.03;137.35;108.07;136.78;170.56;89.07;60.38;0.91;1.23;
180;0;199.11;163.24;0.52;199.83;161.55;0.61;198.63;161.07;0.57;200.55;162.75;0.5;196.46;161.31;0.54;198.87;174.06;0.47;181.31;168.77;0.54;212.34;179.84;0.47;167.59;178.87;0.54;215.71;166.12;0.42;156.04;187.54;0.51;189.25;197.4;0.59;182.27;197.88;0.58;198.15;217.61;0.55;187.32;217.85;0.6;217.4;211.36;0.54;207.05;220.98;0.49;80.6;179.51;95.77;113.21;133.82;167.69;89.21;55.51;2119.21;2422.05;
180;1;243.76;199.93;0.84;245.69;198.58;0.83;242.99;198.39;0.89;249.36;200.51;0.86;241.64;200.13;0.69;251.49;210.74;0.78;240.1;209.2;0.78;249.36;223.48;0.8;235.08;218.47;0.74;242.99;231.21;0.71;226.97;225.61;0.71;248.78;232.36;0.62;240.1;231.59;0.61;249.75;248.77;0.73;236.24;245.3;0.54;251.29;264.8;0.81;249.94;245.49;0.35;149.94;159.82;177.86;75.07;169.51;164.27;2.34;28.44;2075.06;2474.95;
181;0;197.65;162.59;0.63;199.06;161.18;0.62;196.24;160.05;0.65;198.49;163.15;0.6;192.02;160.34;0.68;198.49;174.4;0.65;180.49;168.49;0.68;211.15;179.46;0.64;167.83;179.18;0.69;213.4;166.52;0.55;155.74;190.44;0.59;190.06;196.34;0.65;181.9;197.75;0.66;197.65;216.88;0.63;188.09;218.57;0.67;217.06;210.41;0.55;208.06;224.47;0.57;78.06;177.25;91.86;123.03;138.66;166.2;89.24;52.57;70.49;87.7;
181;1;244.11;200.23;0.83;245.85;198.88;0.83;243.14;198.69;0.89;249.72;200.81;0.87;241.98;200.43;0.69;251.85;211.07;0.77;240.43;209.14;0.77;249.53;223.27;0.78;235.4;218.04;0.74;242.95;231.01;0.71;227.65;224.82;0.7;248.95;232.76;0.62;240.43;231.79;0.62;250.11;248.82;0.71;236.56;245.73;0.56;251.46;264.89;0.78;249.33;245.92;0.35;150.42;160.66;179.31;75.34;168.24;164.48;3.16;29.48;5.94;31.38;
182;0;195.61;162.2;0.6;197.04;160.78;0.6;194.76;159.64;0.62;197.89;162.77;0.61;191.91;160.49;0.63;198.18;174.17;0.64;180.23;168.76;0.66;210.43;179.59;0.61;167.69;179.3;0.66;213.28;166.76;0.52;155.72;190.42;0.56;189.91;196.69;0.64;181.94;197.83;0.65;197.32;217.2;0.62;188.2;218.63;0.66;216.99;210.36;0.54;208.15;224.33;0.55;78.69;177.18;90.68;122.72;139.99;166.6;86.32;53.31;8.07;0.8;
182;1;244.01;200.25;0.84;245.95;198.89;0.83;243.24;198.7;0.89;249.82;200.83;0.87;241.88;200.44;0.69;251.96;211.1;0.78;240.33;209.36;0.77;249.44;223.31;0.78;235.29;218.08;0.75;242.85;231.06;0.71;227.54;224.86;0.71;248.86;232.81;0.62;240.33;232.03;0.62;250.02;248.7;0.71;236.65;245.79;0.56;251.57;264.78;0.78;250.02;245.79;0.34;151.29;161.2;178.68;75.02;167.68;165.02;3.53;30.02;3.26;3.63;
183;0;195.61;163.4;0.58;196.96;160.97;0.58;194.8;160.7;0.61;196.69;161.51;0.58;191.83;159.89;0.6;197.23;174.46;0.63;179.42;168.79;0.64;211.26;176.62;0.59;167.82;180.4;0.67;209.91;166.63;0.58;156.49;192.81;0.68;189.13;196.58;0.61;181.04;197.66;0.6;196.15;216.55;0.57;190.21;217.36;0.59;218.54;211.15;0.45;207.48;210.88;0.47;73.56;177.4;95.81;94.42;140.55;158.24;101.35;48.21;101.5;75.55;
183;1;244.41;200.77;0.84;246.15;199.22;0.82;243.44;199.03;0.88;250.03;201.16;0.87;242.28;200.77;0.69;251.97;211.62;0.78;240.34;209.87;0.78;249.64;223.43;0.78;235.5;218.59;0.76;242.47;231.18;0.69;227.75;224.4;0.71;249.25;232.92;0.62;240.73;232.15;0.61;250.03;249.39;0.7;237.05;246.29;0.57;251.77;265.46;0.79;250.8;245.51;0.4;148.36;155.92;176.51;72.19;170.05;164.41;3.88;30.05;11.79;15.26;
184;0;195.67;163.35;0.57;197.07;161.11;0.56;195.11;160.84;0.61;196.51;161.67;0.57;192.32;160.0;0.6;197.07;174.25;0.63;179.18;168.66;0.64;211.32;176.77;0.57;167.73;180.96;0.67;209.93;166.98;0.57;156.27;192.97;0.67;189.24;196.89;0.61;181.14;198.0;0.59;195.39;216.73;0.58;190.64;217.29;0.59;207.41;228.75;0.46;207.97;211.42;0.5;71.86;179.34;152.22;97.52;143.71;157.58;99.06;46.79;10.5;8.3;
184;1;244.42;200.45;0.86;246.36;199.09;0.84;243.65;198.9;0.9;250.04;201.03;0.88;242.49;200.83;0.71;252.17;211.68;0.78;240.36;209.74;0.78;249.46;223.49;0.79;235.71;218.65;0.76;242.49;231.04;0.69;227.96;224.26;0.72;249.26;232.78;0.62;240.74;232.01;0.61;250.04;248.86;0.7;236.87;246.15;0.56;251.78;265.12;0.79;250.43;245.18;0.42;150.22;153.49;176.64;70.59;169.41;163.68;5.09;28.55;4.17;7.52;
185;0;195.1;163.31;0.56;196.58;161.34;0.58;195.1;160.85;0.57;196.58;161.59;0.59;191.66;160.12;0.63;197.07;174.36;0.63;179.14;168.71;0.66;211.56;176.33;0.61;167.84;180.75;0.67;206.4;164.05;0.6;157.28;193.52;0.68;188.47;197.7;0.65;181.35;198.92;0.63;196.82;217.35;0.61;190.93;218.58;0.6;218.68;212.43;0.59;205.66;228.15;0.56;59.5;176.4;100.36;149.01;136.75;158.2;102.5;47.38;138.03;34.5;
185;1;244.34;200.55;0.86;246.27;199.2;0.83;243.57;199.01;0.9;249.92;201.13;0.87;242.22;200.74;0.69;252.04;211.71;0.77;240.3;209.98;0.77;249.54;223.65;0.78;235.49;218.83;0.75;242.42;231.15;0.69;227.59;224.22;0.7;249.34;232.88;0.62;240.88;232.31;0.61;250.31;249.24;0.71;237.03;246.55;0.56;251.85;265.41;0.8;250.69;245.39;0.39;148.35;152.85;177.93;70.05;169.38;163.39;4.59;30.0;3.92;11.15;
186;0;244.78;201.36;0.85;246.52;200.01;0.84;243.82;199.63;0.89;250.37;201.75;0.87;242.66;201.36;0.72;252.1;211.77;0.76;240.74;210.03;0.77;249.79;223.71;0.8;235.92;218.32;0.74;242.09;231.03;0.7;228.6;224.1;0.69;249.41;232.96;0.65;241.12;231.99;0.61;250.76;249.53;0.73;236.88;247.6;0.5;251.91;265.52;0.84;251.14;265.32;0.39;144.49;158.46;179.48;125.99;168.09;163.8;3.7;31.18;2283.29;2334.53;
186;1;197.06;163.02;0.51;197.06;161.38;0.51;195.9;160.92;0.54;192.63;162.32;0.48;191.46;161.15;0.54;194.03;172.59;0.53;177.68;169.79;0.56;167.64;177.26;0.37;167.64;182.16;0.54;159.24;170.49;0.32;158.54;195.47;0.49;187.49;196.64;0.57;181.19;197.34;0.56;194.26;217.19;0.55;194.73;217.42;0.56;217.14;213.92;0.5;204.07;214.15;0.48;131.11;175.33;100.11;104.71;146.55;153.25;64.76;46.3;3097.04;2250.32;
187;0;244.61;201.39;0.86;246.35;199.84;0.86;243.84;199.64;0.91;250.03;201.39;0.87;242.48;201.39;0.74;252.16;211.65;0.77;240.74;210.1;0.77;249.65;223.66;0.79;235.89;218.43;0.73;242.09;231.02;0.7;229.11;223.66;0.66;249.07;232.96;0.65;241.51;231.8;0.62;250.62;249.23;0.73;237.06;247.29;0.52;252.36;265.31;0.85;251.2;246.71;0.4;146.1;157.82;179.25;71.61;166.28;161.91;3.57;32.22;0.32;20.24;
187;1;196.36;162.59;0.48;196.82;160.96;0.51;194.73;160.5;0.54;194.26;162.12;0.5;191.47;160.96;0.54;194.26;173.07;0.53;177.73;169.81;0.58;167.72;176.79;0.36;167.72;182.61;0.56;159.11;170.27;0.31;158.65;195.64;0.53;187.28;197.04;0.59;180.99;197.74;0.58;193.33;216.83;0.57;194.73;217.06;0.59;203.8;231.96;0.49;217.31;214.5;0.51;134.89;176.84;162.31;118.94;146.75;151.25;65.77;44.67;7.59;6.11;
188;0;195.27;162.16;0.46;195.03;160.75;0.48;194.33;160.28;0.51;193.15;161.22;0.49;191.98;160.98;0.53;193.39;171.56;0.51;176.7;170.62;0.53;167.77;185.19;0.42;168.01;183.78;0.48;160.25;197.41;0.41;160.25;197.17;0.43;185.63;196.94;0.54;188.22;197.17;0.52;192.21;216.68;0.52;195.97;216.91;0.59;203.02;232.19;0.6;216.89;217.15;0.59;149.63;176.62;163.56;112.09;144.57;178.0;44.99;56.9;2661.7;2219.68;
188;1;244.9;201.99;0.88;246.63;200.45;0.88;243.94;200.26;0.93;250.47;201.99;0.91;242.6;201.8;0.76;252.59;212.36;0.79;240.87;210.82;0.79;249.71;224.07;0.82;235.88;218.89;0.74;241.83;231.37;0.72;228.2;222.73;0.69;249.32;233.87;0.67;241.83;232.91;0.64;250.86;250.39;0.74;237.41;248.08;0.51;252.4;265.94;0.87;251.43;246.93;0.4;146.64;148.32;179.67;69.07;166.05;161.28;5.18;34.25;3093.78;2245.37;
189;0;195.31;162.16;0.47;195.08;160.75;0.48;194.37;160.28;0.51;192.96;161.22;0.49;192.02;160.99;0.53;176.04;171.56;0.51;176.75;170.62;0.52;167.82;185.2;0.44;167.82;183.79;0.46;160.29;197.42;0.42;160.29;197.18;0.42;185.21;196.95;0.54;188.5;197.18;0.53;192.26;216.69;0.52;196.02;216.69;0.59;203.07;232.2;0.6;216.94;217.16;0.59;179.5;175.15;164.78;112.37;179.8;177.22;50.96;58.03;1.35;1.35;
189;1;244.98;201.81;0.88;246.71;200.47;0.88;244.02;200.27;0.92;250.36;202.0;0.9;242.67;202.0;0.76;252.66;212.19;0.8;240.94;210.65;0.8;249.59;224.1;0.82;235.95;218.91;0.75;241.9;231.4;0.73;228.07;222.76;0.69;249.4;233.71;0.68;241.71;232.94;0.64;250.74;250.43;0.73;237.29;247.93;0.52;252.47;265.99;0.87;251.7;246.58;0.43;148.0;147.16;178.26;68.24;166.77;161.6;5.84;33.13;2.32;3.96;
190;0;193.59;162.06;0.49;193.83;160.65;0.49;193.36;160.65;0.5;188.9;161.59;0.5;191.01;161.36;0.53;192.89;170.97;0.52;176.24;170.27;0.53;168.73;185.52;0.44;168.73;184.81;0.49;160.99;197.71;0.39;160.76;170.51;0.41;185.85;197.48;0.56;188.9;197.48;0.54;191.48;217.42;0.54;195.94;217.42;0.58;202.27;233.13;0.62;217.05;217.65;0.62;153.45;56.43;161.29;110.08;149.36;174.48;44.09;52.26;22.79;802.66;
190;1;245.0;201.68;0.89;246.73;200.34;0.86;244.04;200.14;0.92;250.37;202.25;0.9;242.7;202.06;0.71;252.48;212.23;0.8;240.59;210.88;0.8;249.99;223.73;0.82;235.99;218.94;0.77;241.94;230.83;0.73;228.13;222.77;0.71;249.99;233.32;0.66;241.55;232.55;0.63;250.76;250.58;0.74;237.33;247.89;0.53;252.1;266.11;0.86;250.95;246.74;0.43;143.6;145.75;177.61;69.79;170.72;162.09;5.49;32.28;17.4;1.94;
191;0;192.64;162.11;0.52;192.41;160.47;0.52;192.64;160.94;0.52;183.74;161.17;0.52;191.0;161.87;0.53;175.53;170.78;0.53;190.53;170.31;0.51;169.21;185.77;0.5;169.21;184.6;0.41;161.71;199.13;0.46;162.41;167.97;0.36;185.84;196.55;0.58;188.66;196.32;0.57;193.11;217.41;0.59;193.81;217.17;0.56;199.9;234.04;0.53;216.31;220.45;0.52;173.56;78.38;176.99;112.18;177.4;161.99;44.68;52.04;47.79;91.2;
191;1;245.13;202.13;0.89;247.04;200.78;0.87;244.36;200.4;0.91;250.69;202.7;0.92;243.21;202.32;0.72;252.61;212.67;0.79;241.1;211.14;0.8;249.92;224.18;0.82;235.92;219.0;0.78;241.48;231.27;0.74;226.72;223.41;0.74;249.92;233.77;0.68;242.44;233.19;0.63;250.88;251.02;0.73;238.22;249.11;0.49;252.61;266.36;0.86;252.22;246.42;0.47;143.19;148.97;176.76;64.3;169.57;161.67;5.88;36.85;19.13;46.59;
192;0;192.01;161.68;0.52;192.01;160.27;0.52;192.25;160.74;0.52;183.58;160.97;0.51;191.08;161.91;0.52;175.62;170.81;0.53;190.61;170.35;0.51;169.29;185.81;0.5;169.29;185.1;0.41;161.56;199.16;0.46;162.26;168.24;0.37;185.69;196.58;0.58;188.73;196.35;0.57;193.18;217.2;0.58;193.89;217.2;0.56;200.21;234.06;0.53;216.14;220.47;0.52;172.81;77.92;177.36;112.27;178.63;161.99;44.22;51.18;4.59;9.29;
192;1;245.09;202.09;0.89;247.01;200.74;0.87;244.33;200.55;0.91;250.66;202.66;0.92;243.18;202.28;0.72;252.77;212.64;0.8;241.07;211.3;0.8;249.89;224.15;0.82;235.88;219.16;0.78;241.45;231.44;0.74;226.87;223.38;0.73;250.08;233.94;0.68;242.6;233.36;0.63;251.04;251.01;0.73;238.38;249.29;0.48;252.77;266.36;0.86;252.19;246.79;0.45;144.85;148.45;176.8;64.92;169.6;161.18;6.85;37.35;5.21;4.54;
193;0;192.75;164.19;0.48;192.51;162.08;0.5;192.04;162.08;0.49;192.75;162.55;0.51;190.17;162.31;0.53;190.17;171.46;0.52;174.92;171.22;0.59;199.08;173.34;0.35;169.29;186.0;0.56;202.13;165.36;0.31;162.73;199.6;0.52;187.35;196.32;0.6;181.72;197.96;0.53;192.75;217.19;0.57;193.69;217.43;0.57;198.61;234.78;0.56;215.97;223.53;0.53;99.04;175.09;176.05;136.88;159.05;162.7;84.57;35.13;1588.45;943.73;
193;1;245.59;202.63;0.87;247.33;201.09;0.87;244.81;200.89;0.9;251.0;203.02;0.93;243.46;202.63;0.75;252.93;213.46;0.8;241.33;211.72;0.8;249.45;224.48;0.81;236.12;219.45;0.77;241.14;231.82;0.77;226.45;223.51;0.74;250.23;234.53;0.68;242.88;233.95;0.62;251.19;251.54;0.73;238.63;249.99;0.47;253.13;266.81;0.85;252.74;247.09;0.46;148.99;146.8;176.04;63.54;169.43;161.18;10.21;38.0;14.67;13.06;
194;0;193.11;164.16;0.5;192.87;162.29;0.51;192.4;162.29;0.5;192.87;162.29;0.5;190.06;162.29;0.53;190.06;171.42;0.52;174.84;171.19;0.6;199.43;173.3;0.34;169.22;185.94;0.55;202.01;164.16;0.3;162.67;199.76;0.5;187.25;196.48;0.6;181.63;197.65;0.53;192.4;217.08;0.58;193.58;217.32;0.57;198.73;234.88;0.58;215.82;223.64;0.54;94.44;175.47;174.48;137.13;159.56;163.13;85.09;35.25;36.22;4.92;
194;1;245.51;202.62;0.87;247.45;201.07;0.86;244.74;200.88;0.9;251.13;203.01;0.93;243.38;202.62;0.74;252.87;213.47;0.8;241.44;211.53;0.8;249.58;224.51;0.81;236.02;219.48;0.77;241.25;231.68;0.77;226.33;223.74;0.73;250.16;234.78;0.68;242.99;234.2;0.62;251.13;251.44;0.73;238.73;249.7;0.46;253.07;266.75;0.85;252.87;246.6;0.47;147.32;148.08;176.11;62.26;169.42;160.71;9.35;38.24;5.28;7.79;
195;0;191.73;163.9;0.47;191.5;162.24;0.48;191.5;162.24;0.48;191.5;162.48;0.49;189.84;162.48;0.51;189.61;171.45;0.5;174.26;171.69;0.56;170.01;185.38;0.36;169.54;186.56;0.54;200.47;163.42;0.28;163.4;200.49;0.46;187.25;196.95;0.59;182.29;197.89;0.52;192.44;217.25;0.58;193.15;217.49;0.57;215.34;235.91;0.55;215.34;235.67;0.52;0.38;173.83;143.51;158.32;160.36;168.03;49.3;34.64;51.29;31.3;
195;1;245.5;202.55;0.87;247.24;201.0;0.86;244.72;200.81;0.89;250.91;203.13;0.92;243.37;202.74;0.73;252.85;213.38;0.79;241.24;211.83;0.79;249.75;224.8;0.8;236.02;219.77;0.75;241.24;231.95;0.75;226.73;223.25;0.72;250.14;234.66;0.66;242.59;234.27;0.61;251.3;251.49;0.72;238.72;248.78;0.52;253.04;266.78;0.84;253.81;246.27;0.56;145.23;143.92;177.45;65.61;168.8;161.62;7.92;36.82;8.14;19.05;
196;0;191.71;164.4;0.47;191.24;162.75;0.46;190.29;162.75;0.46;182.03;163.22;0.47;187.7;162.75;0.49;187.22;172.2;0.49;174.95;172.43;0.56;170.7;186.84;0.36;169.99;186.6;0.52;165.74;200.53;0.28;164.79;201.24;0.47;187.7;197.23;0.59;182.74;198.64;0.55;192.42;217.06;0.57;191.95;217.3;0.56;214.61;224.85;0.52;197.38;236.42;0.53;151.44;179.75;122.74;169.58;167.69;170.28;49.55;35.85;1529.02;47.49;
196;1;245.9;202.99;0.88;247.83;201.45;0.85;244.94;201.26;0.89;251.1;203.57;0.91;243.59;202.99;0.74;253.03;213.39;0.79;241.28;212.04;0.77;250.14;224.75;0.8;236.86;219.74;0.74;241.28;232.06;0.75;228.19;222.82;0.72;250.52;234.76;0.63;243.02;234.37;0.59;251.49;251.7;0.71;239.36;249.39;0.49;253.22;267.29;0.83;254.18;246.69;0.57;143.82;139.47;176.91;66.01;170.07;161.87;7.58;34.34;3.5;45.84;
197;0;245.95;202.99;0.88;247.68;201.45;0.85;244.99;201.25;0.9;251.15;203.56;0.91;243.64;202.99;0.74;252.88;213.38;0.79;241.33;211.84;0.78;250.19;224.93;0.8;236.9;219.73;0.75;241.14;231.86;0.75;228.24;222.81;0.74;250.57;233.98;0.62;242.49;233.59;0.59;251.34;251.5;0.7;238.64;248.42;0.55;253.27;267.28;0.82;254.42;246.49;0.62;140.58;138.86;175.56;68.49;171.08;162.4;6.74;32.33;2456.42;2016.14;
197;1;192.03;164.86;0.51;192.03;162.97;0.49;191.09;162.97;0.49;181.63;162.97;0.47;188.01;162.49;0.51;187.77;171.95;0.49;174.77;172.19;0.56;170.51;186.85;0.36;170.04;186.85;0.52;165.31;200.57;0.28;164.83;201.28;0.46;187.54;197.26;0.59;182.57;198.44;0.54;192.5;217.36;0.58;191.8;217.6;0.56;214.74;225.41;0.53;197.47;236.29;0.55;151.57;178.05;123.76;171.19;165.59;170.85;48.67;34.44;2474.2;2013.19;
198;0;191.31;165.78;0.53;191.31;163.37;0.52;189.62;163.62;0.52;189.86;162.65;0.47;186.26;162.89;0.52;186.98;171.31;0.49;174.48;171.79;0.55;170.87;186.93;0.4;170.39;186.69;0.52;166.06;199.92;0.33;165.58;200.88;0.46;187.94;196.55;0.59;182.41;197.75;0.53;191.79;217.71;0.57;190.58;217.95;0.56;212.94;227.08;0.54;196.59;237.9;0.59;154.46;176.61;124.21;174.73;171.88;174.95;48.05;32.32;2454.54;1997.22;
198;1;245.96;203.43;0.87;247.7;201.88;0.85;244.99;201.69;0.89;251.38;204.01;0.91;243.83;203.62;0.71;253.52;214.08;0.78;241.51;212.53;0.77;250.22;225.31;0.78;237.05;220.09;0.74;241.31;232.09;0.75;228.53;222.8;0.74;250.61;234.8;0.63;242.48;234.22;0.6;251.58;252.04;0.7;238.8;248.75;0.6;253.32;267.73;0.81;254.29;247.59;0.58;143.6;138.18;176.88;71.49;168.8;163.23;8.36;33.09;2475.41;2022.62;
199;0;191.3;165.53;0.53;191.3;163.37;0.52;189.62;163.61;0.52;189.86;162.65;0.47;186.25;162.89;0.52;186.97;171.06;0.49;174.47;171.78;0.55;170.87;186.93;0.4;170.39;186.69;0.52;166.06;199.91;0.33;165.58;200.87;0.46;187.94;196.55;0.59;182.41;197.75;0.53;191.78;217.7;0.57;190.58;217.94;0.56;212.94;227.08;0.54;196.59;237.9;0.59;154.89;176.61;124.21;174.73;171.86;174.95;47.59;32.32;0.18;0.18;
199;1;245.96;203.43;0.87;247.7;201.88;0.84;244.99;201.69;0.89;251.38;204.01;0.91;243.83;203.63;0.71;253.51;214.08;0.78;241.5;212.53;0.77;250.22;225.32;0.78;237.05;220.09;0.74;241.12;232.09;0.75;228.53;222.8;0.74;250.61;235.0;0.63;242.47;234.22;0.61;251.57;252.04;0.7;238.79;248.75;0.6;253.32;267.72;0.81;254.29;247.59;0.58;143.01;138.18;176.91;71.49;168.84;163.23;8.43;33.09;5.91;0.05;
200;0;190.34;166.59;0.54;190.82;164.66;0.54;189.13;164.42;0.52;190.82;163.46;0.48;185.76;163.21;0.52;185.28;171.89;0.49;174.68;172.13;0.55;170.82;186.82;0.4;170.1;186.82;0.54;197.81;200.07;0.29;166.01;200.8;0.45;187.69;197.67;0.6;184.31;198.39;0.55;190.82;218.38;0.57;191.78;218.14;0.58;196.12;238.14;0.52;211.54;226.82;0.52;72.09;179.04;173.58;134.41;176.74;179.44;49.4;37.45;955.05;13.04;
200;1;246.15;203.55;0.88;247.89;202.19;0.85;245.37;201.8;0.89;251.58;203.93;0.92;244.21;203.74;0.73;253.33;214.03;0.79;241.68;212.28;0.77;250.03;225.49;0.8;237.41;220.05;0.74;241.1;232.09;0.76;228.87;222.57;0.74;250.61;235.19;0.63;242.65;234.42;0.61;251.58;252.28;0.7;238.77;248.4;0.61;253.52;267.81;0.81;254.3;247.23;0.62;142.54;135.27;176.13;70.19;169.43;161.96;8.75;31.32;0.58;12.16;
201;0;246.55;203.69;0.89;248.29;202.33;0.85;245.58;201.95;0.9;251.77;204.27;0.91;244.62;203.88;0.72;253.51;214.13;0.79;241.91;212.59;0.78;250.22;225.74;0.8;237.65;219.94;0.74;241.33;232.12;0.76;229.14;222.26;0.77;251.0;234.64;0.64;243.07;234.06;0.62;251.77;252.24;0.7;239.01;248.56;0.61;253.71;268.1;0.81;253.9;247.4;0.59;141.47;135.32;175.56;69.9;170.49;161.26;8.83;33.16;1625.95;2006.05;
201;1;185.66;164.38;0.52;186.39;163.15;0.52;185.42;162.91;0.52;187.13;163.64;0.49;183.22;162.67;0.5;181.26;173.41;0.54;174.18;172.93;0.58;171.49;187.58;0.42;170.27;187.34;0.58;167.34;161.93;0.33;166.61;200.04;0.48;187.86;199.31;0.63;186.39;199.31;0.59;190.3;219.83;0.6;192.99;218.85;0.6;194.94;239.13;0.61;210.09;228.38;0.59;43.79;179.08;173.27;137.77;172.5;173.81;48.88;40.02;3062.35;1991.87;
202;0;246.36;203.64;0.88;248.29;202.29;0.85;245.58;201.9;0.9;251.78;204.42;0.91;244.62;203.84;0.72;253.52;214.09;0.79;241.91;212.54;0.78;250.23;225.7;0.8;237.65;219.9;0.75;241.33;232.09;0.76;229.13;222.22;0.77;251.0;234.61;0.64;243.07;234.03;0.62;251.78;252.22;0.7;239.0;248.74;0.61;253.71;268.09;0.81;254.1;247.38;0.59;141.47;135.32;175.56;69.43;170.49;161.46;8.83;33.16;0.93;1.1;
202;1;185.66;164.23;0.52;186.39;163.25;0.52;185.41;162.77;0.52;187.12;163.5;0.49;183.21;162.77;0.5;181.25;173.53;0.54;174.16;173.04;0.58;171.47;187.48;0.42;170.49;187.23;0.59;167.31;162.03;0.32;166.57;199.95;0.49;187.86;199.22;0.63;186.39;199.22;0.59;190.06;219.77;0.6;193.0;218.79;0.6;194.95;239.1;0.61;210.37;228.82;0.59;44.34;177.4;171.91;138.65;171.69;173.6;49.48;39.55;3.13;2.88;
203;0;246.43;203.69;0.9;248.36;202.34;0.86;245.66;201.95;0.91;252.03;204.46;0.92;244.7;203.88;0.69;253.76;214.1;0.79;242.0;212.75;0.79;250.87;225.48;0.8;237.75;220.08;0.76;241.61;231.65;0.76;229.85;222.01;0.79;251.45;234.35;0.63;243.15;233.58;0.6;252.22;253.06;0.7;239.3;249.01;0.58;253.95;268.3;0.82;253.76;247.86;0.52;137.95;133.78;175.86;71.39;171.12;162.78;7.74;33.25;15.68;22.34;
203;1;180.21;164.73;0.52;180.71;163.0;0.5;182.44;162.75;0.5;180.21;163.49;0.52;183.67;163.24;0.51;174.78;173.37;0.59;174.28;172.88;0.57;171.07;187.95;0.57;171.07;186.72;0.53;166.62;200.55;0.5;167.12;199.32;0.43;187.13;199.32;0.63;187.62;199.07;0.6;189.35;220.07;0.64;190.84;219.82;0.62;193.8;238.35;0.61;208.63;234.9;0.59;174.82;175.65;172.44;139.07;160.65;161.8;39.73;40.07;1159.0;25.22;
204;0;246.43;203.73;0.89;248.16;202.38;0.86;245.65;201.99;0.91;252.22;204.5;0.93;244.5;203.92;0.67;253.96;214.35;0.79;242.18;212.8;0.78;250.48;225.93;0.8;237.93;220.14;0.76;241.41;231.73;0.75;230.01;222.07;0.79;251.45;234.24;0.62;242.95;233.46;0.6;252.03;252.97;0.69;238.9;248.33;0.6;253.96;268.22;0.8;253.96;247.56;0.56;139.25;133.78;174.56;71.81;171.04;162.6;9.51;32.21;6.53;5.37;
204;1;180.3;163.11;0.51;180.3;161.63;0.48;182.52;161.88;0.48;179.07;162.86;0.51;183.51;162.62;0.5;174.62;172.99;0.6;174.87;172.49;0.56;170.92;187.8;0.59;170.92;186.57;0.5;166.72;200.64;0.52;166.97;199.16;0.4;186.72;199.4;0.62;187.46;198.66;0.6;189.19;219.9;0.65;191.16;219.4;0.63;193.88;238.41;0.63;208.45;234.22;0.6;175.93;178.26;172.65;140.73;162.26;164.43;38.64;41.37;3.98;6.52;
205;0;246.77;203.89;0.89;248.51;202.54;0.86;245.8;202.15;0.9;252.18;204.66;0.92;244.64;204.08;0.7;254.12;214.34;0.79;242.12;212.79;0.79;250.64;226.14;0.8;238.06;220.14;0.76;241.35;231.94;0.76;230.32;222.08;0.8;251.6;234.26;0.64;243.09;233.49;0.62;251.99;253.03;0.7;238.83;248.77;0.6;253.93;268.51;0.82;254.51;248.19;0.57;138.45;132.96;174.06;72.32;171.63;161.76;9.25;31.6;6.7;9.28;
205;1;176.47;163.61;0.55;178.7;161.87;0.55;179.94;162.12;0.5;179.44;163.36;0.55;183.16;163.61;0.51;175.72;173.53;0.6;174.48;173.28;0.59;171.5;187.67;0.55;171.01;186.92;0.55;167.29;200.31;0.47;167.54;199.32;0.45;187.63;198.83;0.64;187.38;198.58;0.61;188.87;219.91;0.65;190.85;219.66;0.62;193.58;239.0;0.63;207.96;236.27;0.6;178.17;178.64;169.51;143.51;158.17;162.34;41.81;41.29;19.68;17.8;
206;0;246.91;204.1;0.89;248.65;202.75;0.86;245.94;202.36;0.89;252.51;204.87;0.92;244.98;204.49;0.66;254.25;214.54;0.78;242.47;212.99;0.78;250.58;226.32;0.79;238.41;220.33;0.75;241.11;231.93;0.76;230.29;221.88;0.79;251.93;234.44;0.63;243.63;233.66;0.61;252.13;253.37;0.69;239.57;248.54;0.62;254.25;269.02;0.79;255.99;248.54;0.73;137.92;129.71;172.85;74.74;172.77;161.54;10.66;32.14;7.12;6.02;
206;1;175.38;164.71;0.57;178.4;162.7;0.55;178.65;162.7;0.52;179.9;164.21;0.52;178.9;163.96;0.5;178.65;173.99;0.61;172.87;174.75;0.64;173.13;189.05;0.47;171.37;187.8;0.63;168.36;197.83;0.35;167.6;198.59;0.62;188.43;199.09;0.66;187.18;199.34;0.63;187.68;220.42;0.64;191.69;219.92;0.63;191.95;240.24;0.64;207.0;234.47;0.62;171.64;167.35;165.83;145.94;156.67;162.2;41.44;36.77;81.25;22.22;
207;0;246.91;204.13;0.89;248.65;202.77;0.86;245.94;202.39;0.89;252.7;204.9;0.92;244.98;204.51;0.66;254.25;214.56;0.78;242.47;213.01;0.78;250.58;226.34;0.79;238.22;220.35;0.75;241.11;231.94;0.76;230.1;221.9;0.79;251.93;234.46;0.63;243.62;233.68;0.61;252.13;253.19;0.69;239.57;248.56;0.62;254.25;269.04;0.79;255.99;248.56;0.73;137.92;130.85;172.95;74.74;172.76;161.54;10.66;33.28;0.58;5.79;
207;1;175.38;164.67;0.57;178.39;162.66;0.54;178.89;162.66;0.52;179.9;164.17;0.53;178.89;163.92;0.5;178.64;173.96;0.61;173.12;174.46;0.64;173.12;189.01;0.48;171.37;187.76;0.63;168.35;197.8;0.36;167.6;198.55;0.61;188.43;199.05;0.66;187.18;199.3;0.63;187.43;220.39;0.64;191.69;219.88;0.63;191.95;240.21;0.65;207.0;234.44;0.62;171.64;168.29;164.47;145.94;156.0;162.89;41.44;37.02;1.07;1.06;
208;0;247.26;204.31;0.88;249.0;202.96;0.84;246.3;202.58;0.88;252.85;204.89;0.9;245.14;204.51;0.67;254.59;214.91;0.77;243.02;213.18;0.77;250.93;226.48;0.77;238.59;220.5;0.74;241.48;231.87;0.74;230.5;221.85;0.78;252.08;234.96;0.62;244.18;234.19;0.6;252.66;253.27;0.68;239.94;248.83;0.6;254.39;269.07;0.77;255.94;248.64;0.67;137.32;130.65;175.55;73.17;171.07;160.7;10.45;34.34;11.28;11.94;
208;1;174.29;164.33;0.57;177.76;162.19;0.56;176.96;162.19;0.53;179.36;163.79;0.53;178.83;164.06;0.5;175.62;173.67;0.63;173.75;173.67;0.62;174.02;189.15;0.51;173.75;188.09;0.53;167.88;197.16;0.43;168.15;196.36;0.45;188.17;198.5;0.67;188.17;198.76;0.64;186.57;220.12;0.65;191.11;219.86;0.64;190.84;240.41;0.68;205.79;237.21;0.68;148.43;145.89;163.87;147.69;148.95;158.05;32.72;29.88;23.82;67.86;
209;0;174.28;163.87;0.57;177.75;162.0;0.56;176.68;162.0;0.53;179.89;163.87;0.53;178.82;163.87;0.5;175.88;173.49;0.62;173.75;173.49;0.62;174.01;188.98;0.5;173.75;187.91;0.52;167.87;196.99;0.44;167.87;196.45;0.46;188.44;198.59;0.68;188.17;198.86;0.64;186.57;220.22;0.65;190.84;219.95;0.63;190.84;240.25;0.66;205.79;237.31;0.67;149.41;145.49;163.02;146.47;148.5;157.6;33.45;29.61;2450.58;2033.04;
209;1;246.87;204.33;0.89;248.6;202.98;0.85;246.1;202.6;0.89;252.66;204.91;0.91;245.13;204.72;0.66;254.59;214.95;0.77;243.01;213.21;0.77;250.73;226.33;0.77;238.57;220.55;0.74;241.66;231.93;0.73;230.46;221.9;0.78;252.08;234.83;0.62;244.17;234.05;0.6;252.46;252.97;0.68;239.92;248.72;0.62;254.59;269.18;0.78;255.94;248.72;0.7;140.4;130.65;173.76;73.86;171.59;160.68;11.53;34.36;2453.58;2025.98;
210;0;247.26;204.52;0.89;249.0;202.98;0.85;246.49;202.59;0.88;252.86;204.91;0.91;245.33;204.71;0.67;254.79;214.95;0.78;243.01;213.21;0.78;250.93;226.73;0.79;238.76;220.55;0.75;241.47;231.94;0.74;230.84;221.71;0.79;252.28;234.26;0.63;244.17;233.68;0.62;252.86;252.99;0.7;239.92;248.74;0.64;254.79;269.21;0.81;256.14;248.93;0.7;137.01;128.39;174.98;74.93;170.82;161.01;10.75;33.31;2450.99;2041.12;
210;1;174.98;162.06;0.61;178.15;160.91;0.56;176.71;160.34;0.54;180.74;164.08;0.49;179.59;162.93;0.48;176.14;172.43;0.6;175.56;172.14;0.6;174.98;155.44;0.48;175.27;154.0;0.49;184.48;140.47;0.43;185.06;139.61;0.5;188.52;198.63;0.69;188.8;199.21;0.66;186.5;219.65;0.67;189.67;219.65;0.65;189.96;239.8;0.72;204.35;237.5;0.72;143.72;144.87;164.8;142.98;149.23;156.34;158.59;154.83;3244.81;2827.38;
211;0;247.8;204.78;0.88;249.35;203.42;0.85;246.83;203.03;0.87;253.21;205.36;0.9;245.67;204.97;0.67;254.95;215.02;0.78;243.16;213.48;0.78;251.28;226.62;0.8;239.29;220.82;0.76;241.61;232.04;0.77;231.56;221.6;0.81;252.63;234.36;0.61;244.51;233.78;0.61;253.21;253.3;0.68;240.65;249.24;0.61;255.34;269.55;0.79;256.69;249.24;0.71;136.82;123.47;174.29;75.96;171.4;162.15;10.73;31.57;5.3;21.74;
211;1;173.47;163.8;0.64;175.21;162.56;0.61;174.21;162.81;0.57;176.46;165.55;0.51;177.45;166.55;0.47;176.71;174.52;0.6;175.71;174.27;0.59;174.21;190.46;0.49;174.46;159.07;0.49;169.48;196.69;0.41;177.7;196.44;0.39;188.91;199.19;0.66;188.91;199.19;0.63;185.18;220.36;0.62;189.66;220.11;0.62;189.41;240.55;0.65;202.37;239.55;0.69;151.65;0.27;158.14;148.87;143.66;154.12;35.21;156.76;1750.59;1724.15;
212;0;247.81;204.72;0.88;249.36;203.36;0.84;246.84;202.97;0.87;253.24;205.49;0.89;245.68;204.91;0.67;254.99;215.0;0.78;243.15;213.45;0.78;251.5;226.44;0.79;239.27;220.82;0.75;242.18;231.88;0.75;231.71;221.59;0.8;252.86;234.59;0.61;244.51;234.01;0.61;253.24;253.61;0.69;240.63;249.53;0.59;255.38;269.51;0.8;256.35;249.34;0.69;137.22;123.61;173.53;75.26;172.62;162.19;10.75;31.54;17.87;4.5;
212;1;173.58;163.86;0.66;175.31;162.37;0.62;174.32;162.87;0.58;176.55;165.6;0.53;177.79;166.59;0.48;176.06;175.52;0.61;176.31;174.28;0.59;174.07;190.89;0.54;174.57;158.9;0.49;169.12;196.84;0.49;177.79;147.0;0.4;188.46;199.07;0.66;189.2;198.83;0.63;184.99;220.4;0.64;190.19;220.15;0.63;189.45;240.74;0.66;202.59;239.25;0.7;147.55;158.4;158.37;149.67;143.0;154.95;35.11;158.73;11.86;1487.56;
213;0;247.99;204.86;0.89;249.54;203.5;0.83;247.02;203.11;0.87;253.42;205.44;0.9;245.67;205.05;0.68;255.36;214.94;0.77;243.73;213.58;0.78;251.48;226.56;0.79;239.66;220.94;0.76;242.18;231.99;0.75;232.29;221.33;0.81;253.22;234.51;0.63;244.89;233.93;0.61;253.61;253.5;0.7;240.63;249.43;0.61;255.74;269.59;0.82;256.33;249.63;0.64;138.69;121.94;173.62;75.33;172.62;161.35;12.22;32.2;3.42;19.32;
213;1;173.04;164.65;0.65;175.06;163.14;0.63;174.05;163.64;0.58;176.07;166.17;0.53;176.83;166.93;0.51;175.82;175.77;0.6;175.56;174.51;0.6;174.05;191.19;0.49;173.79;159.6;0.48;170.51;195.24;0.45;173.54;147.72;0.39;188.96;199.28;0.67;188.71;199.53;0.63;184.16;220.26;0.63;189.21;220.26;0.62;200.08;240.73;0.69;200.08;240.22;0.72;145.36;174.45;129.23;152.84;137.89;153.69;35.76;159.06;63.98;129.8;
214;0;248.0;204.86;0.88;249.55;203.5;0.83;247.03;203.12;0.87;253.43;205.44;0.9;245.68;205.05;0.68;255.37;215.13;0.77;243.74;213.58;0.78;251.49;226.57;0.78;239.67;220.94;0.75;242.19;231.99;0.75;232.3;221.33;0.81;253.23;234.51;0.62;244.9;233.93;0.61;253.62;253.5;0.7;240.64;249.43;0.61;255.75;269.59;0.82;256.14;249.63;0.64;138.98;121.94;173.62;75.34;172.55;161.35;12.45;32.2;0.27;0.27;
214;1;173.08;164.03;0.68;174.88;162.49;0.67;173.85;163.0;0.61;176.68;165.83;0.57;176.94;166.34;0.53;176.16;175.34;0.62;176.16;174.31;0.61;173.85;190.76;0.49;173.59;158.38;0.48;170.51;195.12;0.5;172.57;147.84;0.44;188.76;198.98;0.68;188.76;199.24;0.65;183.87;220.31;0.65;189.78;220.05;0.65;188.24;241.12;0.72;200.06;240.09;0.75;151.13;176.41;155.25;155.68;139.07;156.03;36.57;162.36;3.36;29.54;
215;0;248.29;204.9;0.88;249.83;203.55;0.83;247.13;203.16;0.86;253.7;205.48;0.88;245.77;205.1;0.67;255.63;215.14;0.77;243.84;213.6;0.77;251.76;226.74;0.77;240.17;220.94;0.74;242.1;232.15;0.74;232.83;221.33;0.79;253.5;234.85;0.61;245.39;234.08;0.59;253.89;253.59;0.68;240.94;249.34;0.58;255.82;269.82;0.79;256.59;249.73;0.63;137.68;119.58;174.39;75.18;172.66;159.45;12.28;30.88;5.28;15.84;
215;1;172.33;164.89;0.67;174.13;163.1;0.65;172.85;163.35;0.61;174.9;166.69;0.54;175.93;166.95;0.52;176.18;175.17;0.61;176.44;174.4;0.6;174.64;191.34;0.47;173.62;159.24;0.45;170.28;194.68;0.53;170.79;148.97;0.48;188.77;199.31;0.69;189.02;199.56;0.67;183.63;220.11;0.67;189.54;219.85;0.66;188.0;241.42;0.75;199.3;240.65;0.78;132.85;175.18;154.56;156.32;138.6;154.89;32.97;164.0;15.04;63.3;
216;0;248.6;205.02;0.87;250.35;203.66;0.83;247.44;203.27;0.86;254.24;205.6;0.87;246.47;205.21;0.65;255.99;215.71;0.77;244.52;213.76;0.76;251.71;226.98;0.77;240.44;221.15;0.73;242.39;232.42;0.75;233.25;221.34;0.79;254.04;235.33;0.6;246.08;234.36;0.57;254.43;253.98;0.7;241.61;249.9;0.49;256.38;269.92;0.81;256.38;250.1;0.57;141.03;120.47;174.24;74.71;173.15;159.64;15.12;33.24;11.75;12.74;
216;1;171.19;165.51;0.68;173.09;163.85;0.66;172.14;164.32;0.58;175.95;166.46;0.52;175.71;166.22;0.47;176.9;174.78;0.58;176.42;174.78;0.57;173.57;192.14;0.41;172.86;160.28;0.44;169.05;143.16;0.39;169.29;143.16;0.41;189.26;199.74;0.67;189.26;200.22;0.64;182.37;220.43;0.62;189.26;220.43;0.62;187.12;242.06;0.69;197.58;241.59;0.74;16.13;177.95;149.17;158.53;135.22;153.22;37.2;167.04;1550.33;180.48;
217;0;248.57;205.01;0.87;250.32;203.65;0.83;247.41;203.26;0.86;254.21;205.6;0.88;246.44;205.21;0.65;256.15;215.51;0.77;244.49;213.76;0.76;251.88;226.98;0.78;240.41;221.34;0.73;242.36;232.42;0.75;233.41;221.34;0.78;254.02;235.33;0.6;246.05;234.36;0.57;254.41;253.99;0.7;241.77;250.1;0.49;256.35;269.93;0.81;256.35;250.3;0.56;140.19;118.3;174.24;75.57;172.65;160.49;14.29;32.62;0.91;4.86;
217;1;172.41;163.46;0.67;173.47;161.34;0.61;172.41;161.87;0.6;176.64;165.83;0.52;175.85;166.89;0.51;176.64;171.64;0.62;177.17;171.64;0.61;170.83;156.86;0.51;171.09;156.86;0.58;167.93;146.03;0.59;168.45;145.5;0.61;188.79;199.9;0.7;189.31;199.9;0.69;182.45;220.23;0.69;189.31;220.23;0.68;186.94;241.62;0.77;198.03;240.83;0.8;173.57;170.76;150.84;157.07;139.43;156.74;178.18;179.07;92.65;74.71;
218;0;248.69;205.17;0.87;250.44;203.81;0.83;247.72;203.42;0.86;254.52;205.76;0.88;246.56;205.37;0.64;256.27;215.86;0.76;244.81;213.92;0.76;252.19;227.13;0.77;240.73;221.69;0.73;242.67;232.38;0.74;233.92;221.5;0.78;254.33;235.68;0.6;246.36;234.71;0.58;254.72;254.15;0.69;241.89;249.48;0.56;256.86;270.28;0.78;257.24;250.45;0.63;138.76;116.06;173.66;76.78;173.19;158.89;14.3;31.98;9.51;16.04;
218;1;170.6;164.22;0.66;171.71;162.57;0.66;170.33;162.29;0.62;175.57;165.6;0.6;175.29;165.6;0.51;176.67;173.05;0.56;174.74;173.05;0.56;168.4;158.15;0.42;168.12;157.33;0.55;164.81;145.19;0.44;163.43;144.64;0.57;190.73;200.07;0.71;188.8;200.35;0.7;187.7;221.03;0.7;182.46;221.31;0.71;196.53;241.16;0.79;186.05;241.44;0.77;166.41;177.45;148.09;153.07;144.27;135.91;178.44;175.58;97.02;153.26;
219;0;248.72;205.16;0.87;250.47;203.8;0.83;247.75;203.41;0.86;254.55;205.94;0.88;246.59;205.35;0.64;256.3;215.84;0.77;244.84;213.9;0.76;252.02;227.3;0.78;240.76;221.47;0.74;242.7;232.35;0.74;233.96;221.47;0.79;254.16;235.45;0.6;246.39;234.48;0.58;254.74;254.29;0.7;241.93;249.44;0.55;256.88;270.02;0.79;257.46;250.6;0.63;138.89;118.3;174.04;77.66;172.01;159.05;14.23;32.62;1.44;1.43;
219;1;170.39;163.7;0.65;171.21;161.78;0.64;170.66;161.78;0.63;175.87;165.34;0.57;175.32;165.34;0.51;176.69;171.91;0.58;175.04;172.46;0.57;168.47;158.22;0.46;167.92;157.67;0.56;164.91;145.62;0.47;163.82;145.07;0.58;190.38;200.12;0.71;189.01;200.4;0.7;186.27;220.94;0.68;183.26;220.94;0.68;196.13;241.48;0.74;186.27;241.21;0.72;164.82;172.35;143.19;155.9;142.94;137.79;174.93;179.14;13.24;17.38;
220;0;248.87;205.23;0.87;250.62;203.86;0.83;247.89;203.47;0.86;254.91;205.81;0.88;246.92;205.62;0.64;256.67;215.76;0.78;245.16;214.0;0.77;252.38;227.06;0.78;241.07;221.61;0.74;243.21;232.13;0.74;234.44;221.41;0.79;254.33;235.45;0.61;246.33;234.67;0.59;255.11;254.17;0.7;242.24;249.88;0.54;256.86;270.15;0.8;256.86;250.46;0.57;139.72;116.62;176.12;77.22;170.84;161.69;14.0;31.54;16.65;14.44;
220;1;169.39;164.82;0.68;170.46;162.95;0.67;169.65;162.95;0.63;176.09;166.7;0.57;175.28;166.43;0.5;176.89;173.67;0.59;176.09;173.67;0.59;170.46;160.54;0.41;168.85;158.93;0.55;168.58;191.35;0.44;162.96;147.94;0.57;190.56;200.46;0.7;188.95;200.46;0.69;185.2;220.56;0.65;181.98;220.83;0.67;195.11;242.27;0.73;185.73;241.73;0.73;29.58;177.93;140.52;150.94;138.05;135.47;179.07;179.49;1380.22;90.11;
221;0;249.28;205.24;0.86;251.04;203.88;0.82;248.12;203.68;0.85;255.12;206.02;0.85;246.95;205.63;0.64;256.68;215.75;0.76;245.59;214.58;0.75;252.59;227.42;0.75;241.5;221.78;0.73;243.25;232.48;0.71;234.88;221.39;0.77;254.93;235.98;0.6;247.14;235.21;0.56;255.71;254.47;0.69;242.28;250.77;0.43;257.26;270.62;0.81;257.07;250.97;0.46;137.73;116.21;176.91;73.4;172.64;158.33;14.34;33.89;10.54;13.4;
221;1;168.41;166.53;0.69;169.18;164.75;0.65;168.92;164.75;0.59;173.01;167.55;0.56;175.56;167.04;0.47;176.07;175.72;0.58;175.56;175.72;0.58;177.61;192.57;0.37;166.63;160.66;0.52;169.69;190.79;0.41;157.95;151.73;0.55;190.12;201.0;0.69;189.09;201.26;0.67;186.8;220.91;0.66;181.18;220.91;0.65;194.2;242.11;0.73;184.5;241.59;0.75;72.08;166.51;151.28;148.95;141.48;130.15;23.86;177.25;37.41;188.84;
222;0;249.29;205.3;0.86;251.04;203.94;0.82;248.12;203.74;0.86;255.12;206.07;0.86;246.95;205.69;0.64;256.68;215.8;0.76;245.59;214.44;0.76;252.59;227.47;0.76;241.51;221.83;0.74;243.06;232.52;0.72;235.09;221.44;0.79;254.93;236.02;0.6;247.34;235.25;0.57;255.71;254.69;0.7;242.29;251.97;0.41;257.26;270.64;0.82;256.87;269.86;0.45;137.24;115.46;176.81;123.99;172.67;158.37;14.34;33.73;5.76;6.37;
222;1;168.36;166.57;0.7;169.38;164.52;0.66;168.87;164.77;0.6;172.96;167.59;0.58;175.52;166.82;0.48;176.29;176.29;0.58;175.52;175.77;0.58;177.56;192.66;0.41;166.57;160.43;0.53;169.64;190.87;0.44;158.12;151.73;0.56;190.1;201.1;0.69;189.08;201.1;0.67;186.77;221.05;0.67;181.15;220.79;0.65;194.19;242.02;0.74;184.47;241.51;0.75;72.81;166.11;151.06;148.95;141.43;129.91;24.64;177.91;2.86;5.38;
223;0;249.49;205.6;0.88;251.23;204.24;0.84;248.52;204.05;0.89;255.31;206.38;0.87;247.16;205.99;0.67;257.25;215.69;0.76;246.0;214.72;0.77;253.17;227.52;0.76;241.92;222.09;0.73;243.86;232.37;0.72;235.91;221.51;0.78;255.5;235.67;0.63;247.35;234.9;0.6;256.08;254.68;0.71;242.31;251.39;0.44;257.44;270.59;0.83;256.67;269.62;0.42;136.51;113.4;176.87;124.78;173.25;159.14;14.0;32.78;24.39;24.65;
223;1;167.83;167.66;0.71;169.07;165.91;0.68;168.33;165.91;0.61;172.82;167.66;0.6;177.06;166.91;0.47;177.31;176.64;0.58;175.06;175.39;0.58;177.81;193.61;0.41;164.83;162.67;0.59;171.07;190.37;0.45;154.85;155.68;0.66;190.29;201.35;0.71;188.79;201.6;0.69;186.29;221.06;0.65;181.3;221.06;0.65;193.03;242.77;0.73;183.3;242.28;0.73;62.61;163.79;151.31;153.59;140.84;131.32;26.03;168.85;45.71;154.37;
224;0;249.47;205.64;0.87;251.4;204.28;0.84;248.5;204.09;0.89;255.28;206.41;0.86;247.14;206.02;0.67;257.22;215.91;0.76;245.98;214.74;0.77;252.95;227.73;0.75;241.91;222.11;0.73;243.46;232.57;0.72;235.9;221.53;0.78;255.47;235.67;0.63;247.14;234.9;0.6;256.05;254.66;0.72;242.1;250.79;0.46;257.41;270.55;0.83;256.44;269.59;0.41;136.86;113.4;176.87;125.07;173.2;159.11;14.79;32.23;13.52;0.54;
224;1;168.1;168.17;0.7;169.1;166.18;0.67;168.35;166.43;0.6;172.58;167.92;0.59;177.31;167.18;0.48;177.06;177.13;0.58;175.07;175.63;0.58;177.8;193.79;0.43;165.12;162.7;0.59;171.09;190.06;0.45;154.92;155.73;0.67;190.24;201.25;0.7;189.0;201.5;0.68;185.27;221.16;0.64;183.52;221.16;0.64;192.98;242.8;0.72;193.47;242.55;0.72;58.38;161.9;146.35;139.49;137.31;136.14;26.09;170.73;9.26;2.56;
225;0;167.5;167.98;0.69;168.99;165.99;0.66;167.99;166.24;0.6;172.95;167.48;0.6;176.42;167.48;0.43;177.66;176.9;0.59;175.18;175.91;0.58;179.64;193.5;0.35;164.28;164.01;0.57;171.71;190.28;0.43;153.62;158.06;0.63;190.05;201.43;0.71;188.57;201.68;0.68;180.39;221.01;0.66;187.33;221.26;0.65;192.53;243.07;0.72;192.53;242.82;0.74;61.08;161.68;124.89;162.81;126.93;148.94;19.99;164.93;2505.42;3126.03;
225;1;249.51;205.75;0.87;251.45;204.39;0.84;248.74;204.2;0.89;255.53;206.33;0.87;247.38;206.14;0.66;257.47;216.23;0.77;246.02;214.68;0.77;253.01;227.88;0.75;242.33;222.25;0.73;243.11;232.92;0.74;236.31;221.66;0.78;255.72;235.06;0.63;247.18;234.28;0.6;256.31;254.47;0.71;242.33;250.39;0.49;257.66;270.58;0.83;256.5;250.97;0.41;137.99;110.45;176.9;75.59;172.98;159.84;15.67;29.37;2521.3;3151.23;
226;0;250.04;205.81;0.86;251.98;204.45;0.82;249.07;204.26;0.88;256.05;206.59;0.86;247.9;206.2;0.66;257.8;216.09;0.77;246.74;214.93;0.76;253.72;227.74;0.75;242.66;222.69;0.72;243.63;232.97;0.73;237.04;221.72;0.75;256.24;235.69;0.61;248.1;234.91;0.57;256.83;255.09;0.7;242.86;252.57;0.39;258.18;271.0;0.81;257.21;270.22;0.44;136.73;107.92;176.84;124.36;173.75;159.59;14.76;31.59;2516.13;3156.74;
226;1;166.72;167.81;0.7;167.68;166.14;0.69;166.96;166.38;0.62;171.97;167.57;0.64;175.79;166.14;0.47;177.94;176.65;0.62;175.08;175.93;0.61;182.24;193.36;0.37;164.09;167.33;0.53;172.45;190.73;0.44;152.39;163.03;0.62;190.12;201.0;0.72;188.93;201.48;0.69;180.57;220.58;0.66;185.82;221.06;0.64;191.32;243.75;0.71;191.32;243.51;0.73;60.56;162.12;129.11;157.24;127.43;142.53;12.14;156.51;2475.66;3079.76;
227;0;250.22;205.86;0.86;252.16;204.51;0.82;249.25;204.31;0.88;256.04;206.64;0.86;247.9;206.06;0.66;257.79;216.14;0.76;246.73;214.98;0.76;253.52;227.77;0.75;242.66;222.73;0.72;243.63;233.01;0.72;236.85;221.76;0.75;256.23;235.72;0.6;248.29;235.14;0.57;256.82;255.11;0.69;242.86;252.59;0.39;258.17;271.0;0.81;257.01;270.42;0.43;138.03;108.24;176.84;124.29;173.75;158.32;15.61;32.1;0.95;5.84;
227;1;166.39;167.81;0.71;167.59;166.13;0.7;166.87;166.13;0.63;171.9;167.57;0.64;175.72;166.13;0.48;177.88;176.66;0.62;175.01;175.94;0.61;182.19;193.41;0.38;164.0;167.33;0.53;172.37;190.78;0.44;152.27;163.02;0.62;190.08;201.07;0.72;188.65;201.55;0.69;180.75;220.69;0.66;185.54;221.17;0.64;191.28;243.67;0.72;191.28;243.43;0.73;60.56;162.12;129.94;156.52;128.0;142.95;12.14;156.09;2.68;3.66;
228;0;250.68;206.09;0.84;252.62;204.73;0.81;249.71;204.53;0.88;256.7;206.67;0.84;248.35;206.28;0.66;258.45;216.57;0.75;247.58;215.21;0.75;253.98;228.22;0.73;243.5;223.17;0.71;243.69;233.47;0.72;237.67;222.01;0.74;256.7;236.38;0.6;248.74;235.41;0.57;257.48;255.02;0.7;242.92;250.16;0.45;258.64;271.33;0.8;257.48;251.14;0.36;137.97;105.81;178.3;72.27;172.57;155.16;15.93;30.42;13.96;25.97;
228;1;166.71;167.09;0.73;167.19;165.42;0.68;166.47;165.18;0.6;170.28;167.8;0.57;173.62;166.13;0.48;177.19;176.61;0.61;176.95;176.13;0.62;180.76;193.98;0.39;180.76;170.66;0.35;171.95;190.65;0.41;151.24;167.32;0.45;190.28;201.84;0.71;190.52;201.84;0.7;178.61;221.12;0.69;186.95;222.07;0.66;180.76;243.5;0.73;190.52;244.45;0.77;57.66;61.62;143.36;160.93;121.41;142.17;15.81;117.35;13.35;133.16;
229;0;250.66;206.09;0.85;252.6;204.74;0.82;249.69;204.54;0.89;256.67;206.68;0.84;248.53;206.29;0.67;258.42;216.57;0.76;247.56;215.21;0.75;253.77;228.2;0.73;243.49;223.16;0.71;243.68;233.44;0.73;237.67;221.99;0.75;256.67;236.54;0.61;248.72;235.57;0.57;257.26;254.96;0.7;242.91;250.11;0.46;258.81;271.25;0.8;257.64;251.28;0.36;139.24;105.81;176.37;72.71;173.2;154.93;16.81;30.39;0.97;0.46;
229;1;166.7;167.48;0.73;167.41;166.05;0.71;166.94;165.1;0.57;170.27;167.95;0.58;173.6;166.05;0.49;177.4;176.76;0.61;177.16;176.28;0.61;181.45;192.69;0.37;180.97;170.81;0.36;172.64;191.03;0.41;151.24;167.48;0.46;190.25;201.5;0.7;190.49;201.73;0.69;178.83;221.0;0.74;187.16;222.43;0.7;180.26;244.08;0.75;190.72;245.03;0.82;65.05;61.57;146.12;161.89;122.22;143.23;13.2;117.55;23.81;4.68;
230;0;250.98;206.1;0.85;252.92;204.74;0.82;250.01;204.54;0.88;257.19;206.87;0.84;248.85;206.29;0.65;258.74;216.37;0.76;247.88;215.21;0.75;254.28;228.2;0.74;243.8;223.36;0.71;244.0;233.44;0.72;237.99;222.19;0.75;257.19;235.96;0.6;248.85;234.99;0.56;257.57;254.97;0.7;243.42;250.12;0.47;258.93;271.26;0.8;257.77;251.28;0.37;137.65;105.26;176.41;74.89;174.3;157.45;16.13;29.37;9.52;11.2;
230;1;166.45;167.81;0.75;166.92;166.38;0.73;166.45;165.67;0.59;169.79;167.81;0.6;174.08;166.62;0.52;177.66;177.12;0.62;177.66;176.88;0.62;181.95;191.19;0.39;181.72;190.72;0.38;172.65;191.19;0.4;172.65;169.25;0.34;190.07;201.21;0.7;190.3;201.45;0.69;178.61;221.25;0.74;186.96;222.21;0.71;179.57;244.4;0.78;190.3;245.11;0.84;73.03;6.55;147.89;162.56;123.01;143.63;10.28;10.89;4.98;646.44;
231;0;251.47;206.46;0.84;253.41;205.1;0.82;250.69;204.71;0.88;257.68;206.85;0.84;249.53;206.65;0.65;259.42;217.33;0.76;248.56;215.39;0.75;254.18;228.97;0.74;244.29;223.54;0.71;244.29;234.02;0.73;238.85;222.37;0.74;257.48;237.12;0.6;249.33;235.76;0.57;258.07;255.36;0.71;243.9;250.51;0.49;259.62;271.47;0.8;258.07;251.29;0.35;141.24;105.55;176.32;72.91;172.57;157.59;18.63;29.83;19.39;26.66;
231;1;165.1;167.48;0.75;165.33;166.3;0.67;165.81;166.3;0.61;168.66;167.96;0.63;173.89;165.82;0.5;176.98;176.99;0.6;174.84;176.75;0.62;181.26;177.23;0.32;161.29;176.28;0.45;173.18;174.61;0.34;149.64;174.38;0.53;189.82;201.95;0.73;189.82;202.43;0.72;178.64;221.68;0.74;186.73;222.63;0.71;178.64;244.74;0.78;189.58;245.21;0.78;14.75;172.74;150.48;164.11;123.26;141.05;59.6;122.27;499.03;709.11;
232;0;251.47;206.46;0.84;253.41;205.1;0.82;250.69;204.71;0.88;257.68;206.85;0.84;249.53;206.65;0.65;259.42;217.33;0.76;248.56;215.39;0.75;254.18;228.97;0.74;244.29;223.54;0.71;244.29;234.01;0.73;238.85;222.37;0.74;257.48;237.12;0.6;249.33;235.76;0.56;258.06;255.36;0.71;243.9;250.51;0.49;259.62;271.47;0.8;258.06;251.29;0.35;141.24;105.55;176.32;72.91;172.57;157.59;18.63;29.83;0.05;0.05;
232;1;165.09;167.48;0.75;165.33;166.3;0.67;165.81;166.3;0.62;168.66;167.96;0.63;173.89;165.82;0.5;176.98;176.99;0.6;174.84;176.76;0.62;181.26;177.23;0.32;161.29;176.28;0.45;173.18;174.62;0.34;149.64;174.38;0.53;189.82;201.95;0.73;189.82;202.43;0.72;178.64;221.68;0.74;186.73;222.63;0.71;178.64;244.5;0.78;189.58;245.21;0.78;14.75;172.74;150.48;164.11;123.26;141.05;59.6;122.27;0.04;0.04;
233;0;252.32;206.78;0.83;254.27;205.41;0.81;251.34;205.02;0.88;258.38;207.17;0.85;250.17;206.97;0.67;259.95;217.34;0.77;249.38;215.77;0.75;255.06;229.27;0.74;245.28;223.79;0.71;244.88;233.96;0.72;239.21;222.42;0.75;257.99;237.88;0.6;249.97;236.51;0.56;258.58;255.68;0.73;244.49;250.79;0.51;260.34;271.72;0.8;258.77;251.37;0.35;137.06;104.4;175.62;71.37;172.67;157.39;16.85;28.74;18.05;10.92;
233;1;165.49;170.77;0.7;165.96;169.13;0.68;165.49;169.37;0.6;169.24;170.07;0.6;172.99;169.13;0.46;178.61;179.21;0.59;176.27;179.44;0.59;185.88;192.8;0.37;184.24;191.63;0.33;175.1;192.8;0.33;174.4;178.27;0.3;190.8;202.64;0.67;189.39;203.11;0.65;178.61;222.32;0.64;185.88;222.79;0.65;178.15;245.05;0.67;188.22;245.05;0.7;61.88;3.21;149.42;163.87;120.77;140.87;0.65;4.17;550.05;753.82;
234;0;252.15;206.81;0.84;254.11;205.44;0.82;251.36;205.05;0.89;258.41;207.2;0.85;249.99;207.0;0.67;259.98;217.19;0.77;249.21;215.81;0.75;255.09;229.13;0.74;245.1;223.84;0.72;244.9;234.02;0.73;239.42;222.47;0.75;258.02;237.55;0.59;249.6;236.37;0.57;258.61;255.76;0.72;244.51;250.67;0.52;260.37;271.82;0.81;258.22;252.04;0.34;137.96;103.55;175.58;76.11;172.66;159.3;16.79;28.21;1.89;6.42;
234;1;165.39;170.36;0.69;165.63;168.95;0.66;165.39;169.18;0.58;168.91;169.65;0.61;173.59;168.71;0.44;178.05;179.03;0.58;175.24;179.03;0.58;185.55;193.79;0.34;162.81;177.39;0.36;175.0;193.32;0.36;152.04;177.85;0.44;190.47;202.7;0.68;189.3;203.16;0.66;178.75;222.38;0.65;186.02;222.85;0.65;178.05;244.88;0.69;188.59;245.11;0.7;60.53;169.99;151.03;163.93;121.55;140.32;0.76;127.75;16.0;672.84;
235;0;252.63;206.59;0.84;254.59;205.22;0.8;251.65;205.02;0.87;258.52;207.18;0.83;250.47;206.99;0.67;260.29;217.2;0.77;249.68;215.83;0.75;255.38;228.99;0.73;245.56;224.08;0.72;244.97;234.29;0.74;239.86;222.7;0.74;258.52;237.24;0.6;250.27;235.86;0.57;258.92;255.9;0.72;244.97;250.4;0.52;260.68;272.01;0.81;258.92;252.36;0.37;139.62;102.99;174.94;77.97;173.75;158.27;17.58;28.25;8.23;14.96;
235;1;165.08;170.7;0.69;165.31;169.06;0.68;165.08;169.06;0.59;168.13;170.0;0.61;173.53;168.82;0.47;177.99;179.62;0.59;176.35;179.86;0.6;184.1;194.88;0.39;183.63;193.24;0.35;175.18;193.24;0.35;152.17;179.15;0.3;190.44;202.63;0.67;189.97;203.1;0.64;178.46;222.35;0.66;186.21;223.06;0.66;177.52;245.13;0.69;188.09;245.6;0.71;57.76;37.34;151.1;164.58;120.33;138.98;6.6;1.82;5.79;39.29;
236;0;253.28;206.94;0.85;255.04;205.76;0.8;252.49;205.37;0.89;259.37;207.34;0.85;251.31;207.34;0.68;260.94;217.36;0.77;250.33;215.79;0.76;256.22;229.35;0.75;246.59;224.24;0.73;245.61;234.65;0.75;240.5;223.06;0.76;259.17;237.41;0.6;250.52;235.83;0.58;259.37;256.08;0.72;245.22;249.59;0.6;261.33;272.39;0.82;258.39;253.91;0.44;138.04;102.88;173.73;87.09;174.35;158.35;16.43;24.4;22.2;22.05;
236;1;164.77;172.04;0.74;164.77;170.19;0.73;164.08;169.73;0.6;168.94;171.12;0.6;171.25;170.43;0.48;178.42;180.14;0.6;177.26;180.14;0.59;186.05;194.71;0.42;185.59;193.32;0.38;176.8;195.41;0.42;177.03;194.25;0.27;191.6;203.27;0.69;190.45;203.5;0.66;177.96;222.93;0.71;186.05;223.85;0.67;176.11;245.83;0.74;187.67;246.52;0.76;66.64;63.89;149.85;163.73;115.55;138.38;2.04;2.84;81.44;875.12;
237;0;253.27;206.92;0.85;255.24;205.74;0.8;252.49;205.35;0.89;259.37;207.51;0.85;251.31;207.31;0.68;260.94;217.34;0.78;250.32;215.77;0.77;256.22;229.33;0.75;246.59;224.22;0.74;245.61;234.64;0.75;240.5;223.04;0.77;259.17;237.19;0.6;250.52;235.82;0.59;259.37;256.06;0.72;245.21;249.58;0.61;261.33;272.38;0.82;258.38;254.1;0.45;138.04;102.88;173.73;87.85;174.31;158.35;16.38;24.4;0.55;0.63;
237;1;164.64;172.11;0.74;164.87;170.25;0.72;163.94;169.79;0.6;169.05;171.18;0.61;171.14;170.72;0.48;178.57;180.24;0.61;177.41;180.47;0.59;186.46;194.64;0.43;185.77;193.24;0.4;176.71;195.33;0.44;176.94;194.4;0.29;191.57;203.46;0.69;190.41;203.46;0.66;177.87;222.96;0.72;186.23;223.89;0.68;176.01;245.95;0.75;187.62;246.88;0.77;65.35;64.29;149.54;164.97;115.67;138.94;0.51;3.71;3.55;5.4;
238;0;253.89;207.26;0.84;255.85;205.89;0.79;253.11;205.7;0.87;259.97;207.66;0.84;251.93;207.66;0.67;261.73;217.85;0.76;251.15;216.28;0.76;256.83;229.81;0.74;247.23;224.51;0.73;246.44;235.1;0.75;241.35;223.34;0.77;260.16;237.26;0.61;251.34;235.69;0.58;260.16;256.66;0.73;246.05;250.0;0.56;262.12;272.54;0.83;260.36;254.31;0.41;139.28;104.15;172.96;86.47;175.38;159.12;17.67;26.04;28.73;27.09;
238;1;163.68;173.76;0.7;164.39;171.63;0.69;163.68;171.87;0.61;168.89;172.11;0.65;175.04;171.16;0.44;179.77;181.1;0.6;172.67;181.1;0.61;187.81;196.0;0.47;162.97;185.12;0.49;177.17;197.18;0.48;151.86;191.74;0.61;192.07;203.8;0.72;189.23;204.04;0.69;180.0;223.43;0.65;185.44;223.91;0.66;175.75;246.14;0.65;186.86;246.38;0.66;67.99;171.74;159.05;165.6;119.99;133.4;0.09;103.3;57.24;758.89;
239;0;253.89;207.26;0.84;255.85;205.89;0.78;253.11;205.69;0.87;260.16;207.65;0.84;251.93;207.65;0.67;261.73;217.84;0.76;251.15;216.28;0.75;256.83;229.8;0.74;247.23;224.51;0.73;246.44;235.09;0.74;241.35;223.53;0.76;260.16;237.05;0.61;251.34;235.68;0.58;260.16;256.65;0.72;246.05;249.99;0.57;262.12;272.52;0.83;260.36;254.49;0.42;139.28;106.0;172.96;87.19;175.33;159.12;17.62;26.04;0.28;5.7;
239;1;163.9;173.76;0.7;164.61;171.63;0.69;163.66;171.87;0.61;168.63;171.87;0.65;175.02;171.16;0.45;179.99;181.1;0.61;172.89;181.33;0.61;188.03;195.76;0.47;163.19;185.12;0.49;177.15;197.18;0.49;152.07;191.98;0.61;192.05;203.57;0.72;188.98;204.04;0.69;180.7;223.68;0.64;184.72;223.91;0.65;175.96;246.15;0.63;186.85;246.15;0.64;68.69;169.64;162.43;162.44;122.32;132.59;0.51;103.99;0.54;9.65;
240;0;254.2;207.53;0.84;256.16;205.96;0.79;253.22;205.96;0.87;260.27;207.72;0.85;252.24;207.72;0.69;262.03;217.71;0.75;251.46;216.34;0.75;256.94;229.85;0.72;247.74;224.76;0.73;246.76;235.34;0.71;241.66;223.59;0.77;260.46;237.29;0.61;251.85;235.92;0.58;260.46;256.88;0.73;246.56;250.22;0.54;262.42;272.35;0.82;260.86;254.92;0.39;141.05;102.88;172.79;87.9;175.43;158.56;18.18;24.98;11.98;9.73;
240;1;164.12;175.22;0.67;164.59;173.08;0.67;163.64;173.32;0.59;168.16;172.84;0.62;173.87;171.89;0.44;180.29;181.41;0.61;173.39;181.88;0.61;187.91;195.92;0.47;163.4;187.12;0.46;177.44;198.06;0.49;153.41;194.02;0.57;191.71;204.49;0.71;189.1;204.96;0.67;181.01;224.23;0.64;184.58;224.23;0.64;175.54;246.6;0.63;186.48;246.6;0.64;73.88;173.02;165.28;161.93;125.21;132.57;1.35;96.59;27.94;73.42;
241;0;254.95;207.61;0.85;256.9;206.24;0.8;254.17;206.05;0.87;261.19;208.0;0.83;253.0;208.0;0.67;262.94;217.94;0.75;252.61;216.77;0.74;258.07;230.02;0.72;248.52;224.96;0.72;247.93;235.48;0.71;242.47;223.98;0.75;261.38;238.02;0.6;252.81;236.46;0.57;261.38;257.31;0.71;247.35;250.3;0.55;263.14;272.71;0.8;261.77;256.92;0.43;140.26;107.4;173.5;93.15;175.56;157.91;17.52;27.13;35.66;27.12;
241;1;163.5;177.48;0.71;164.41;175.43;0.69;163.04;175.43;0.63;168.97;174.97;0.62;167.83;174.97;0.44;181.06;182.04;0.61;172.62;183.41;0.62;190.18;195.72;0.51;163.5;190.25;0.52;179.01;199.83;0.55;155.97;198.23;0.63;192.47;205.08;0.72;188.82;205.53;0.68;183.57;224.46;0.63;182.89;224.46;0.61;186.08;247.5;0.65;174.9;247.04;0.64;76.48;170.19;149.14;177.92;129.02;126.4;7.35;89.33;71.09;148.41;
242;0;255.03;207.57;0.85;256.79;206.2;0.8;254.25;206.0;0.88;261.29;207.96;0.83;253.07;207.96;0.67;262.86;217.94;0.74;252.48;216.77;0.74;257.96;230.08;0.72;248.57;224.99;0.72;247.98;235.56;0.72;242.5;224.01;0.75;261.29;237.71;0.6;252.68;236.34;0.57;261.49;257.48;0.7;247.39;250.24;0.56;263.05;272.75;0.79;261.49;257.29;0.45;140.73;106.3;174.71;95.74;174.9;158.61;17.43;26.04;2.78;1.19;
242;1;163.44;177.52;0.71;164.36;175.46;0.69;162.99;175.46;0.63;168.93;174.78;0.62;167.78;175.0;0.44;181.03;182.31;0.62;172.81;183.46;0.62;189.94;196.02;0.51;163.44;190.54;0.51;178.98;199.68;0.54;155.9;198.53;0.63;192.46;205.16;0.71;188.57;205.62;0.67;183.32;224.58;0.63;184.0;224.58;0.61;185.83;247.42;0.64;174.87;247.2;0.63;75.41;170.41;148.52;171.55;128.23;131.03;6.46;88.33;4.68;9.33;
243;0;255.99;207.76;0.84;257.76;206.58;0.78;255.21;206.39;0.86;262.09;208.35;0.83;254.22;208.35;0.67;263.86;218.18;0.75;253.44;216.81;0.75;258.74;230.18;0.73;249.7;225.46;0.72;248.52;236.08;0.73;243.6;224.48;0.74;262.09;238.04;0.6;253.63;236.67;0.57;262.09;257.12;0.7;248.52;250.63;0.56;264.05;273.05;0.81;262.28;262.23;0.52;143.07;104.19;172.96;110.01;174.91;159.32;17.99;23.92;22.46;36.0;
243;1;163.78;179.63;0.71;164.45;177.4;0.69;163.34;177.4;0.61;169.14;176.5;0.63;168.7;176.5;0.47;180.76;182.76;0.62;172.94;184.99;0.61;191.47;194.59;0.54;165.57;193.03;0.53;180.09;201.74;0.59;157.98;201.29;0.64;192.59;205.98;0.72;189.02;206.43;0.68;183.43;225.41;0.63;184.33;225.41;0.61;174.06;247.52;0.64;185.89;247.3;0.64;79.94;179.93;177.76;162.04;127.76;129.25;15.16;79.38;70.42;103.8;
244;0;163.82;179.92;0.72;164.26;177.47;0.7;163.37;177.47;0.62;169.16;176.58;0.64;168.49;176.58;0.47;180.96;182.81;0.62;173.17;185.04;0.61;191.19;195.28;0.53;165.82;192.83;0.53;180.07;201.73;0.58;158.03;201.29;0.64;192.53;205.96;0.72;189.19;206.41;0.68;183.4;225.32;0.63;184.29;225.32;0.61;174.06;247.58;0.63;185.85;247.36;0.64;80.71;179.33;177.55;161.44;128.2;128.62;12.84;80.19;2304.02;2667.19;
244;1;255.98;207.78;0.84;257.75;206.6;0.79;255.19;206.4;0.87;262.07;208.37;0.84;254.4;208.37;0.67;263.84;218.2;0.75;253.42;216.83;0.75;258.73;230.2;0.73;249.68;225.48;0.72;248.5;236.1;0.73;243.59;224.5;0.74;261.88;238.26;0.6;253.62;236.89;0.57;262.07;256.95;0.7;248.5;250.65;0.57;264.04;272.88;0.81;262.07;261.67;0.51;143.07;104.19;173.57;108.69;173.8;159.06;17.49;23.92;2303.26;2668.39;
245;0;164.49;180.4;0.69;164.71;177.97;0.68;164.05;177.75;0.6;169.8;177.08;0.63;169.8;176.64;0.46;181.06;183.49;0.61;174.21;185.26;0.61;190.78;196.08;0.5;167.14;193.21;0.5;180.18;202.71;0.58;159.63;202.71;0.61;192.99;206.24;0.72;189.46;206.69;0.69;182.61;225.68;0.61;185.26;225.9;0.6;173.55;247.77;0.64;186.58;248.0;0.65;84.34;176.7;174.19;164.25;124.23;132.25;10.0;77.06;29.58;64.46;
245;1;256.27;207.86;0.82;258.23;206.69;0.78;255.68;206.29;0.85;262.55;208.45;0.83;254.7;208.26;0.67;264.12;218.07;0.74;254.11;216.9;0.73;259.02;230.05;0.71;250.38;225.53;0.69;248.81;236.14;0.71;244.29;224.75;0.72;262.16;238.69;0.59;254.3;237.31;0.57;262.35;256.95;0.66;249.0;250.67;0.58;264.51;272.85;0.77;261.57;260.68;0.61;143.89;106.0;172.88;106.89;173.94;157.79;17.64;23.91;9.18;22.49;
246;0;257.34;207.9;0.82;259.12;206.71;0.79;256.55;206.31;0.85;263.47;208.29;0.82;255.76;208.29;0.65;265.25;217.98;0.73;255.37;217.18;0.72;259.91;230.23;0.71;251.61;225.68;0.69;249.83;236.16;0.72;245.29;224.89;0.72;263.27;238.53;0.58;255.37;237.34;0.56;263.67;257.11;0.67;250.43;250.98;0.59;265.64;272.92;0.79;261.89;261.65;0.68;144.0;106.71;174.09;113.04;173.29;160.08;18.04;23.84;2324.58;2661.83;
246;1;165.88;182.36;0.71;165.66;180.19;0.7;165.23;179.97;0.61;170.43;179.1;0.66;170.43;178.89;0.48;181.5;184.09;0.62;174.78;186.7;0.61;192.57;196.03;0.55;169.13;195.16;0.48;182.15;204.5;0.6;161.97;205.15;0.57;193.44;207.53;0.72;190.18;207.97;0.68;181.07;226.2;0.63;185.63;226.85;0.62;173.47;247.69;0.68;186.5;248.77;0.68;86.25;178.03;165.93;164.16;119.48;130.51;15.85;69.61;2219.6;2545.74;
247;0;257.17;207.9;0.83;259.15;206.71;0.8;256.57;206.31;0.87;263.51;208.3;0.82;255.98;208.1;0.66;265.1;218.21;0.73;255.38;217.22;0.73;259.94;230.1;0.7;251.62;225.54;0.68;249.83;236.04;0.71;245.28;224.95;0.71;262.91;239.02;0.59;255.58;237.83;0.57;263.71;257.05;0.67;250.43;251.11;0.58;265.69;272.91;0.78;261.73;261.41;0.68;143.89;108.99;175.39;111.16;171.5;158.24;17.45;24.89;3.38;1.65;
247;1;165.82;182.57;0.71;165.82;180.4;0.7;165.17;180.18;0.61;170.6;179.31;0.65;170.38;178.88;0.48;181.68;184.31;0.62;174.73;186.91;0.62;192.54;195.82;0.55;169.51;194.73;0.48;182.33;204.51;0.59;162.13;204.94;0.55;193.41;207.55;0.72;190.37;207.98;0.68;181.46;226.01;0.63;185.59;226.66;0.62;173.42;247.51;0.68;186.46;248.6;0.68;87.07;177.81;167.59;163.38;120.32;129.07;16.55;70.28;5.27;7.86;
248;0;258.26;207.88;0.81;260.23;206.5;0.78;257.47;206.31;0.85;264.37;208.08;0.81;256.69;208.08;0.67;265.95;217.94;0.73;256.49;216.95;0.72;261.02;230.16;0.7;253.34;225.43;0.67;250.77;236.26;0.72;246.83;225.43;0.71;263.98;238.63;0.59;256.49;237.45;0.57;264.77;256.76;0.68;251.17;250.85;0.61;266.74;273.12;0.8;262.01;260.9;0.69;142.76;110.41;175.62;111.18;172.07;158.34;16.52;20.41;29.02;48.98;
248;1;166.22;184.43;0.75;166.22;182.5;0.74;165.79;182.5;0.63;170.51;180.79;0.67;171.37;180.14;0.51;181.87;184.22;0.64;175.23;187.86;0.61;194.09;195.8;0.57;170.94;195.8;0.49;183.8;206.3;0.59;164.93;203.3;0.55;193.88;208.45;0.71;190.66;208.87;0.66;184.44;227.1;0.62;181.66;227.1;0.6;186.16;248.33;0.65;173.51;247.68;0.63;89.04;169.73;148.55;175.3;126.81;117.4;20.19;64.7;69.86;97.7;
249;0;258.26;207.8;0.81;260.03;206.42;0.78;257.47;206.23;0.85;264.37;208.0;0.81;256.88;208.0;0.66;265.95;217.86;0.73;256.48;216.88;0.72;261.02;230.09;0.7;253.33;225.36;0.67;250.96;236.21;0.71;246.62;225.36;0.71;263.98;238.57;0.6;256.48;237.59;0.58;264.77;256.72;0.69;251.16;250.8;0.61;266.74;273.09;0.8;262.01;260.86;0.69;143.25;110.41;175.62;110.89;172.07;158.05;16.52;20.41;5.88;6.65;
249;1;166.32;184.41;0.76;166.32;182.49;0.75;165.68;182.49;0.63;170.38;180.78;0.67;171.66;180.14;0.51;182.11;184.2;0.64;174.86;188.04;0.62;194.28;196.15;0.57;170.38;196.15;0.5;183.82;206.4;0.6;164.83;203.83;0.57;193.85;208.53;0.72;190.65;208.96;0.66;183.4;226.88;0.62;184.25;227.1;0.59;173.15;247.8;0.64;186.38;248.01;0.66;88.9;173.09;176.42;154.73;124.57;123.5;19.75;65.98;2.9;16.4;
250;0;258.68;208.04;0.81;260.65;206.66;0.77;258.09;206.46;0.85;264.79;208.23;0.82;257.3;208.23;0.67;266.56;218.09;0.73;256.9;216.91;0.74;261.83;230.11;0.71;253.75;225.58;0.7;251.58;236.22;0.73;247.25;225.38;0.73;264.59;237.99;0.6;256.9;237.01;0.59;265.18;256.71;0.69;251.19;250.6;0.65;267.15;273.27;0.8;261.44;260.26;0.7;142.28;108.25;175.02;110.5;172.54;157.2;15.82;19.98;18.74;18.86;
250;1;166.89;184.83;0.74;166.67;182.92;0.72;166.46;182.92;0.63;171.14;181.43;0.66;171.57;180.79;0.49;182.2;185.05;0.63;175.39;188.24;0.61;193.69;196.96;0.56;170.93;196.74;0.5;183.69;207.38;0.58;165.61;205.04;0.59;194.11;209.08;0.71;191.13;209.29;0.67;184.75;227.37;0.63;181.56;227.16;0.61;186.03;248.64;0.66;173.69;247.58;0.64;92.24;175.04;149.47;172.9;126.54;115.04;17.6;64.48;29.83;43.21;
251;0;259.24;207.61;0.83;261.22;206.23;0.8;258.85;206.03;0.87;265.76;207.81;0.83;258.26;207.81;0.66;267.34;218.28;0.72;258.06;216.7;0.73;262.41;230.33;0.71;254.7;225.2;0.68;252.53;236.26;0.72;247.78;225.2;0.71;265.37;238.63;0.6;257.86;237.25;0.58;266.16;257.01;0.7;252.33;250.68;0.63;267.94;272.81;0.81;261.61;261.35;0.7;143.25;111.57;176.04;116.58;171.99;158.17;16.74;21.02;28.43;17.08;
251;1;166.23;185.48;0.75;166.43;183.84;0.73;165.81;183.22;0.65;170.54;182.4;0.65;170.13;182.4;0.48;181.44;185.89;0.61;174.45;189.8;0.58;195.02;196.59;0.56;170.96;198.85;0.49;186.38;208.1;0.54;166.23;207.49;0.52;194.4;208.92;0.69;191.52;209.34;0.63;184.32;227.43;0.62;183.09;227.43;0.58;186.17;248.82;0.63;186.17;248.2;0.58;91.36;172.42;146.49;146.57;122.08;113.88;22.41;62.27;83.79;75.89;
