frame;person_id;nose_x;nose_y;nose_conf;left_eye_x;left_eye_y;left_eye_conf;right_eye_x;right_eye_y;right_eye_conf;left_ear_x;left_ear_y;left_ear_conf;right_ear_x;right_ear_y;right_ear_conf;left_shoulder_x;left_shoulder_y;left_shoulder_conf;right_shoulder_x;right_shoulder_y;right_shoulder_conf;left_elbow_x;left_elbow_y;left_elbow_conf;right_elbow_x;right_elbow_y;right_elbow_conf;left_wrist_x;left_wrist_y;left_wrist_conf;right_wrist_x;right_wrist_y;right_wrist_conf;left_hip_x;left_hip_y;left_hip_conf;right_hip_x;right_hip_y;right_hip_conf;left_knee_x;left_knee_y;left_knee_conf;right_knee_x;right_knee_y;right_knee_conf;left_ankle_x;left_ankle_y;left_ankle_conf;right_ankle_x;right_ankle_y;right_ankle_conf;left_elbow_angle_2d_proj;right_elbow_angle_2d_proj;left_knee_angle_2d_proj;right_knee_angle_2d_proj;left_hip_angle_2d_proj;right_hip_angle_2d_proj;left_shoulder_angle_2d_proj;right_shoulder_angle_2d_proj;left_apparent_shoulder_rotation_2d_deg;right_apparent_shoulder_rotation_2d_deg;body_height_px;left_wrist_apparent_velocity_px_s;right_wrist_apparent_velocity_px_s;detected_event
0;0;1492.48;585.8;0.94;1494.06;579.52;0.94;1494.58;580.04;0.89;1502.96;583.18;0.7;1517.63;585.8;0.46;1511.34;624.57;0.8;1530.2;620.38;0.75;1516.58;681.67;0.8;1519.2;675.91;0.72;1510.82;728.29;0.77;1483.58;700.0;0.78;1517.63;725.67;0.71;1532.82;723.57;0.7;1506.1;781.72;0.78;1518.15;775.96;0.75;1540.68;852.44;0.8;1549.58;839.87;0.81;167.71;135.28;142.33;138.17;164.82;162.9;1.68;12.66;178.32;167.34;260.35;;;
0;1;1143.76;571.16;0.98;1147.61;566.96;0.96;1140.95;566.96;0.99;1156.02;568.36;0.89;1136.75;569.41;0.71;1167.93;592.18;0.86;1127.99;596.04;0.87;1175.99;623.36;0.88;1121.33;624.07;0.81;1154.97;626.52;0.83;1127.64;628.27;0.78;1160.22;655.95;0.79;1140.25;656.65;0.8;1157.42;695.19;0.81;1143.41;696.24;0.84;1158.82;741.09;0.83;1151.46;737.23;0.82;84.04;110.33;174.17;173.43;177.19;173.12;21.38;24.8;158.62;155.2;168.0;;;
1;0;1491.88;584.87;0.95;1493.46;579.1;0.96;1493.98;580.15;0.91;1500.81;581.72;0.73;1517.08;583.82;0.49;1511.3;622.66;0.81;1530.2;618.99;0.75;1516.03;679.35;0.82;1520.23;675.67;0.74;1509.2;727.64;0.78;1487.16;700.34;0.79;1518.13;721.34;0.73;1530.72;718.71;0.71;1508.15;779.6;0.79;1516.03;771.72;0.75;1541.22;852.03;0.8;1546.99;834.71;0.82;167.19;136.7;145.75;138.32;166.33;164.2;0.81;10.28;179.19;169.72;258.5;52.43;108.23;
1;1;1143.56;571.01;0.98;1147.44;566.43;0.96;1140.39;566.78;0.99;1155.55;568.19;0.89;1136.52;569.25;0.71;1167.53;592.15;0.86;1128.06;596.03;0.87;1175.63;623.16;0.88;1121.01;624.22;0.81;1155.19;626.68;0.84;1127.36;628.44;0.78;1160.13;655.93;0.8;1140.04;656.28;0.81;1156.95;694.69;0.81;1143.21;695.75;0.84;1158.36;741.2;0.83;1151.32;737.33;0.82;85.14;109.65;173.59;173.56;178.06;173.35;21.27;25.28;158.73;154.72;168.26;8.37;10.05;
2;0;1491.94;581.73;0.94;1493.0;576.97;0.92;1494.05;577.5;0.85;1499.87;579.08;0.73;1516.25;580.67;0.46;1511.49;619.78;0.8;1527.87;616.08;0.74;1515.19;676.32;0.79;1522.06;671.04;0.74;1506.21;723.35;0.76;1491.94;701.69;0.79;1520.48;717.01;0.74;1531.05;713.84;0.71;1512.02;775.14;0.76;1514.66;767.74;0.73;1540.56;850.18;0.79;1544.79;833.27;0.81;165.44;141.54;150.9;138.41;166.45;161.24;1.54;7.9;178.46;172.1;260.0;157.24;149.45;
2;1;1143.48;570.73;0.98;1147.32;566.19;0.97;1140.34;566.54;1.0;1155.35;568.29;0.88;1136.5;569.33;0.7;1167.22;592.72;0.86;1127.77;596.21;0.87;1175.25;623.44;0.88;1121.14;624.14;0.81;1154.3;626.58;0.83;1127.43;628.33;0.77;1159.89;655.9;0.8;1139.64;656.6;0.81;1156.75;695.35;0.81;1143.13;696.39;0.84;1158.49;741.42;0.83;1151.16;737.58;0.82;83.88;110.33;173.28;173.98;177.94;173.89;21.27;24.48;158.73;155.52;168.78;26.92;4.14;
3;0;1488.82;570.91;0.92;1490.44;566.04;0.94;1490.98;566.04;0.81;1497.49;569.29;0.64;1500.19;569.83;0.36;1511.57;609.92;0.81;1526.2;606.12;0.76;1514.82;662.47;0.78;1535.95;658.67;0.76;1498.57;707.43;0.83;1521.86;700.39;0.6;1520.24;706.35;0.73;1529.45;704.72;0.68;1518.07;774.61;0.75;1503.99;757.81;0.78;1537.03;844.49;0.81;1539.74;828.24;0.83;156.59;150.83;163.0;127.46;173.05;152.49;1.6;8.62;178.4;171.38;265.46;531.45;901.33;
3;1;1142.64;570.56;0.98;1146.84;566.01;0.97;1139.84;566.01;1.0;1154.54;568.11;0.86;1135.64;569.16;0.68;1166.44;592.96;0.86;1126.9;596.46;0.88;1174.14;623.4;0.88;1120.25;624.45;0.81;1153.49;626.55;0.83;1127.25;628.3;0.78;1159.09;656.3;0.79;1139.14;657.0;0.8;1156.29;694.79;0.81;1142.64;696.54;0.84;1158.04;741.33;0.83;1150.69;738.18;0.83;84.48;105.45;173.69;174.12;177.54;173.62;20.81;24.8;159.19;155.2;169.2;24.47;5.45;
4;0;1488.72;570.92;0.92;1490.34;566.04;0.93;1490.89;566.04;0.81;1497.39;569.3;0.63;1500.1;569.84;0.35;1511.49;609.95;0.81;1526.12;606.16;0.76;1514.74;662.54;0.78;1535.34;658.75;0.77;1498.48;706.99;0.83;1521.79;699.95;0.6;1520.16;706.45;0.73;1529.38;704.28;0.68;1518.53;774.76;0.75;1503.9;757.95;0.78;1536.97;844.69;0.81;1539.68;828.43;0.83;156.37;151.85;163.87;127.69;173.5;152.71;1.6;8.04;178.4;171.96;265.64;13.44;13.49;
4;1;1142.68;570.58;0.98;1146.53;566.03;0.97;1139.53;566.03;1.0;1154.58;568.13;0.86;1135.68;569.18;0.68;1166.48;592.98;0.86;1126.93;596.13;0.87;1174.18;623.43;0.88;1120.28;624.13;0.81;1153.53;626.58;0.83;1126.93;628.33;0.78;1159.13;656.33;0.78;1139.18;657.03;0.8;1156.33;694.83;0.8;1142.68;696.58;0.84;1158.08;741.38;0.83;1150.73;737.88;0.82;84.48;108.92;173.69;174.03;177.54;173.68;20.81;24.73;159.19;155.27;169.06;1.38;9.57;
5;0;1488.75;570.84;0.92;1490.37;565.97;0.93;1490.92;565.97;0.81;1497.42;569.22;0.64;1500.13;569.76;0.35;1511.51;609.86;0.81;1526.14;606.07;0.76;1514.76;662.42;0.78;1535.35;658.63;0.77;1498.5;707.4;0.83;1521.8;700.35;0.6;1520.18;706.31;0.73;1529.39;704.69;0.68;1518.01;774.59;0.75;1503.92;758.33;0.78;1536.97;844.49;0.81;1539.14;828.23;0.83;156.59;152.07;163.0;127.86;173.05;152.72;1.6;8.05;178.4;171.95;265.52;12.13;12.21;
5;1;1142.64;570.57;0.98;1146.51;566.0;0.96;1139.83;566.35;0.99;1154.58;568.11;0.86;1135.62;569.16;0.69;1166.52;593.04;0.86;1127.19;596.2;0.87;1174.25;623.59;0.88;1120.52;623.94;0.81;1153.53;626.75;0.83;1126.84;628.15;0.78;1159.15;656.24;0.79;1139.48;657.3;0.8;1156.34;694.87;0.81;1142.64;696.62;0.84;1158.09;741.57;0.83;1150.72;737.71;0.82;84.48;110.17;173.69;173.47;177.51;173.22;20.85;24.9;159.15;155.1;169.07;5.1;5.89;
6;0;1488.71;568.67;0.91;1489.8;563.79;0.92;1490.88;563.79;0.8;1496.31;565.96;0.6;1497.94;567.59;0.32;1512.59;607.2;0.8;1523.99;603.95;0.74;1515.31;659.85;0.79;1531.59;657.14;0.76;1493.6;701.64;0.81;1515.31;696.21;0.61;1521.82;703.27;0.72;1528.33;701.1;0.68;1518.02;769.48;0.75;1505.54;758.63;0.77;1536.47;842.75;0.79;1537.02;828.64;0.81;149.6;149.25;162.58;134.18;171.23;155.83;2.54;5.57;177.46;174.43;267.02;227.58;231.79;
6;1;1142.71;570.54;0.98;1146.56;565.99;0.96;1139.91;566.34;0.99;1154.61;568.44;0.86;1135.71;569.14;0.68;1166.5;592.94;0.86;1126.96;596.43;0.87;1174.2;623.38;0.88;1119.96;624.43;0.81;1153.21;626.53;0.83;1126.96;628.28;0.78;1159.15;656.27;0.79;1139.21;656.97;0.8;1156.36;694.77;0.8;1142.71;696.52;0.83;1158.11;741.31;0.83;1150.76;737.81;0.82;84.34;104.77;173.69;174.03;177.54;173.62;20.81;25.47;159.19;154.53;169.02;11.75;5.18;
7;0;1488.24;569.61;0.9;1489.34;564.12;0.91;1490.43;564.67;0.83;1495.92;566.32;0.59;1508.54;567.96;0.31;1514.03;606.92;0.79;1521.71;604.72;0.72;1516.22;657.4;0.77;1526.65;659.04;0.71;1487.69;697.45;0.79;1504.7;693.61;0.57;1522.81;704.04;0.73;1525.55;701.84;0.68;1515.12;768.78;0.72;1506.89;760.55;0.74;1538.72;841.21;0.77;1533.78;830.23;0.75;142.05;142.39;155.19;141.27;168.07;160.11;2.68;2.93;177.32;177.07;266.11;217.88;328.64;
7;1;1141.98;570.23;0.98;1145.87;565.98;0.97;1139.15;565.98;0.99;1154.0;568.1;0.88;1134.9;569.16;0.7;1165.67;593.21;0.86;1126.06;596.04;0.87;1173.09;623.62;0.88;1119.7;623.62;0.79;1152.58;626.81;0.83;1125.35;627.87;0.78;1158.6;656.16;0.79;1138.79;656.86;0.8;1156.12;694.7;0.81;1142.33;696.12;0.84;1157.89;741.38;0.83;1150.46;737.84;0.82;85.1;113.88;174.16;174.12;177.26;173.33;20.13;24.82;159.87;155.18;169.39;20.47;49.88;
8;0;1487.6;571.75;0.89;1489.25;565.72;0.89;1489.25;566.82;0.83;1496.92;569.01;0.42;1503.5;571.21;0.23;1515.57;609.04;0.78;1519.41;609.59;0.68;1519.96;656.2;0.76;1524.34;661.14;0.67;1482.12;694.04;0.78;1495.83;694.59;0.52;1522.15;707.75;0.71;1522.7;706.1;0.67;1512.83;770.81;0.71;1508.99;765.87;0.71;1542.44;845.94;0.76;1530.92;837.16;0.74;129.69;134.08;150.08;149.98;167.78;165.13;1.5;3.52;178.5;176.48;269.8;196.65;268.61;
8;1;1141.65;570.01;0.96;1145.52;565.79;0.96;1138.84;565.79;0.97;1153.6;567.9;0.86;1134.28;568.6;0.67;1165.54;593.55;0.87;1125.84;596.01;0.87;1172.22;624.11;0.87;1119.52;623.76;0.79;1151.49;626.57;0.82;1124.79;627.63;0.78;1157.81;656.44;0.8;1138.14;657.14;0.8;1156.06;696.49;0.81;1142.0;696.84;0.84;1157.46;741.81;0.83;1150.09;737.95;0.82;84.45;113.42;175.71;174.44;175.5;174.19;19.33;24.21;160.67;155.79;169.87;33.65;18.48;
9;0;1487.39;576.45;0.9;1489.54;570.52;0.91;1489.01;570.52;0.87;1499.25;574.83;0.41;1512.19;575.91;0.21;1518.12;614.73;0.77;1515.97;615.27;0.67;1521.36;660.57;0.76;1520.28;664.34;0.66;1477.68;692.92;0.78;1518.12;695.62;0.47;1522.44;712.87;0.7;1519.74;711.8;0.66;1511.65;777.04;0.74;1511.11;773.81;0.71;1545.09;851.46;0.76;1534.3;841.75;0.72;122.49;171.03;146.27;153.24;167.94;169.84;1.52;2.78;178.48;177.22;270.15;137.65;671.69;
9;1;1141.6;570.05;0.96;1145.45;565.5;0.96;1138.81;565.5;0.98;1153.5;567.95;0.86;1134.61;568.65;0.68;1165.04;593.83;0.86;1125.87;595.93;0.87;1172.03;623.91;0.87;1119.57;623.56;0.78;1150.7;626.71;0.81;1123.77;627.41;0.78;1157.69;656.43;0.79;1138.11;656.78;0.8;1155.59;696.31;0.81;1141.6;697.01;0.84;1157.69;741.77;0.83;1150.0;738.28;0.82;84.38;119.67;174.34;173.47;176.32;173.6;19.78;24.21;160.22;155.79;169.98;24.19;31.47;
10;0;1486.9;580.72;0.9;1490.09;574.32;0.91;1488.5;574.32;0.9;1500.75;578.59;0.38;1511.41;775.72;0.16;1519.4;620.68;0.76;1514.6;621.21;0.66;1522.06;667.56;0.75;1521.0;669.69;0.62;1474.11;693.14;0.78;1519.93;698.46;0.44;1523.66;719.78;0.67;1518.86;717.64;0.63;1508.74;781.58;0.74;1509.27;779.45;0.7;1546.57;854.57;0.75;1536.98;844.45;0.71;114.82;170.37;139.03;148.09;163.97;168.65;0.79;4.98;179.21;175.02;268.8;107.69;101.42;
10;1;1141.43;569.98;0.97;1145.3;565.76;0.96;1138.26;565.76;0.98;1153.4;568.22;0.87;1134.04;568.57;0.68;1164.66;593.91;0.86;1125.59;596.02;0.87;1172.05;624.18;0.87;1118.91;623.48;0.79;1150.93;626.64;0.81;1123.83;627.35;0.78;1157.62;656.56;0.79;1138.26;657.26;0.8;1155.86;695.98;0.81;1141.43;697.03;0.84;1157.27;741.73;0.83;1149.88;738.21;0.82;82.93;114.47;175.68;172.96;176.15;172.86;20.13;25.38;159.87;154.62;169.99;7.31;2.61;
11;0;1486.93;580.69;0.9;1490.12;574.29;0.92;1488.52;574.29;0.9;1500.78;578.56;0.39;1511.44;775.71;0.16;1519.43;620.12;0.77;1514.63;621.19;0.67;1522.09;667.54;0.75;1519.96;669.67;0.63;1474.14;693.12;0.77;1519.96;696.32;0.44;1523.16;720.3;0.68;1518.9;718.16;0.64;1508.77;781.57;0.75;1509.31;779.44;0.71;1546.6;854.57;0.75;1537.01;844.98;0.72;114.86;173.73;139.39;148.19;164.65;168.59;1.08;3.75;178.92;176.25;269.09;0.96;64.62;
11;1;1141.1;569.97;0.96;1145.32;565.75;0.96;1138.29;565.75;0.98;1153.05;568.22;0.86;1134.07;568.57;0.67;1164.66;593.89;0.86;1125.63;596.0;0.87;1172.04;624.13;0.87;1118.94;623.43;0.78;1150.95;626.59;0.81;1123.87;627.29;0.78;1157.63;656.48;0.79;1138.29;657.18;0.8;1155.87;696.22;0.81;1141.45;696.92;0.83;1157.27;741.58;0.83;1149.89;738.06;0.82;82.93;114.47;175.69;172.96;176.12;172.86;20.13;25.38;159.87;154.62;169.85;1.68;1.97;
12;0;1486.81;582.96;0.9;1489.97;577.17;0.92;1488.39;577.17;0.91;1501.54;581.9;0.41;1509.43;775.46;0.16;1519.95;624.51;0.77;1513.64;624.51;0.67;1522.05;673.95;0.76;1519.42;672.9;0.6;1472.61;694.46;0.76;1518.9;695.52;0.42;1523.63;722.87;0.68;1517.85;720.24;0.63;1505.22;783.35;0.73;1505.22;781.25;0.7;1545.72;854.89;0.74;1536.78;845.95;0.7;110.1;171.85;133.55;142.31;160.93;165.79;0.29;4.3;179.71;175.7;267.46;61.15;40.09;
12;1;1141.06;569.98;0.96;1145.25;565.78;0.96;1138.26;565.43;0.98;1152.95;568.23;0.88;1134.06;568.58;0.69;1164.14;593.76;0.86;1125.32;595.86;0.87;1171.48;624.18;0.87;1118.67;623.13;0.78;1150.5;626.63;0.81;1122.87;627.33;0.78;1157.14;656.35;0.79;1137.91;657.05;0.8;1155.39;695.52;0.81;1141.41;696.57;0.83;1157.49;741.33;0.83;1149.8;737.83;0.82;83.08;121.31;174.82;173.56;176.18;173.43;19.95;25.31;160.05;154.69;169.61;13.52;30.02;
13;0;1486.98;583.12;0.88;1489.62;577.85;0.89;1488.04;577.85;0.88;1500.69;582.59;0.4;1508.07;583.65;0.18;1519.14;625.83;0.77;1514.4;625.3;0.67;1519.67;676.97;0.75;1519.67;674.33;0.61;1472.74;697.01;0.78;1517.03;705.44;0.42;1522.31;722.31;0.7;1518.09;719.68;0.65;1503.33;781.89;0.71;1502.27;779.79;0.7;1542.34;852.55;0.74;1536.02;845.16;0.71;112.53;169.02;133.42;137.96;160.45;163.02;1.29;3.9;178.71;176.1;265.74;76.63;303.96;
13;1;1139.88;570.05;0.95;1144.07;565.51;0.95;1137.09;565.51;0.97;1152.09;567.95;0.85;1132.9;569.0;0.66;1163.25;594.12;0.85;1124.18;596.56;0.87;1170.23;624.47;0.86;1118.25;624.12;0.78;1149.3;627.96;0.8;1122.44;628.66;0.77;1156.63;656.22;0.78;1137.09;656.92;0.79;1153.83;694.6;0.8;1140.58;695.99;0.82;1156.28;740.65;0.82;1148.6;737.86;0.81;86.52;125.15;172.8;174.25;178.07;173.03;19.04;24.22;160.96;155.78;169.21;53.91;42.12;
14;0;1486.25;581.91;0.9;1488.92;576.05;0.93;1486.79;576.05;0.9;1500.12;580.31;0.4;1488.92;581.91;0.19;1519.32;622.45;0.78;1514.52;622.98;0.68;1519.32;670.45;0.75;1515.05;674.18;0.65;1476.12;698.71;0.77;1483.59;701.91;0.46;1519.32;720.05;0.73;1522.52;718.45;0.7;1497.45;778.18;0.78;1513.99;777.65;0.76;1539.59;844.84;0.77;1536.92;845.38;0.76;123.2;130.79;127.09;153.09;159.39;167.01;0.0;4.19;180.0;175.81;263.2;113.78;1012.13;
14;1;1139.48;569.35;1.0;1144.03;565.56;0.98;1136.83;565.56;0.99;1151.99;568.21;0.89;1132.28;567.83;0.69;1162.98;593.6;0.88;1123.56;596.64;0.87;1169.8;624.68;0.88;1117.5;623.55;0.8;1148.2;627.71;0.82;1120.91;628.47;0.79;1156.16;656.14;0.8;1136.83;657.28;0.81;1153.5;695.18;0.82;1140.24;696.31;0.84;1155.78;740.66;0.85;1148.2;736.87;0.82;85.61;132.61;173.25;173.89;177.66;172.65;18.61;25.04;161.39;154.96;169.41;33.94;46.24;
15;0;1485.05;578.59;0.92;1487.2;572.69;0.95;1485.59;572.15;0.91;1499.01;575.91;0.38;1489.89;577.52;0.16;1518.34;618.32;0.78;1512.43;618.86;0.67;1518.34;667.17;0.75;1515.65;669.85;0.66;1480.22;698.84;0.77;1492.03;703.67;0.52;1517.8;715.48;0.72;1523.17;714.41;0.7;1497.94;774.0;0.78;1515.65;774.54;0.75;1538.2;842.71;0.77;1535.52;843.79;0.75;129.73;141.46;130.88;156.87;161.57;166.46;0.32;2.8;179.68;177.2;264.65;123.58;259.69;
15;1;1138.88;569.36;1.0;1143.12;565.5;0.98;1136.18;565.5;0.98;1151.23;568.2;0.89;1131.54;567.81;0.7;1162.04;594.06;0.87;1122.66;597.15;0.87;1168.99;624.56;0.88;1117.26;624.94;0.8;1147.37;628.03;0.82;1121.89;629.96;0.77;1155.86;656.21;0.8;1136.56;657.37;0.8;1152.77;695.2;0.81;1139.65;696.74;0.83;1155.48;740.75;0.85;1147.76;737.66;0.82;86.29;126.29;172.08;173.28;178.85;171.49;18.51;24.0;161.49;156.0;169.85;26.7;53.69;
16;0;1484.71;578.62;0.92;1487.39;572.72;0.95;1485.25;572.18;0.91;1499.2;575.94;0.38;1490.08;577.55;0.17;1517.97;618.32;0.78;1512.61;618.86;0.67;1519.05;666.07;0.76;1516.36;669.82;0.67;1480.42;698.79;0.78;1494.37;703.62;0.52;1517.44;715.96;0.72;1523.34;714.35;0.7;1497.59;773.9;0.79;1515.83;774.44;0.75;1538.36;843.11;0.77;1535.14;843.65;0.75;128.98;142.73;130.58;157.28;161.4;166.46;1.6;2.2;178.4;177.8;264.76;6.05;70.24;
16;1;1138.91;569.51;1.0;1143.15;565.67;0.98;1136.22;565.67;0.98;1151.23;567.98;0.9;1131.6;567.98;0.71;1162.39;593.77;0.87;1122.74;596.85;0.87;1168.94;624.56;0.88;1117.36;624.95;0.8;1147.77;628.41;0.83;1121.59;629.95;0.78;1155.85;656.13;0.8;1136.6;657.28;0.8;1152.77;695.39;0.81;1139.68;696.55;0.84;1155.46;740.81;0.85;1147.77;737.73;0.83;88.31;128.91;172.12;173.38;178.49;171.57;17.99;23.77;162.01;156.23;169.76;16.49;9.11;
17;0;1484.62;575.07;0.91;1487.3;568.64;0.93;1485.69;568.64;0.85;1498.55;571.85;0.48;1495.87;572.93;0.24;1517.83;613.64;0.77;1511.94;614.18;0.67;1519.44;661.86;0.76;1521.05;665.07;0.67;1485.15;698.82;0.78;1501.76;702.03;0.54;1516.76;710.61;0.71;1523.73;709.0;0.68;1499.62;771.14;0.79;1516.23;770.07;0.75;1538.73;842.39;0.77;1533.9;840.25;0.76;135.24;142.3;135.43;158.86;164.82;165.91;2.54;3.06;177.46;176.94;266.25;142.52;227.58;
17;1;1138.77;569.4;1.0;1142.94;565.6;0.98;1136.11;565.6;0.99;1150.91;568.26;0.91;1131.18;568.26;0.71;1161.92;594.07;0.87;1122.45;596.72;0.87;1168.75;624.81;0.88;1117.51;623.67;0.81;1147.87;629.36;0.83;1119.79;630.12;0.79;1155.46;655.92;0.8;1136.11;657.44;0.8;1152.43;695.01;0.81;1139.53;696.53;0.84;1155.08;740.93;0.85;1147.49;736.76;0.83;89.78;150.18;172.25;173.79;178.49;172.31;18.48;23.06;161.52;156.94;169.44;28.72;54.35;
18;0;1483.74;573.15;0.91;1486.45;567.75;0.93;1484.28;567.21;0.84;1497.8;569.91;0.64;1498.88;569.91;0.39;1516.73;611.55;0.78;1512.95;611.55;0.69;1517.27;660.23;0.75;1518.9;662.39;0.7;1493.48;703.5;0.77;1499.43;699.71;0.61;1518.35;708.36;0.68;1519.44;706.2;0.63;1506.46;771.64;0.73;1506.46;768.4;0.75;1543.23;841.41;0.74;1530.25;836.54;0.73;150.55;145.77;141.56;148.96;168.39;164.29;0.32;2.75;179.68;177.25;265.82;287.26;99.15;
18;1;1136.98;569.19;1.0;1141.26;565.3;0.98;1134.25;565.3;0.99;1149.44;568.02;0.86;1129.58;568.02;0.66;1159.95;593.72;0.87;1121.4;596.83;0.88;1168.13;625.26;0.88;1116.73;623.7;0.84;1147.88;631.88;0.82;1120.63;632.26;0.77;1154.89;657.18;0.81;1135.03;658.74;0.82;1150.99;695.73;0.82;1138.15;697.28;0.84;1154.5;741.67;0.86;1147.1;737.39;0.83;93.57;145.69;169.87;172.03;178.79;172.21;19.09;22.28;160.91;157.72;170.34;75.72;69.29;
19;0;1483.83;573.11;0.91;1486.54;567.7;0.93;1484.37;567.16;0.84;1497.9;569.87;0.64;1498.98;569.87;0.39;1516.85;611.54;0.78;1513.6;611.54;0.69;1516.85;660.26;0.75;1519.01;662.42;0.7;1493.57;703.56;0.77;1500.07;699.77;0.62;1518.47;708.43;0.68;1519.55;706.26;0.63;1506.56;771.21;0.74;1506.56;768.51;0.75;1543.37;841.58;0.74;1530.38;836.16;0.73;151.74;147.03;141.65;148.82;168.3;164.62;0.96;2.48;179.04;177.52;265.76;3.4;19.39;
19;1;1136.71;569.11;1.01;1140.95;565.64;0.98;1134.39;565.26;0.99;1149.44;567.96;0.87;1129.38;567.96;0.66;1160.24;593.81;0.87;1121.27;596.89;0.88;1167.96;625.05;0.88;1117.03;623.9;0.84;1148.28;632.0;0.82;1120.5;632.0;0.77;1154.84;657.08;0.81;1135.16;658.62;0.82;1150.98;695.27;0.82;1138.25;697.2;0.84;1154.45;741.57;0.86;1147.12;737.32;0.83;95.57;147.87;169.94;172.1;179.11;171.89;18.75;21.61;161.25;158.39;170.33;12.63;8.79;
20;0;1483.63;575.94;0.92;1486.33;570.53;0.95;1484.17;570.53;0.86;1498.23;572.7;0.7;1500.93;572.7;0.45;1516.08;614.34;0.79;1516.62;613.26;0.71;1517.7;664.09;0.77;1518.24;664.09;0.73;1494.44;705.74;0.78;1495.52;697.63;0.71;1518.24;711.15;0.7;1516.62;708.44;0.65;1510.67;776.59;0.74;1506.34;772.26;0.78;1551.23;845.81;0.78;1529.06;839.32;0.77;148.95;144.06;143.03;152.14;172.12;170.85;0.59;1.83;179.41;178.17;266.63;70.69;151.15;
20;1;1136.68;569.09;0.98;1140.87;564.9;0.96;1133.88;564.9;0.99;1148.9;568.04;0.83;1129.34;569.09;0.63;1159.38;593.89;0.84;1119.91;597.03;0.87;1167.42;625.32;0.87;1116.42;624.28;0.82;1146.11;632.66;0.77;1118.16;635.1;0.78;1153.79;656.41;0.8;1134.58;657.81;0.81;1151.0;694.49;0.8;1137.73;696.58;0.83;1154.14;740.59;0.84;1146.46;737.1;0.82;94.66;163.53;171.9;172.47;179.09;171.07;19.44;20.88;160.56;159.12;169.76;68.31;116.99;
21;0;1484.33;579.28;0.93;1486.49;574.43;0.98;1483.79;574.43;0.89;1499.44;576.59;0.78;1505.37;577.13;0.55;1512.39;618.14;0.79;1522.64;615.98;0.72;1516.17;666.71;0.79;1524.8;669.95;0.76;1497.82;713.13;0.79;1495.12;698.55;0.78;1518.87;715.28;0.73;1519.41;713.13;0.66;1511.31;779.51;0.76;1509.15;775.19;0.78;1557.72;848.04;0.8;1531.28;841.03;0.8;153.98;131.65;139.19;152.04;169.48;172.53;0.63;4.2;179.37;175.8;265.25;244.4;30.45;
21;1;1135.46;569.32;0.98;1139.65;565.12;0.97;1132.66;564.77;0.99;1148.03;568.27;0.8;1128.12;569.32;0.59;1158.52;593.78;0.84;1120.08;596.92;0.87;1166.55;625.22;0.87;1116.24;624.18;0.82;1144.89;633.96;0.75;1117.98;634.66;0.76;1153.63;656.32;0.8;1134.06;658.07;0.81;1150.13;693.01;0.8;1137.2;696.51;0.82;1153.63;740.19;0.84;1146.29;736.69;0.8;97.63;162.51;170.32;171.94;179.03;171.8;18.81;20.9;161.19;159.1;169.12;53.65;14.46;
22;0;1484.37;579.36;0.93;1486.54;574.5;0.98;1483.83;574.5;0.89;1499.51;576.66;0.77;1505.45;577.2;0.54;1512.48;618.27;0.79;1522.75;616.11;0.72;1516.26;666.92;0.79;1524.37;669.62;0.76;1497.89;713.39;0.79;1495.18;698.8;0.77;1518.42;715.02;0.73;1518.96;712.85;0.66;1511.4;779.33;0.76;1508.7;774.47;0.78;1557.88;847.97;0.81;1531.39;840.94;0.8;153.98;133.26;139.66;151.68;170.25;172.78;0.93;3.98;179.07;176.02;265.09;8.35;7.72;
22;1;1135.75;569.3;0.98;1139.6;565.1;0.97;1132.61;564.75;0.99;1147.99;568.25;0.8;1128.41;569.3;0.59;1158.83;593.78;0.85;1120.02;596.93;0.87;1166.53;625.25;0.87;1116.17;624.2;0.82;1145.2;633.99;0.75;1117.92;634.69;0.76;1153.59;656.02;0.8;1134.01;658.12;0.81;1150.44;693.09;0.8;1137.15;696.58;0.82;1153.59;740.29;0.84;1146.24;736.45;0.81;98.55;162.51;171.33;171.83;179.96;171.8;18.55;20.9;161.45;159.1;169.07;9.25;2.14;
23;0;1485.11;582.0;0.94;1487.27;577.12;1.01;1484.56;577.67;0.96;1500.28;579.29;0.77;1506.79;580.38;0.51;1511.67;621.57;0.79;1523.59;619.41;0.75;1514.92;673.07;0.8;1524.68;674.16;0.79;1497.03;721.32;0.81;1494.32;702.89;0.81;1518.71;719.69;0.74;1520.88;718.06;0.69;1512.75;782.57;0.75;1507.33;774.98;0.76;1563.71;850.33;0.82;1530.64;842.74;0.81;156.04;132.29;137.64;147.62;170.47;168.18;0.49;2.71;179.51;177.29;264.53;239.76;125.59;
23;1;1134.8;568.91;0.98;1138.75;564.6;0.97;1131.93;564.25;0.98;1147.0;568.19;0.8;1127.26;568.91;0.59;1158.13;593.67;0.85;1118.65;596.9;0.87;1166.38;624.89;0.87;1115.42;624.89;0.84;1145.57;634.94;0.77;1118.29;636.02;0.77;1153.1;656.12;0.78;1133.37;658.63;0.8;1149.51;692.36;0.8;1136.95;696.31;0.81;1153.1;739.37;0.83;1145.93;735.43;0.78;100.96;158.95;169.98;172.52;178.95;172.03;19.41;19.99;160.59;160.01;168.49;30.74;41.53;
24;0;1484.71;584.65;0.94;1486.86;579.8;0.99;1484.71;580.34;0.96;1499.79;581.96;0.74;1507.87;583.57;0.49;1510.56;625.05;0.79;1524.56;621.82;0.75;1512.18;678.91;0.79;1524.56;676.22;0.78;1496.56;727.39;0.82;1494.94;707.46;0.81;1519.72;723.08;0.72;1521.33;720.92;0.68;1515.41;786.64;0.73;1504.1;774.79;0.74;1567.12;852.89;0.81;1530.49;842.65;0.8;160.42;136.52;138.15;141.0;170.79;164.12;3.62;1.87;176.38;178.13;263.12;183.25;138.85;
24;1;1133.54;568.59;0.99;1137.67;564.47;0.98;1131.07;564.47;0.97;1146.32;568.18;0.74;1126.12;568.18;0.53;1157.45;594.15;0.85;1118.29;597.44;0.86;1166.11;624.65;0.88;1114.58;625.89;0.86;1144.67;636.19;0.78;1119.12;638.25;0.78;1152.92;656.39;0.78;1132.72;659.27;0.79;1147.97;692.25;0.8;1136.43;697.61;0.81;1152.5;738.83;0.83;1145.91;735.94;0.79;102.46;152.43;166.59;171.64;176.31;172.39;20.01;20.57;159.99;159.43;168.79;46.17;71.58;
25;0;1484.35;586.5;0.95;1485.99;580.5;1.02;1484.35;581.59;0.97;1497.99;582.68;0.77;1506.17;584.32;0.52;1508.9;626.31;0.8;1525.26;623.04;0.77;1510.53;679.76;0.79;1526.89;675.4;0.78;1496.9;727.21;0.81;1497.99;710.85;0.77;1520.35;723.4;0.73;1523.62;721.21;0.68;1518.17;788.84;0.74;1503.99;774.12;0.76;1569.98;855.93;0.82;1530.17;842.29;0.78;162.21;139.02;140.41;138.63;171.36;160.59;4.98;2.74;175.02;177.26;262.61;11.52;137.26;
25;1;1132.83;568.88;0.99;1136.87;564.85;0.99;1130.26;564.48;1.0;1145.3;568.15;0.81;1125.5;568.52;0.58;1157.04;594.19;0.84;1117.06;597.12;0.88;1165.1;624.63;0.88;1114.49;626.09;0.85;1144.93;637.83;0.75;1118.53;637.1;0.78;1153.0;656.17;0.78;1132.46;659.1;0.79;1146.4;689.17;0.8;1135.77;695.41;0.8;1150.8;737.21;0.83;1145.3;735.75;0.77;108.36;154.8;163.46;171.9;172.41;171.24;18.57;19.02;161.43;160.98;167.59;49.96;39.0;
26;0;1482.74;586.04;0.96;1484.39;580.56;1.0;1483.29;581.11;0.96;1495.9;583.3;0.69;1505.21;583.3;0.42;1509.05;625.5;0.79;1525.49;622.21;0.77;1510.15;675.37;0.79;1528.78;672.63;0.75;1492.61;724.69;0.81;1512.34;718.12;0.66;1520.01;723.05;0.7;1523.85;719.76;0.65;1523.85;791.55;0.72;1503.02;772.37;0.75;1572.07;858.41;0.8;1529.87;841.43;0.77;159.17;156.4;147.4;137.15;176.79;159.37;5.15;4.7;174.85;175.3;263.88;149.67;484.03;
26;1;1131.6;569.03;0.98;1135.71;565.34;0.99;1129.14;564.92;0.98;1144.33;569.03;0.81;1124.62;569.03;0.56;1155.82;594.07;0.85;1116.41;598.59;0.88;1164.44;625.68;0.88;1113.13;627.32;0.87;1143.1;640.46;0.77;1118.47;640.05;0.78;1152.13;656.47;0.77;1131.19;659.75;0.78;1145.97;689.31;0.81;1134.48;696.28;0.8;1148.43;738.16;0.83;1145.97;734.87;0.77;109.44;150.73;166.49;168.55;172.77;171.55;18.64;20.1;161.36;159.9;167.48;96.46;88.8;
27;0;1482.83;586.09;0.96;1484.48;580.61;1.01;1482.83;581.16;0.97;1495.99;583.35;0.69;1505.3;583.35;0.43;1509.14;625.0;0.79;1525.58;622.26;0.77;1510.23;674.86;0.79;1528.87;673.22;0.75;1492.7;724.18;0.81;1512.43;718.16;0.66;1520.1;723.09;0.71;1523.39;719.8;0.65;1523.39;791.59;0.72;1503.11;772.95;0.75;1572.16;858.44;0.8;1529.96;841.45;0.77;159.17;156.21;146.64;137.72;176.37;160.41;5.12;4.98;174.88;175.02;263.86;15.63;2.89;
27;1;1131.41;568.55;0.99;1135.81;565.35;0.98;1129.01;564.95;0.97;1144.6;568.95;0.82;1124.62;568.55;0.56;1155.79;594.12;0.85;1116.63;597.72;0.88;1164.18;625.69;0.88;1113.43;626.89;0.87;1143.0;640.48;0.77;1118.22;639.68;0.78;1152.19;656.46;0.77;1131.41;659.26;0.78;1145.4;689.23;0.81;1134.21;695.62;0.8;1148.19;738.38;0.83;1146.2;734.38;0.77;110.03;153.19;165.03;167.21;171.59;170.89;18.19;19.76;161.81;160.24;167.83;2.99;13.26;
28;0;1481.76;585.51;0.95;1483.41;579.47;0.99;1482.31;580.57;0.92;1494.39;582.77;0.68;1502.63;582.22;0.41;1509.22;625.05;0.8;1523.49;621.76;0.77;1511.41;677.22;0.8;1527.34;672.27;0.76;1491.64;721.7;0.82;1511.41;714.56;0.64;1520.75;722.25;0.7;1520.75;718.4;0.64;1528.44;791.44;0.73;1504.27;772.76;0.76;1573.46;860.63;0.81;1528.99;841.41;0.78;153.63;155.01;153.28;143.34;179.57;164.77;4.36;5.98;175.64;174.02;265.5;81.28;112.47;
28;1;1130.2;569.54;1.0;1134.61;565.86;0.97;1127.63;565.5;0.99;1143.42;569.17;0.89;1123.59;568.8;0.63;1154.8;593.77;0.83;1115.52;597.8;0.87;1163.24;626.44;0.88;1112.58;626.07;0.86;1142.32;641.86;0.76;1117.72;641.49;0.79;1150.76;656.18;0.76;1131.3;658.38;0.76;1144.89;689.58;0.8;1133.14;695.46;0.81;1146.72;736.94;0.82;1145.62;734.01;0.77;111.89;155.63;167.81;164.89;173.73;168.23;18.19;20.54;161.81;159.46;165.94;46.36;56.64;
29;0;1480.47;585.02;0.94;1482.11;579.0;0.97;1481.56;579.55;0.9;1493.04;582.29;0.63;1498.51;581.74;0.37;1509.44;624.93;0.8;1520.38;621.65;0.77;1512.18;678.52;0.81;1528.03;671.96;0.75;1490.31;719.53;0.81;1511.63;713.51;0.62;1523.11;722.26;0.69;1519.29;718.43;0.64;1532.96;790.06;0.74;1504.52;773.11;0.78;1575.06;861.69;0.81;1528.58;841.46;0.78;149.01;149.81;157.81;145.5;179.74;165.54;5.07;9.3;174.93;170.7;266.55;76.74;32.18;
29;1;1129.11;570.17;0.96;1133.26;566.02;0.98;1126.68;566.02;0.99;1141.91;569.48;0.84;1122.88;570.17;0.59;1153.67;594.74;0.83;1114.92;598.2;0.86;1163.02;627.27;0.87;1112.5;626.23;0.85;1141.56;643.88;0.76;1117.34;643.88;0.79;1150.56;655.64;0.76;1130.84;657.72;0.74;1144.33;689.9;0.8;1132.57;696.13;0.8;1143.99;738.69;0.82;1145.72;734.88;0.78;111.72;159.71;170.1;163.84;172.62;167.61;18.95;19.91;161.05;160.09;166.61;64.82;72.66;
30;0;1478.38;584.87;0.94;1480.01;578.87;0.96;1479.47;579.41;0.91;1490.93;581.59;0.63;1495.84;581.05;0.36;1508.93;624.15;0.79;1517.66;620.88;0.76;1512.75;677.63;0.8;1527.49;671.63;0.73;1488.2;718.55;0.81;1512.21;713.64;0.58;1526.94;721.28;0.69;1515.48;718.55;0.64;1538.4;788.4;0.73;1503.48;773.66;0.79;1576.59;862.06;0.81;1527.49;840.78;0.78;144.95;149.06;162.28;148.03;179.19;168.99;6.42;12.23;173.58;167.77;266.55;69.86;17.79;
30;1;1127.31;571.2;0.99;1131.82;567.45;0.95;1125.06;567.45;0.97;1140.83;570.83;0.85;1121.31;570.45;0.57;1152.47;595.98;0.83;1114.17;598.24;0.87;1162.24;627.53;0.88;1111.54;627.15;0.87;1140.83;646.67;0.76;1116.8;646.3;0.81;1149.47;657.56;0.76;1129.94;658.69;0.75;1143.46;691.36;0.82;1131.45;695.49;0.8;1141.21;739.04;0.83;1144.59;734.54;0.78;114.62;159.46;172.62;163.74;172.71;167.72;19.99;19.82;160.01;160.18;165.59;87.03;74.7;
31;0;1476.73;584.72;0.93;1478.37;578.72;0.95;1477.83;578.72;0.9;1489.83;581.99;0.65;1494.74;581.45;0.37;1508.39;625.65;0.79;1513.84;622.92;0.75;1512.75;678.59;0.79;1524.21;674.22;0.7;1487.1;717.88;0.81;1511.12;715.7;0.56;1531.31;722.79;0.69;1514.39;721.16;0.66;1542.77;789.38;0.71;1500.2;775.73;0.82;1576.61;861.41;0.81;1525.85;840.68;0.77;142.15;151.05;164.61;143.87;176.49;165.11;8.56;11.11;171.44;168.89;266.32;38.66;70.11;
31;1;1127.32;572.93;0.97;1131.38;568.87;0.97;1124.27;568.87;1.02;1139.85;571.92;0.81;1121.22;572.26;0.58;1151.03;596.99;0.82;1113.09;600.04;0.86;1161.2;629.51;0.87;1111.73;630.19;0.85;1139.51;651.19;0.75;1116.14;652.89;0.78;1149.0;657.97;0.76;1129.35;659.66;0.73;1143.24;692.86;0.8;1130.37;698.28;0.81;1140.19;739.28;0.82;1144.6;735.55;0.79;117.65;166.45;174.39;160.61;172.54;166.25;19.26;17.83;160.74;162.17;164.48;141.65;199.25;
32;0;1476.78;584.79;0.93;1478.42;578.78;0.95;1477.87;578.78;0.9;1489.33;582.06;0.66;1495.34;581.51;0.38;1508.44;625.72;0.79;1513.89;622.99;0.75;1512.8;678.66;0.79;1523.72;674.29;0.7;1487.15;717.95;0.81;1509.53;715.77;0.56;1530.81;722.86;0.69;1514.44;721.22;0.66;1542.82;789.44;0.72;1499.7;775.8;0.82;1576.66;861.48;0.81;1525.9;840.74;0.77;142.15;150.27;165.06;142.92;177.25;164.57;8.26;10.52;171.74;169.48;266.33;2.5;47.85;
32;1;1126.71;572.46;0.99;1130.95;568.57;0.96;1124.24;568.57;1.02;1139.78;571.75;0.86;1120.71;571.75;0.63;1151.08;596.83;0.83;1113.29;599.65;0.87;1160.97;629.67;0.88;1111.88;630.03;0.86;1140.13;650.87;0.76;1116.47;652.63;0.78;1148.96;657.93;0.77;1129.54;658.99;0.75;1143.31;692.9;0.81;1130.6;697.49;0.81;1140.13;739.52;0.83;1144.37;735.63;0.78;118.73;165.86;174.72;161.72;172.81;166.26;18.74;17.98;161.26;162.02;165.12;21.11;12.62;
33;0;1469.74;586.14;0.92;1471.36;580.19;0.93;1470.82;579.64;0.89;1482.19;582.89;0.66;1492.49;582.89;0.35;1504.94;625.68;0.77;1506.03;624.06;0.7;1510.9;677.68;0.75;1521.19;673.89;0.62;1483.28;718.31;0.79;1516.32;717.22;0.48;1534.73;719.93;0.63;1511.44;719.93;0.62;1546.65;787.09;0.69;1490.32;774.64;0.81;1577.52;860.76;0.79;1521.19;840.18;0.75;139.25;156.65;167.32;133.66;172.52;155.65;11.0;13.69;169.0;166.31;264.32;117.07;208.98;
33;1;1125.08;575.84;0.97;1129.38;571.54;0.95;1122.43;571.54;1.0;1137.65;575.51;0.73;1118.79;575.84;0.49;1149.24;601.99;0.81;1110.52;603.97;0.85;1158.5;633.09;0.85;1110.52;635.74;0.85;1139.31;656.92;0.76;1117.14;659.23;0.76;1147.25;660.89;0.72;1127.06;662.21;0.7;1141.62;698.28;0.79;1128.06;701.92;0.81;1135.34;741.96;0.81;1145.6;737.99;0.83;124.56;164.27;179.64;155.5;173.38;165.57;18.52;15.86;161.48;164.14;164.13;183.84;199.73;
34;0;1465.49;586.75;0.92;1467.12;580.78;0.93;1466.57;580.24;0.9;1477.42;583.5;0.66;1414.5;583.5;0.37;1500.75;625.8;0.77;1500.75;624.72;0.69;1507.8;676.25;0.75;1518.1;674.62;0.62;1481.22;718.01;0.78;1511.05;718.01;0.48;1532.75;719.64;0.63;1508.88;720.18;0.62;1549.02;786.89;0.68;1486.1;774.42;0.81;1577.22;860.12;0.79;1516.48;842.22;0.76;139.57;151.59;172.53;133.09;174.77;152.35;10.87;14.31;169.13;165.69;264.42;62.56;160.25;
34;1;1124.11;577.44;0.97;1128.12;573.1;0.94;1121.44;573.43;1.0;1136.47;576.77;0.67;1118.1;577.78;0.44;1147.82;602.49;0.82;1109.74;605.17;0.85;1156.84;635.56;0.85;1109.08;636.9;0.86;1137.14;660.62;0.76;1116.42;662.29;0.77;1146.82;661.95;0.73;1126.78;663.29;0.7;1140.81;699.37;0.79;1126.78;703.38;0.81;1134.13;744.46;0.81;1144.48;738.12;0.84;126.55;162.65;179.3;153.0;171.84;163.66;16.22;17.54;163.78;162.46;163.85;129.11;94.35;
35;0;1465.48;586.8;0.92;1467.1;580.83;0.94;1466.56;580.29;0.9;1477.4;583.55;0.67;1414.52;583.55;0.37;1500.72;625.83;0.77;1500.17;624.75;0.69;1508.31;676.25;0.75;1518.06;674.62;0.62;1481.2;717.99;0.78;1511.02;717.99;0.48;1532.7;719.62;0.63;1508.85;720.16;0.62;1548.96;786.84;0.68;1486.62;774.37;0.81;1577.7;860.57;0.79;1516.44;842.14;0.76;138.44;151.04;172.31;133.96;174.77;152.51;10.27;14.54;169.73;165.46;264.55;0.86;1.22;
35;1;1124.41;577.38;0.97;1128.41;573.38;0.93;1121.4;573.38;0.99;1136.76;576.72;0.66;1118.06;577.72;0.44;1147.44;602.42;0.82;1109.72;605.1;0.85;1156.79;635.48;0.85;1109.05;636.81;0.86;1137.09;660.52;0.76;1116.39;662.19;0.77;1146.78;661.85;0.72;1126.74;663.19;0.7;1140.77;699.25;0.79;1127.08;703.59;0.81;1134.09;744.32;0.81;1144.77;738.31;0.84;126.02;162.65;179.3;153.47;171.51;164.14;16.44;17.54;163.56;162.46;163.94;3.22;3.14;
36;0;1461.02;588.08;0.94;1462.63;582.17;0.96;1461.02;581.64;0.92;1472.83;584.86;0.73;1484.64;584.86;0.43;1494.84;627.81;0.77;1494.3;626.2;0.7;1503.43;677.73;0.74;1514.17;675.05;0.62;1477.66;720.68;0.76;1507.19;719.07;0.47;1530.27;719.07;0.62;1506.11;721.22;0.63;1549.6;785.64;0.69;1482.49;774.9;0.82;1576.98;859.72;0.78;1509.87;845.23;0.78;139.27;148.87;175.91;134.98;174.97;149.17;11.46;15.04;168.54;164.96;264.4;133.73;119.67;
36;1;1123.02;578.7;0.97;1127.42;574.3;0.93;1120.31;574.3;0.98;1135.54;578.36;0.65;1116.93;579.03;0.43;1146.38;604.08;0.81;1108.12;606.12;0.85;1155.18;636.92;0.84;1108.46;638.61;0.86;1135.54;662.31;0.76;1116.25;665.69;0.77;1146.04;662.65;0.72;1126.4;664.0;0.7;1139.61;699.54;0.79;1125.73;703.6;0.81;1133.17;745.58;0.81;1143.67;738.47;0.83;127.28;164.56;178.07;151.79;170.44;161.5;15.34;16.93;164.66;163.07;163.33;71.21;105.51;
37;0;1454.75;590.28;0.96;1456.88;583.9;1.01;1454.75;583.37;0.94;1467.51;587.09;0.78;1474.96;587.62;0.46;1488.78;629.1;0.77;1490.91;626.97;0.69;1498.36;679.61;0.75;1510.05;675.89;0.61;1474.96;723.22;0.76;1503.14;720.56;0.47;1528.13;720.03;0.61;1503.67;722.16;0.62;1549.4;785.97;0.69;1478.68;777.99;0.83;1577.06;859.88;0.78;1505.27;849.78;0.78;141.05;149.83;177.37;135.56;174.48;148.25;12.67;13.73;167.33;166.27;264.55;111.61;129.78;
37;1;1122.26;579.3;0.99;1126.3;576.07;0.98;1119.84;575.67;0.96;1135.58;580.51;0.77;1115.8;579.3;0.49;1145.68;607.57;0.85;1107.72;607.16;0.88;1152.54;640.27;0.88;1107.72;640.67;0.88;1133.56;664.9;0.8;1115.8;666.51;0.8;1145.27;664.49;0.76;1125.89;665.71;0.72;1139.22;701.24;0.82;1125.08;705.68;0.82;1132.76;746.05;0.8;1142.04;737.98;0.86;130.53;162.65;178.84;151.14;171.05;161.6;12.26;17.24;167.74;162.76;162.71;98.13;28.18;
38;0;1450.25;592.06;0.96;1451.85;586.21;1.02;1449.72;586.21;0.94;1463.01;589.93;0.76;1473.64;590.46;0.47;1481.09;631.4;0.79;1489.06;627.68;0.71;1492.78;681.37;0.77;1508.2;675.53;0.64;1471.52;726.57;0.77;1501.82;720.72;0.5;1524.15;722.31;0.61;1500.23;724.44;0.6;1546.48;787.17;0.7;1474.71;780.26;0.83;1576.78;860.54;0.78;1503.95;851.5;0.8;141.63;150.16;176.55;133.12;173.65;148.85;12.17;15.22;167.83;164.78;263.96;144.4;39.98;
38;1;1121.05;579.89;0.98;1125.32;575.97;0.92;1118.56;575.97;0.97;1133.86;579.53;0.73;1115.35;579.53;0.48;1144.18;606.93;0.84;1106.46;606.93;0.87;1150.58;640.73;0.86;1106.46;640.38;0.89;1132.08;664.93;0.78;1113.93;667.78;0.79;1143.82;664.57;0.75;1124.25;665.64;0.73;1138.48;700.87;0.8;1124.25;705.5;0.81;1131.01;746.77;0.84;1143.11;736.81;0.86;131.87;164.74;179.12;148.94;171.99;163.14;11.08;16.86;168.92;163.14;161.91;44.72;67.9;
39;0;1437.27;595.43;0.94;1439.4;589.58;1.0;1436.21;589.58;0.97;1450.57;591.71;0.69;1451.1;592.77;0.45;1467.05;631.59;0.79;1477.15;628.93;0.72;1478.75;682.64;0.79;1493.11;678.38;0.66;1462.8;730.49;0.8;1483.0;723.05;0.55;1506.4;726.77;0.66;1485.66;728.9;0.63;1526.61;792.17;0.73;1467.58;786.32;0.83;1572.33;860.24;0.79;1503.21;854.39;0.79;148.66;149.38;163.27;134.9;174.71;157.66;9.55;13.01;170.45;166.99;261.88;287.81;570.63;
39;1;1120.85;576.32;0.95;1125.21;572.63;0.91;1118.5;571.96;0.94;1133.26;576.99;0.78;1114.81;577.33;0.51;1142.65;604.83;0.82;1105.42;604.83;0.85;1145.33;638.03;0.83;1104.42;637.36;0.85;1126.55;663.51;0.77;1108.78;663.85;0.8;1141.98;662.84;0.77;1123.87;664.18;0.73;1135.94;701.41;0.8;1122.86;705.1;0.83;1130.58;746.01;0.81;1140.97;735.62;0.86;139.0;168.88;177.96;147.91;171.77;161.33;5.28;19.03;174.72;160.97;164.49;171.69;194.99;
40;0;1437.13;594.91;0.94;1439.25;589.06;1.01;1436.06;589.06;0.97;1450.95;591.72;0.69;1450.95;592.25;0.45;1467.44;632.14;0.79;1477.55;629.48;0.72;1479.14;682.66;0.79;1493.5;678.41;0.66;1463.19;731.06;0.8;1483.4;723.08;0.55;1506.27;726.81;0.65;1486.06;728.4;0.62;1527.01;792.22;0.72;1467.44;786.37;0.83;1572.22;860.3;0.79;1503.61;854.45;0.79;148.72;149.19;164.01;134.22;175.29;157.28;9.26;13.14;170.74;166.86;262.47;20.76;11.9;
40;1;1120.82;576.38;0.95;1125.18;572.69;0.91;1118.47;572.02;0.94;1133.23;577.05;0.79;1114.78;577.72;0.54;1142.62;604.54;0.82;1105.39;604.88;0.85;1145.3;637.74;0.83;1104.39;637.41;0.85;1126.52;663.23;0.77;1108.75;663.57;0.8;1141.95;662.56;0.77;1124.17;664.24;0.73;1135.91;701.46;0.79;1122.83;705.15;0.82;1130.54;745.73;0.81;1140.94;736.0;0.86;139.0;168.77;178.09;147.71;171.84;160.57;5.28;19.33;174.72;160.67;164.49;8.56;8.56;
41;0;1437.1;594.87;0.94;1439.23;589.02;1.01;1436.03;589.02;0.97;1450.93;591.68;0.69;1450.93;592.74;0.45;1467.43;631.59;0.79;1477.54;628.93;0.72;1479.13;682.13;0.79;1493.5;677.88;0.66;1463.17;730.55;0.8;1483.39;723.11;0.54;1506.8;726.83;0.65;1485.52;728.43;0.62;1526.49;792.28;0.72;1467.43;786.42;0.83;1572.25;860.38;0.79;1503.08;854.0;0.79;148.72;149.34;162.85;134.86;174.28;158.09;9.42;13.47;170.58;166.53;262.32;15.29;0.67;
41;1;1120.85;576.43;0.95;1125.21;572.74;0.91;1118.5;572.07;0.95;1133.25;577.1;0.79;1114.48;577.77;0.54;1142.64;604.59;0.82;1105.43;604.92;0.85;1145.32;637.77;0.83;1104.42;637.44;0.85;1126.55;663.25;0.77;1108.78;663.58;0.81;1141.97;662.58;0.77;1124.2;664.25;0.73;1135.93;701.13;0.8;1122.86;705.15;0.83;1130.23;745.71;0.81;1141.3;735.65;0.86;139.0;168.77;178.39;146.97;171.77;160.57;5.28;19.33;174.72;160.67;164.25;0.97;1.15;
42;0;1422.24;593.09;0.92;1423.84;587.76;0.96;1421.7;587.23;0.95;1433.96;588.83;0.7;1435.03;589.36;0.46;1451.55;629.34;0.8;1461.15;623.47;0.75;1469.68;678.38;0.8;1478.74;675.18;0.71;1454.22;731.68;0.8;1464.35;724.75;0.61;1487.27;726.89;0.73;1473.94;727.42;0.69;1492.6;794.05;0.75;1466.48;788.19;0.76;1554.43;847.89;0.8;1504.86;855.35;0.79;143.55;145.02;135.58;143.25;164.43;165.98;0.17;11.77;179.83;168.23;258.53;271.44;575.12;
42;1;1121.86;570.12;0.96;1126.46;565.88;0.96;1119.04;565.53;0.96;1134.94;570.48;0.91;1115.15;570.12;0.71;1142.01;596.63;0.85;1108.08;598.4;0.82;1141.3;624.2;0.73;1100.3;625.97;0.81;1128.93;638.34;0.57;1102.42;644.7;0.76;1140.95;659.2;0.8;1122.22;660.61;0.79;1134.23;699.85;0.82;1121.86;700.55;0.84;1129.64;745.44;0.83;1140.6;732.36;0.87;140.28;157.79;176.37;149.0;171.59;166.69;0.5;28.56;179.5;151.44;168.78;752.93;599.47;
43;0;1422.24;593.64;0.93;1423.84;587.77;0.97;1421.71;587.77;0.95;1433.44;588.84;0.71;1435.57;589.37;0.47;1451.57;628.84;0.81;1461.17;623.5;0.75;1469.7;677.89;0.8;1478.76;674.69;0.71;1454.23;731.22;0.81;1464.37;724.29;0.61;1487.3;726.95;0.73;1473.43;727.49;0.7;1492.63;794.14;0.75;1466.5;788.28;0.76;1554.49;848.0;0.81;1504.89;855.47;0.79;143.55;144.84;135.58;143.75;164.53;166.77;0.27;12.24;179.73;167.76;258.1;13.96;14.04;
43;1;1121.81;570.11;0.96;1126.41;565.87;0.96;1118.99;565.51;0.96;1134.89;570.46;0.91;1115.1;570.11;0.71;1141.96;596.62;0.85;1108.03;598.39;0.82;1140.9;623.48;0.73;1100.25;625.6;0.81;1127.12;637.97;0.58;1102.02;644.33;0.76;1140.9;659.18;0.8;1122.17;660.59;0.79;1134.19;699.47;0.82;1122.17;700.53;0.84;1129.59;745.42;0.83;1140.55;732.35;0.87;138.69;158.67;176.25;149.98;171.51;167.2;1.29;28.75;178.71;151.25;168.78;55.78;16.42;
44;0;1412.8;590.21;0.9;1414.93;584.36;0.97;1412.8;584.36;0.9;1424.5;585.42;0.67;1413.87;585.96;0.43;1445.24;623.71;0.79;1449.49;621.58;0.74;1463.32;675.28;0.78;1467.57;675.28;0.73;1448.96;726.86;0.78;1453.75;722.08;0.65;1474.48;725.27;0.71;1470.76;724.2;0.67;1474.48;790.67;0.69;1466.51;787.48;0.74;1538.29;839.05;0.77;1503.2;853.94;0.76;145.13;144.94;127.17;147.26;163.94;164.44;3.25;6.9;176.75;173.1;256.29;205.92;326.47;
44;1;1122.99;566.8;0.96;1127.55;562.59;0.98;1119.83;562.24;0.97;1136.32;567.5;0.86;1115.98;566.8;0.65;1144.04;592.76;0.81;1109.31;594.16;0.78;1139.83;609.6;0.68;1096.33;612.05;0.77;1120.89;612.4;0.58;1095.63;625.03;0.72;1140.88;657.66;0.77;1121.24;658.36;0.77;1134.22;697.3;0.81;1121.94;698.0;0.82;1128.6;745.35;0.82;1139.83;731.67;0.85;112.46;147.13;177.12;153.03;173.24;170.49;11.25;46.49;168.75;133.51;171.71;791.91;611.84;
45;0;1403.59;589.42;0.91;1405.16;583.11;0.91;1403.59;583.11;0.89;1413.06;585.21;0.59;1430.42;586.79;0.37;1434.63;624.67;0.78;1438.31;623.09;0.74;1455.14;671.49;0.78;1456.2;673.6;0.73;1443.57;722.52;0.8;1446.2;718.31;0.65;1466.19;720.42;0.72;1467.77;718.31;0.68;1456.72;787.24;0.67;1457.77;784.08;0.69;1509.86;841.42;0.69;1506.7;843.0;0.66;143.56;147.9;127.49;131.65;153.69;154.17;5.42;2.31;174.58;177.69;252.79;208.18;253.68;
45;1;1122.85;564.65;0.95;1127.55;560.32;0.98;1119.96;559.95;0.97;1136.22;565.74;0.92;1115.62;564.29;0.69;1142.36;591.39;0.79;1109.12;590.67;0.76;1135.86;597.54;0.68;1095.02;605.49;0.77;1114.9;595.37;0.63;1093.22;598.98;0.75;1139.11;653.55;0.77;1120.32;653.19;0.77;1133.69;696.91;0.81;1121.77;695.83;0.82;1128.63;744.25;0.82;1138.39;731.97;0.86;130.73;59.09;178.98;157.24;175.87;171.78;43.64;53.73;136.36;126.27;173.46;543.41;787.3;
46;0;1403.57;589.27;0.92;1405.15;583.48;0.91;1403.57;583.48;0.89;1413.04;585.58;0.61;1430.41;586.64;0.38;1435.15;624.53;0.78;1438.31;623.48;0.74;1455.15;671.37;0.78;1456.2;672.95;0.73;1444.09;722.42;0.8;1446.73;717.68;0.65;1466.2;720.31;0.72;1467.25;718.21;0.68;1456.73;787.15;0.67;1458.83;783.99;0.7;1510.93;841.35;0.7;1505.14;843.46;0.66;144.66;148.16;126.93;134.8;153.97;155.71;5.16;2.89;174.84;177.11;253.14;16.12;24.81;
46;1;1122.9;564.39;0.95;1127.27;560.39;0.98;1119.99;560.02;0.97;1136.36;565.48;0.9;1115.62;564.39;0.68;1142.18;590.95;0.79;1109.08;590.58;0.76;1135.63;597.49;0.68;1094.89;605.5;0.77;1115.62;595.31;0.63;1093.07;599.31;0.75;1138.91;653.52;0.77;1120.35;652.79;0.77;1133.81;696.45;0.81;1121.81;695.72;0.82;1128.36;744.83;0.82;1138.54;732.1;0.85;128.77;59.96;179.67;157.24;176.23;171.67;42.0;53.84;138.0;126.16;174.08;21.88;10.93;
47;0;1393.68;589.71;0.91;1395.27;583.89;0.89;1393.15;583.89;0.88;1401.62;586.0;0.52;1421.2;586.53;0.32;1424.9;624.63;0.79;1432.31;621.99;0.75;1448.71;670.14;0.78;1455.59;669.09;0.72;1437.07;720.42;0.82;1442.36;713.54;0.67;1455.06;719.36;0.72;1467.24;715.65;0.75;1434.43;782.86;0.78;1463.53;781.27;0.78;1488.4;844.25;0.76;1501.63;847.42;0.76;139.34;137.12;120.67;146.83;144.33;156.32;9.96;5.86;170.04;174.14;256.13;219.74;181.04;
47;1;1122.84;562.66;0.87;1127.63;559.34;0.89;1120.26;557.87;0.86;1137.21;564.87;0.79;1116.21;563.02;0.46;1143.84;586.97;0.78;1108.47;585.5;0.78;1137.58;593.6;0.71;1092.63;593.24;0.83;1118.79;574.45;0.65;1090.42;570.02;0.76;1138.32;650.71;0.75;1119.89;649.97;0.75;1133.53;696.76;0.8;1122.11;695.29;0.8;1128.37;744.65;0.81;1138.68;731.76;0.86;87.81;69.41;179.79;158.35;179.02;172.75;38.41;74.02;141.59;105.98;175.55;635.09;884.97;
48;0;1384.38;593.09;0.9;1385.95;587.34;0.95;1383.33;586.82;0.9;1394.31;589.43;0.55;1405.81;589.43;0.34;1416.79;627.07;0.81;1420.98;622.89;0.76;1440.84;674.65;0.8;1444.5;670.99;0.73;1428.82;724.31;0.82;1431.95;715.42;0.66;1443.98;719.61;0.73;1461.75;715.42;0.74;1418.36;781.82;0.82;1458.62;782.34;0.8;1459.14;850.3;0.77;1504.62;849.78;0.79;139.57;138.17;126.85;143.02;141.25;153.53;10.44;2.28;169.56;177.72;256.95;274.67;318.35;
48;1;1123.55;561.87;0.8;1127.41;557.58;0.75;1121.84;558.44;0.74;1138.56;565.3;0.67;1118.41;564.87;0.5;1144.14;587.6;0.81;1108.97;584.6;0.79;1131.27;575.59;0.65;1091.82;582.88;0.82;1123.98;557.58;0.69;1092.25;557.58;0.79;1137.7;648.07;0.74;1118.41;647.21;0.75;1133.42;694.81;0.8;1121.84;693.95;0.79;1127.41;743.27;0.83;1138.13;731.26;0.84;155.06;94.74;178.18;160.6;179.17;175.63;126.95;104.28;53.05;75.72;175.4;531.01;378.48;
49;0;1366.97;607.96;0.92;1367.48;601.41;0.89;1365.97;602.92;0.93;1376.56;604.43;0.76;1389.66;605.95;0.49;1398.24;642.25;0.81;1398.24;642.25;0.74;1424.46;682.08;0.82;1395.72;688.13;0.8;1411.85;731.5;0.83;1372.02;723.43;0.83;1431.01;723.93;0.71;1448.66;721.92;0.7;1386.14;780.41;0.85;1459.75;792.51;0.78;1401.26;859.06;0.8;1510.17;857.55;0.85;132.33;149.27;130.64;151.15;119.67;156.6;11.49;35.48;168.51;144.52;250.35;554.46;1819.66;
49;1;1122.33;558.07;0.82;1128.2;554.86;0.78;1121.27;554.33;0.81;1134.61;562.87;0.7;1113.26;563.4;0.61;1142.61;584.21;0.81;1108.46;584.75;0.83;1135.67;566.07;0.73;1090.85;567.67;0.86;1129.8;543.66;0.82;1094.58;539.92;0.85;1137.28;646.12;0.8;1118.06;647.18;0.8;1132.47;695.75;0.84;1120.2;693.61;0.85;1126.6;743.77;0.85;1136.74;730.97;0.88;173.75;126.45;178.56;158.75;179.4;173.89;154.15;142.86;25.85;37.14;179.3;454.14;536.02;
50;0;1366.78;607.72;0.92;1367.28;601.17;0.9;1365.77;602.68;0.93;1376.85;604.2;0.77;1389.94;606.21;0.49;1398.49;642.45;0.81;1397.99;641.95;0.75;1424.17;682.22;0.82;1395.98;688.26;0.81;1411.58;731.55;0.83;1372.32;723.5;0.83;1431.21;724.0;0.71;1448.83;721.99;0.7;1385.91;780.38;0.85;1459.4;792.46;0.78;1401.01;859.41;0.8;1510.25;857.4;0.85;132.84;148.61;130.4;150.47;119.35;156.11;10.98;34.91;169.02;145.09;250.69;8.27;9.27;
50;1;1121.82;558.53;0.82;1128.16;555.36;0.79;1120.76;554.83;0.82;1134.51;562.76;0.71;1112.82;563.29;0.62;1142.45;583.92;0.81;1108.59;584.45;0.83;1135.57;565.41;0.74;1091.13;567.52;0.86;1129.75;543.72;0.82;1094.83;539.48;0.85;1137.16;646.35;0.8;1117.58;646.88;0.8;1132.4;695.55;0.84;1120.23;693.43;0.85;1126.58;743.69;0.85;1136.63;730.47;0.87;174.64;126.59;178.64;159.37;179.32;175.05;154.78;142.32;25.22;37.68;178.55;2.38;15.19;
51;0;1356.63;616.31;0.92;1357.12;609.9;0.91;1355.64;610.88;0.91;1366.01;611.87;0.73;1381.31;612.86;0.49;1386.25;647.42;0.8;1388.72;646.93;0.73;1414.4;687.42;0.82;1377.86;690.87;0.8;1399.09;736.79;0.82;1346.75;721.49;0.83;1419.33;730.37;0.67;1441.06;725.93;0.68;1368.97;781.23;0.85;1455.87;796.54;0.75;1378.85;859.74;0.79;1511.17;860.73;0.82;127.64;148.43;128.11;151.1;113.54;158.32;13.39;47.41;166.61;132.59;243.92;407.63;771.72;
51;1;1122.85;559.34;0.83;1128.78;556.6;0.78;1121.03;557.06;0.77;1135.62;562.99;0.7;1114.65;562.07;0.6;1142.0;584.41;0.8;1106.9;583.5;0.81;1140.18;564.35;0.75;1090.48;564.81;0.85;1131.06;541.1;0.82;1095.5;537.0;0.87;1136.53;646.42;0.77;1117.38;647.33;0.78;1131.51;695.2;0.82;1119.66;693.84;0.82;1126.96;743.99;0.82;1136.99;730.31;0.85;163.78;128.49;179.47;157.4;179.17;173.48;169.76;148.04;10.24;31.96;177.81;87.98;77.41;
52;0;1356.19;616.26;0.92;1356.69;609.84;0.91;1355.7;610.83;0.91;1366.07;611.32;0.72;1381.38;612.31;0.48;1386.32;646.88;0.79;1388.29;646.88;0.73;1414.46;687.37;0.81;1378.41;690.83;0.8;1399.15;736.75;0.81;1346.81;720.95;0.83;1419.9;730.33;0.67;1441.13;725.89;0.67;1369.03;781.2;0.84;1455.95;796.51;0.74;1378.91;859.72;0.79;1511.25;860.21;0.82;127.97;146.29;127.83;150.88;113.08;158.08;12.89;46.44;167.11;133.56;243.71;2.29;16.21;
52;1;1122.88;559.65;0.83;1128.29;556.94;0.78;1120.63;557.39;0.77;1135.51;563.26;0.71;1114.76;562.36;0.6;1141.83;584.91;0.8;1107.09;583.56;0.8;1140.47;564.61;0.74;1090.4;565.06;0.85;1131.0;541.15;0.82;1095.81;537.09;0.86;1136.87;646.27;0.77;1117.47;647.17;0.78;1131.9;694.99;0.82;1119.72;694.08;0.82;1126.94;743.26;0.82;1136.87;730.17;0.85;161.82;126.98;179.95;157.34;178.81;173.49;171.56;147.2;8.44;32.8;177.07;2.35;9.96;
53;0;1328.1;621.14;0.95;1329.18;615.23;0.88;1325.95;615.77;0.85;1337.78;617.38;0.61;1350.69;616.84;0.37;1359.83;651.25;0.82;1352.84;652.87;0.78;1384.56;691.58;0.81;1341.55;691.04;0.82;1366.82;737.82;0.82;1309.29;716.85;0.86;1388.86;730.29;0.7;1408.75;727.06;0.69;1337.24;782.44;0.87;1434.02;800.19;0.8;1361.44;858.26;0.82;1497.47;849.65;0.83;127.48;145.14;117.6;147.01;115.13;162.06;11.35;53.48;168.65;126.52;232.81;973.69;1135.9;
53;1;1122.82;558.98;0.83;1129.54;556.4;0.79;1121.79;555.88;0.8;1135.74;564.15;0.73;1114.04;563.11;0.62;1142.98;584.31;0.82;1106.28;582.76;0.83;1144.01;566.73;0.78;1086.64;567.25;0.88;1132.13;543.47;0.83;1096.46;538.3;0.84;1136.26;646.33;0.8;1117.14;646.85;0.81;1131.61;695.44;0.84;1117.65;694.92;0.85;1126.44;742.99;0.84;1135.23;730.07;0.87;149.56;109.55;179.21;154.05;179.23;171.0;177.18;137.9;2.82;42.1;177.55;77.57;41.32;
54;0;1327.97;621.11;0.95;1329.05;615.19;0.89;1325.82;615.72;0.86;1337.66;617.34;0.63;1351.12;616.8;0.38;1359.73;651.25;0.82;1352.73;652.86;0.78;1385.02;691.07;0.81;1341.43;691.07;0.82;1366.72;737.9;0.82;1309.13;716.91;0.86;1388.79;730.9;0.71;1409.24;727.14;0.69;1337.12;782.57;0.88;1434.0;800.33;0.8;1361.88;858.46;0.82;1497.51;849.85;0.83;126.23;145.14;116.93;146.63;114.95;161.42;12.38;53.74;167.62;126.26;233.05;3.73;4.9;
54;1;1122.88;558.3;0.82;1129.64;555.7;0.79;1121.84;555.18;0.8;1135.88;563.5;0.72;1113.52;562.98;0.62;1143.17;584.31;0.82;1106.23;582.75;0.83;1143.69;567.15;0.77;1086.99;567.15;0.88;1132.24;543.74;0.83;1096.35;538.54;0.84;1136.4;646.21;0.8;1117.16;646.73;0.81;1131.72;695.63;0.83;1117.68;694.59;0.85;1126.52;742.96;0.83;1135.36;729.96;0.87;152.21;110.91;179.14;154.06;179.18;170.93;175.5;138.72;4.5;41.28;178.16;8.71;7.72;
55;0;1310.86;622.51;0.96;1310.86;616.38;0.92;1309.84;616.38;0.9;1319.04;617.91;0.67;1334.88;616.89;0.45;1339.48;654.2;0.79;1338.97;652.66;0.75;1368.1;695.08;0.81;1328.24;689.97;0.81;1349.19;739.54;0.81;1299.11;718.59;0.85;1372.7;733.41;0.7;1391.61;730.34;0.66;1327.73;789.11;0.85;1409.49;802.91;0.78;1365.03;857.08;0.79;1480.02;842.26;0.82;121.97;150.54;112.32;133.01;118.33;159.72;12.24;50.17;167.76;129.83;227.15;529.9;305.86;
55;1;1123.34;558.61;0.83;1129.0;556.55;0.76;1122.31;556.03;0.78;1135.7;564.79;0.72;1114.07;564.27;0.6;1142.91;584.88;0.79;1106.86;583.33;0.82;1150.12;577.15;0.79;1084.2;572.51;0.88;1135.18;553.46;0.77;1095.01;545.73;0.83;1135.7;647.19;0.79;1117.16;647.71;0.8;1131.58;696.12;0.83;1116.64;695.09;0.84;1126.43;744.02;0.83;1134.67;729.09;0.88;104.75;93.52;178.68;151.44;178.21;170.29;143.57;124.6;36.43;55.4;177.94;305.6;220.26;
56;0;1294.0;624.64;0.94;1294.0;618.83;0.88;1293.52;618.83;0.89;1303.2;619.31;0.7;1318.69;619.31;0.5;1320.14;655.62;0.84;1325.95;648.85;0.77;1346.29;696.29;0.84;1318.21;692.9;0.84;1331.76;742.29;0.84;1293.52;725.34;0.86;1354.52;734.54;0.74;1374.37;730.19;0.68;1321.11;795.06;0.87;1379.7;805.23;0.83;1365.17;859.94;0.8;1453.29;832.34;0.84;129.74;152.69;116.92;114.28;127.56;153.3;9.2;40.73;170.8;139.27;221.5;530.9;263.96;
56;1;1125.57;561.31;0.81;1128.99;557.88;0.75;1124.1;557.4;0.77;1135.84;564.73;0.68;1116.76;564.24;0.65;1143.17;585.76;0.79;1106.98;585.27;0.82;1153.44;585.76;0.84;1082.53;578.43;0.89;1139.75;566.69;0.78;1095.24;552.51;0.87;1134.86;647.38;0.81;1117.25;647.87;0.82;1130.95;697.27;0.84;1116.27;696.29;0.84;1126.06;744.21;0.83;1133.39;728.56;0.87;54.32;79.51;178.54;150.91;176.8;169.53;97.68;114.96;82.32;65.04;175.08;421.13;203.92;
57;0;1276.11;623.65;0.93;1276.58;618.91;0.88;1276.11;617.97;0.89;1282.73;620.81;0.72;1301.2;619.86;0.54;1298.83;658.21;0.86;1310.67;648.27;0.77;1322.98;700.82;0.85;1314.46;698.93;0.83;1313.51;747.22;0.84;1295.99;730.65;0.88;1335.76;740.12;0.75;1358.96;735.39;0.69;1314.93;800.73;0.86;1346.65;803.09;0.81;1364.64;860.86;0.76;1418.62;824.4;0.83;138.93;145.52;121.45;96.19;136.76;140.69;5.27;24.73;174.73;155.27;218.98;569.04;176.27;
57;1;1124.75;561.4;0.9;1129.55;557.8;0.84;1122.36;557.4;0.88;1138.75;565.0;0.64;1117.56;563.8;0.53;1145.55;586.2;0.75;1108.36;586.6;0.77;1156.35;594.6;0.84;1081.56;587.0;0.85;1136.35;571.4;0.74;1095.16;560.6;0.84;1134.35;648.59;0.78;1117.16;648.59;0.78;1130.75;697.39;0.78;1115.16;696.99;0.79;1125.55;745.38;0.81;1133.15;729.78;0.82;11.36;61.89;178.04;148.88;174.04;169.56;62.3;97.22;117.7;82.78;176.18;174.75;243.62;
58;0;1242.73;615.83;0.83;1240.82;613.92;0.74;1246.55;614.4;0.73;1244.16;619.17;0.62;1266.61;618.22;0.65;1259.45;654.04;0.81;1285.24;644.49;0.78;1274.73;694.64;0.81;1316.76;681.74;0.76;1281.42;745.74;0.82;1327.27;726.16;0.68;1308.64;736.67;0.68;1317.72;732.85;0.66;1307.69;807.83;0.71;1271.86;783.47;0.81;1363.09;858.46;0.77;1329.66;825.03;0.77;166.82;153.07;131.65;83.55;148.46;117.65;10.14;20.05;169.86;159.95;225.91;966.78;950.86;
58;1;1125.25;563.5;0.94;1130.37;560.21;0.98;1123.06;559.11;0.97;1139.51;567.89;0.52;1119.77;566.06;0.31;1145.73;593.48;0.8;1107.34;591.29;0.77;1160.71;613.58;0.84;1085.41;608.47;0.84;1137.32;600.42;0.67;1093.45;586.17;0.81;1134.39;651.97;0.77;1117.21;651.6;0.78;1129.64;696.2;0.79;1114.29;697.3;0.83;1125.25;745.92;0.82;1131.47;730.2;0.81;23.94;32.1;178.91;148.76;175.17;167.04;47.67;61.22;132.33;118.78;174.56;873.92;771.08;
59;0;1241.91;616.02;0.83;1240.48;614.11;0.74;1245.25;614.59;0.73;1243.82;618.88;0.62;1266.71;618.4;0.65;1259.56;654.18;0.81;1285.32;644.64;0.78;1274.82;694.72;0.81;1316.8;681.84;0.76;1281.5;745.76;0.82;1327.29;726.2;0.67;1308.21;736.69;0.68;1317.75;732.88;0.66;1307.74;807.77;0.71;1271.96;783.44;0.81;1363.07;858.33;0.76;1329.68;824.94;0.77;166.82;153.07;132.04;83.55;149.09;117.65;9.89;20.05;170.11;159.95;225.61;2.56;1.43;
59;1;1125.26;563.57;0.94;1130.36;559.93;0.98;1123.07;559.2;0.98;1139.46;567.94;0.52;1119.79;565.75;0.31;1145.65;593.43;0.8;1107.05;591.25;0.77;1160.95;613.46;0.84;1085.56;608.36;0.84;1139.1;600.72;0.66;1093.21;586.15;0.82;1134.73;652.06;0.77;1117.25;651.7;0.78;1129.63;696.49;0.79;1114.33;697.22;0.83;1125.26;746.38;0.82;1131.81;730.36;0.82;22.38;32.46;178.46;148.53;175.99;166.76;47.92;61.03;132.08;118.97;174.8;54.23;7.21;
60;0;1242.25;615.88;0.83;1240.34;613.97;0.73;1246.55;614.45;0.73;1243.69;619.22;0.62;1266.6;618.26;0.65;1259.44;654.07;0.81;1285.69;645.0;0.78;1275.19;695.12;0.81;1316.72;681.75;0.76;1281.4;745.72;0.82;1326.75;726.15;0.67;1308.61;737.13;0.69;1317.68;733.31;0.66;1307.65;807.78;0.71;1271.85;783.44;0.81;1363.51;858.38;0.77;1329.61;824.97;0.77;166.0;152.55;131.4;83.28;148.6;117.66;9.63;20.26;170.37;159.74;225.8;3.26;16.41;take_off
60;1;1125.56;563.27;0.94;1130.29;559.99;0.98;1123.01;558.9;0.98;1139.38;567.63;0.53;1120.11;565.81;0.32;1145.56;593.09;0.8;1107.01;590.91;0.77;1160.84;613.45;0.84;1085.56;608.36;0.84;1139.02;601.45;0.66;1093.19;586.18;0.82;1134.65;652.0;0.77;1117.2;651.64;0.78;1129.56;696.37;0.79;1114.29;697.46;0.83;1125.2;746.19;0.82;1131.74;730.55;0.82;24.32;31.87;178.46;148.56;176.05;166.85;47.36;60.39;132.64;119.61;175.1;22.29;1.0;
61;0;1211.82;611.81;0.81;1212.77;608.95;0.67;1216.11;609.9;0.71;1215.16;611.81;0.79;1233.75;611.81;0.82;1214.2;644.23;0.85;1255.68;636.12;0.79;1230.41;669.02;0.84;1296.68;654.72;0.84;1247.58;705.25;0.74;1330.05;691.42;0.86;1260.93;732.9;0.73;1276.18;729.56;0.66;1279.52;798.69;0.84;1218.5;758.64;0.87;1341.49;840.17;0.85;1233.27;827.77;0.87;172.17;156.67;139.57;104.69;168.0;104.38;5.39;53.23;174.61;126.77;222.16;1587.22;1049.73;
61;1;1126.4;565.95;0.9;1131.12;562.68;0.91;1123.85;561.95;0.94;1139.48;569.95;0.46;1119.85;568.13;0.28;1147.47;596.11;0.81;1109.32;595.75;0.78;1160.55;625.9;0.86;1096.24;623.72;0.75;1149.29;628.81;0.81;1096.96;619.0;0.8;1136.93;656.06;0.74;1117.67;656.43;0.75;1129.3;695.67;0.79;1116.58;697.49;0.8;1124.94;745.09;0.79;1131.48;733.46;0.8;80.77;16.31;174.14;155.98;179.06;170.64;33.67;32.9;146.33;147.1;173.33;879.45;994.21;
62;0;1211.4;611.82;0.81;1212.35;608.96;0.67;1216.16;609.91;0.71;1215.21;611.82;0.79;1233.79;611.82;0.82;1214.26;644.22;0.85;1255.71;636.12;0.79;1230.45;668.99;0.84;1296.68;654.7;0.84;1248.08;705.68;0.74;1330.03;691.39;0.86;1260.95;732.84;0.72;1276.19;729.5;0.66;1279.53;799.06;0.84;1218.54;758.57;0.87;1341.94;840.04;0.85;1233.31;827.65;0.87;172.49;156.67;138.96;104.69;167.89;104.38;5.39;53.23;174.61;126.77;222.03;20.02;1.26;
62;1;1126.71;565.94;0.9;1131.06;562.68;0.92;1123.81;561.95;0.94;1139.77;569.93;0.46;1119.81;568.12;0.28;1147.4;596.06;0.81;1109.29;595.7;0.78;1160.46;625.82;0.86;1096.23;623.65;0.75;1149.21;628.73;0.81;1096.95;618.93;0.8;1136.87;656.31;0.74;1117.64;656.67;0.75;1129.25;695.86;0.79;1116.55;697.32;0.8;1124.53;745.58;0.79;1131.79;733.61;0.8;80.77;16.31;174.52;155.68;179.0;170.67;33.61;32.85;146.39;147.15;173.65;3.47;2.24;
63;0;1176.59;613.38;0.82;1174.83;609.43;0.67;1180.1;608.99;0.64;1177.47;612.94;0.71;1199.43;611.19;0.66;1176.15;641.06;0.8;1221.39;631.39;0.77;1197.67;659.06;0.8;1264.87;644.13;0.82;1223.15;696.4;0.76;1303.53;671.36;0.84;1220.07;726.71;0.67;1236.76;724.95;0.64;1224.03;799.62;0.76;1181.42;764.48;0.81;1285.96;816.75;0.79;1160.34;829.49;0.81;164.23;161.16;108.56;143.51;155.95;116.21;22.93;64.34;157.07;115.66;209.73;800.71;999.7;
63;1;1127.27;567.28;0.97;1130.98;563.98;0.94;1124.79;563.98;0.9;1139.24;569.76;0.7;1119.83;568.11;0.54;1149.56;598.25;0.83;1110.34;596.18;0.81;1160.3;625.91;0.85;1102.91;620.13;0.8;1154.93;639.53;0.81;1101.25;633.34;0.79;1138.83;658.11;0.75;1117.77;658.53;0.77;1129.33;698.58;0.83;1119.42;699.4;0.82;1124.79;745.23;0.8;1131.39;735.74;0.82;137.29;169.88;172.35;164.07;176.96;175.52;31.37;24.04;148.63;155.96;173.2;367.97;452.67;
63;2;1185.89;607.85;0.45;1185.89;607.85;0.3;1185.89;609.04;0.37;1185.89;618.53;0.28;1198.65;610.22;0.58;1185.89;642.26;0.59;1222.08;633.06;0.73;1196.57;660.65;0.69;1264.8;644.04;0.66;1224.45;700.1;0.69;1303.36;671.33;0.71;1213.78;729.47;0.71;1237.51;726.2;0.66;1225.05;794.13;0.59;1185.89;765.36;0.58;1244.33;794.13;0.31;1185.89;794.13;0.38;174.89;159.12;99.89;127.18;172.16;117.78;12.41;66.19;167.59;113.81;186.28;;;
64;0;1176.36;613.71;0.82;1174.6;609.33;0.68;1179.86;608.9;0.64;1177.23;612.84;0.71;1199.57;611.09;0.66;1176.36;641.31;0.8;1221.47;631.24;0.77;1197.82;659.27;0.8;1264.83;644.38;0.82;1223.22;696.5;0.76;1303.38;671.53;0.84;1220.16;726.72;0.67;1236.8;724.97;0.64;1224.1;799.43;0.76;1181.17;764.39;0.81;1286.3;816.95;0.79;1160.15;829.66;0.81;164.23;161.69;108.84;143.18;155.95;116.04;22.93;63.85;157.07;116.15;209.59;3.8;6.77;
64;1;1127.3;567.59;0.97;1130.95;564.35;0.92;1124.86;563.94;0.89;1139.46;569.62;0.75;1120.0;568.4;0.58;1149.2;598.01;0.83;1110.27;596.38;0.82;1160.15;625.99;0.85;1102.97;620.31;0.8;1154.47;639.78;0.81;1101.34;633.69;0.79;1139.06;658.43;0.75;1117.57;658.84;0.77;1129.33;698.18;0.83;1119.59;699.39;0.82;1124.46;745.63;0.8;1131.35;735.89;0.81;136.25;169.95;172.1;165.0;175.76;176.2;30.9;23.63;149.1;156.37;173.17;15.6;10.96;
64;2;1186.13;608.04;0.47;1186.13;608.04;0.3;1186.13;609.22;0.38;1186.13;618.4;0.28;1198.27;609.81;0.58;1186.13;642.68;0.59;1221.96;632.91;0.73;1197.09;661.04;0.68;1264.6;643.87;0.66;1224.33;699.83;0.69;1303.39;671.41;0.71;1213.67;729.15;0.71;1237.65;726.19;0.65;1224.92;794.0;0.59;1186.13;765.27;0.57;1245.95;794.0;0.31;1186.13;794.0;0.39;175.75;159.04;99.84;127.18;172.18;117.63;13.16;66.04;166.84;113.96;185.96;8.9;2.56;
65;0;1175.72;613.79;0.81;1173.98;609.42;0.68;1179.65;608.99;0.64;1177.03;612.91;0.72;1199.71;611.17;0.67;1176.16;641.27;0.8;1221.52;631.23;0.77;1198.4;659.59;0.8;1265.14;644.32;0.82;1223.27;697.1;0.76;1303.53;671.37;0.84;1220.21;727.2;0.67;1236.35;725.02;0.63;1224.14;799.61;0.76;1181.39;764.28;0.81;1286.08;817.06;0.79;1160.02;829.71;0.81;163.01;161.53;108.84;143.63;155.96;116.55;23.38;64.31;156.62;115.69;209.6;18.18;6.74;
65;1;1126.92;567.8;0.96;1130.88;564.63;0.9;1124.54;564.23;0.88;1139.6;569.78;0.79;1119.79;568.59;0.6;1149.11;597.91;0.82;1110.28;596.33;0.81;1160.6;626.04;0.84;1103.15;619.3;0.79;1154.65;640.3;0.79;1101.56;632.77;0.78;1138.81;658.13;0.75;1117.81;658.53;0.76;1129.3;697.75;0.83;1119.39;699.33;0.81;1124.94;745.29;0.8;1131.67;735.78;0.81;135.16;169.47;171.74;163.6;176.21;175.32;31.92;24.14;148.08;155.86;172.74;16.71;28.47;
65;2;1186.57;607.88;0.47;1186.57;608.17;0.3;1186.57;609.35;0.39;1186.57;618.49;0.27;1198.37;609.65;0.58;1186.57;642.37;0.58;1222.24;632.94;0.73;1197.48;661.24;0.69;1264.69;643.84;0.66;1223.72;699.26;0.7;1303.01;671.26;0.71;1213.69;729.63;0.7;1237.87;726.09;0.66;1224.9;793.59;0.59;1186.57;764.41;0.56;1237.57;793.59;0.32;1186.57;793.59;0.41;175.43;158.83;99.93;126.76;172.67;117.24;12.77;66.07;167.23;113.93;185.72;25.16;12.17;
66;0;1145.48;621.74;0.83;1144.21;618.78;0.7;1147.6;618.78;0.68;1142.94;622.16;0.69;1162.84;620.05;0.67;1141.25;650.1;0.84;1186.54;641.21;0.8;1165.8;663.65;0.79;1223.37;658.57;0.81;1185.69;704.29;0.76;1257.24;683.97;0.82;1184.85;729.69;0.74;1203.05;728.84;0.69;1150.14;793.18;0.76;1148.02;773.29;0.72;1197.97;817.74;0.72;1138.71;834.25;0.8;144.97;168.36;88.51;137.61;122.62;118.26;32.4;54.1;147.6;125.9;204.25;1151.12;1443.75;
66;1;1128.06;568.56;0.89;1133.45;565.19;0.95;1126.03;564.51;0.93;1141.89;571.94;0.75;1121.98;569.57;0.53;1148.98;598.59;0.8;1110.17;597.92;0.82;1156.4;627.95;0.74;1104.77;626.26;0.84;1153.7;650.22;0.57;1107.13;646.17;0.8;1137.84;661.36;0.76;1120.29;661.02;0.78;1133.45;701.18;0.78;1122.99;698.48;0.81;1127.04;747.41;0.78;1134.47;738.97;0.8;158.9;162.45;178.39;168.3;176.23;175.01;24.25;19.9;155.75;160.1;174.63;299.91;436.65;
67;0;1145.11;621.8;0.83;1144.26;618.84;0.7;1147.65;618.84;0.68;1143.0;622.22;0.68;1162.88;619.68;0.66;1141.3;650.15;0.84;1186.58;641.27;0.8;1165.85;663.69;0.79;1223.4;658.62;0.81;1185.73;704.32;0.76;1257.25;683.58;0.83;1185.31;729.71;0.74;1203.08;728.86;0.69;1150.19;793.6;0.76;1148.07;773.29;0.72;1198.01;817.3;0.72;1138.76;834.23;0.8;144.97;168.82;87.57;137.61;122.25;118.26;32.16;54.1;147.84;125.9;203.97;1.53;11.59;
67;1;1128.02;568.42;0.89;1133.42;565.04;0.95;1126.0;564.37;0.93;1141.85;571.79;0.75;1121.95;569.43;0.52;1148.94;598.78;0.8;1110.14;597.77;0.82;1156.36;628.13;0.73;1104.74;626.11;0.85;1153.66;650.06;0.57;1107.44;646.35;0.8;1137.8;661.53;0.76;1120.26;661.2;0.78;1133.76;701.35;0.77;1123.3;698.65;0.81;1127.34;747.23;0.78;1134.43;739.13;0.8;158.79;161.62;177.85;169.26;175.75;175.57;24.25;19.85;155.75;160.15;174.77;4.95;10.64;take_off
68;0;1126.63;626.11;0.81;1126.16;622.31;0.7;1136.15;622.31;0.68;1122.35;628.97;0.73;1142.8;627.54;0.72;1122.83;657.51;0.87;1163.26;648.95;0.77;1145.18;678.44;0.78;1200.83;671.3;0.8;1163.26;721.72;0.73;1231.75;706.02;0.83;1160.88;730.76;0.68;1187.04;729.33;0.67;1119.02;780.7;0.83;1135.19;775.47;0.72;1145.18;826.36;0.77;1134.72;833.49;0.75;155.78;162.43;110.22;132.14;112.58;115.18;19.44;42.77;160.56;137.23;203.81;855.42;1022.19;
68;1;1131.6;569.51;0.72;1135.64;565.64;0.76;1128.9;565.3;0.75;1142.38;571.2;0.67;1124.35;569.01;0.54;1153.17;596.98;0.65;1111.04;597.99;0.7;1163.61;619.56;0.68;1106.49;625.8;0.69;1162.1;640.46;0.64;1109.69;648.55;0.7;1149.29;650.4;0.45;1122.16;655.12;0.49;1183.5;670.12;0.35;1123.17;670.12;0.34;1183.5;670.12;0.32;1121.82;670.12;0.27;151.02;162.7;90.0;86.14;115.81;172.84;28.98;20.31;151.02;159.69;100.61;384.65;94.62;jump_peak
69;0;1107.46;628.59;0.74;1107.46;625.47;0.63;1113.71;624.43;0.58;1110.06;631.72;0.59;1128.81;630.16;0.55;1107.98;659.83;0.88;1148.59;650.46;0.85;1124.64;694.72;0.84;1178.79;687.43;0.88;1131.93;741.05;0.83;1201.7;729.08;0.84;1144.43;730.64;0.69;1168.9;731.16;0.76;1098.09;773.34;0.87;1120.48;772.81;0.84;1094.97;835.29;0.89;1131.41;833.73;0.87;163.41;169.57;135.54;120.53;105.42;116.58;1.71;25.12;178.29;154.88;205.92;1107.8;1139.83;
69;1;1134.53;570.66;0.79;1138.14;566.15;0.78;1130.47;566.15;0.81;1141.3;569.76;0.83;1124.6;570.21;0.77;1152.58;595.47;0.73;1113.32;597.28;0.76;1165.21;618.03;0.74;1107.91;629.32;0.63;1164.31;645.56;0.71;1202.21;730.84;0.47;1147.16;652.78;0.58;1129.11;656.39;0.56;1157.54;687.97;0.54;1124.6;692.03;0.46;1148.97;734.45;0.33;1132.72;737.15;0.4;148.87;127.52;153.12;162.58;158.17;157.83;34.65;24.55;145.35;155.45;165.14;167.22;3726.09;landing
69;2;1108.2;629.21;0.8;1106.07;625.48;0.71;1117.28;623.87;0.68;1110.34;631.35;0.7;1128.49;629.21;0.7;1107.67;660.17;0.92;1149.31;650.03;0.85;1124.22;694.34;0.87;1179.2;687.93;0.85;1132.22;741.85;0.83;1202.15;730.1;0.81;1143.97;730.1;0.69;1169.06;731.17;0.74;1097.53;772.81;0.89;1120.48;772.81;0.87;1095.39;835.26;0.89;1131.16;833.13;0.9;163.72;170.3;134.56;120.56;105.17;116.92;1.59;24.58;178.41;155.42;204.98;3036.87;3513.97;take_off
70;0;1108.91;627.64;0.75;1106.79;623.93;0.6;1120.55;622.34;0.53;1109.44;629.22;0.66;1126.9;629.22;0.62;1108.91;660.44;0.89;1148.59;650.39;0.81;1124.25;694.3;0.84;1179.81;687.42;0.81;1131.13;740.86;0.8;1201.5;729.22;0.77;1144.89;728.69;0.65;1167.64;729.75;0.7;1098.33;773.14;0.86;1120.02;772.08;0.8;1094.62;833.46;0.85;1131.66;833.46;0.84;164.03;167.3;137.18;120.89;105.87;118.14;3.42;26.63;176.58;153.37;205.82;24.76;7.33;
70;1;1108.67;627.43;0.73;1107.14;624.38;0.59;1114.78;624.38;0.56;1109.18;631.5;0.56;1129.53;631.0;0.52;1107.65;660.0;0.88;1148.36;650.33;0.84;1124.44;694.59;0.82;1178.88;687.47;0.87;1132.07;740.89;0.82;1201.78;729.7;0.83;1145.3;730.21;0.68;1168.71;730.72;0.75;1097.99;773.46;0.86;1120.37;772.44;0.84;1094.93;835.53;0.88;1131.06;833.49;0.87;163.47;169.05;135.24;120.87;104.23;116.59;2.31;25.21;177.69;154.79;207.08;3028.4;36.63;
70;2;1134.67;570.36;0.79;1138.27;566.31;0.79;1130.62;565.86;0.82;1141.41;569.91;0.84;1124.78;570.36;0.77;1152.66;595.09;0.73;1113.54;597.34;0.76;1165.25;618.02;0.74;1108.14;628.81;0.63;1164.35;645.9;0.71;1202.12;730.88;0.46;1146.81;652.64;0.58;1129.27;655.79;0.57;1158.05;687.72;0.54;1124.78;691.31;0.46;1149.06;734.48;0.34;1132.42;737.18;0.4;149.38;127.64;151.34;163.32;156.43;157.72;34.57;24.8;145.43;155.2;165.47;3044.81;23.51;
71;0;1103.9;618.17;0.78;1101.81;619.22;0.5;1116.98;616.61;0.5;1095.53;626.02;0.67;1119.07;624.45;0.66;1092.91;659.5;0.9;1132.67;649.04;0.87;1095.53;706.05;0.9;1150.98;692.98;0.85;1091.35;749.47;0.82;1154.12;742.15;0.65;1121.16;732.73;0.76;1149.93;733.78;0.81;1080.36;776.15;0.83;1107.04;774.58;0.82;1048.97;835.26;0.88;1129.01;836.83;0.87;171.28;161.03;164.75;114.13;115.69;122.05;17.88;11.11;162.12;168.89;217.87;1224.94;1478.04;
71;1;1138.13;570.23;0.82;1141.55;566.38;0.8;1134.7;566.38;0.81;1144.98;569.59;0.49;1126.79;568.74;0.65;1155.46;594.63;0.74;1114.8;595.7;0.72;1165.74;617.1;0.74;1104.1;617.74;0.7;1166.59;641.92;0.75;1102.39;637.0;0.61;1148.61;652.2;0.63;1124.65;651.98;0.6;1144.76;683.23;0.59;1129.14;683.87;0.51;1142.19;697.78;0.41;1133.42;697.78;0.38;157.41;159.19;177.07;170.92;179.71;178.1;31.35;35.81;148.65;144.19;127.55;3154.15;4089.77;
72;0;1083.0;611.94;0.75;1080.25;609.65;0.58;1095.81;608.28;0.57;1079.8;614.23;0.66;1101.76;613.31;0.65;1071.56;646.71;0.83;1111.36;645.79;0.85;1040.91;671.42;0.85;1092.15;676.91;0.75;1027.18;667.76;0.84;1054.17;683.77;0.77;1077.97;730.89;0.79;1106.79;732.72;0.82;1049.14;782.59;0.85;1089.86;782.59;0.87;1014.83;835.21;0.9;1123.72;831.55;0.89;126.2;131.95;176.03;126.58;146.51;164.26;55.48;28.69;124.52;151.31;221.44;3126.49;3482.98;
72;1;1145.97;571.17;0.84;1148.36;567.07;0.87;1142.55;567.07;0.86;1150.07;568.78;0.62;1132.64;568.43;0.77;1157.59;593.72;0.82;1116.92;596.12;0.82;1167.5;616.62;0.83;1110.43;625.16;0.81;1173.31;639.52;0.83;1108.38;646.69;0.71;1150.76;653.53;0.76;1130.25;654.21;0.77;1147.34;690.78;0.79;1130.59;694.88;0.83;1145.97;738.62;0.81;1134.01;737.94;0.84;170.83;172.84;176.39;175.94;178.72;167.56;29.92;25.52;150.08;154.48;167.11;214.81;342.84;
73;0;1083.31;611.95;0.75;1082.37;609.59;0.56;1095.56;608.65;0.56;1079.54;613.83;0.64;1101.22;612.89;0.62;1071.06;646.81;0.84;1111.58;646.34;0.85;1040.91;671.78;0.86;1092.26;677.44;0.76;1027.24;667.54;0.84;1054.1;684.03;0.77;1078.13;730.68;0.8;1106.4;733.03;0.82;1049.39;782.98;0.86;1089.91;782.98;0.87;1014.99;834.8;0.9;1123.36;831.03;0.88;123.13;131.66;175.22;126.89;146.39;165.15;55.19;28.43;124.81;151.57;220.97;6.7;8.25;
73;1;1146.11;571.25;0.84;1148.55;567.07;0.88;1142.62;567.07;0.87;1149.94;568.81;0.64;1132.5;568.46;0.78;1157.62;593.58;0.82;1116.81;596.37;0.83;1167.73;616.25;0.84;1110.53;624.62;0.81;1173.31;639.62;0.83;1108.79;645.9;0.71;1150.64;653.57;0.76;1130.06;654.27;0.78;1147.5;690.89;0.79;1130.41;695.08;0.83;1146.11;738.33;0.81;1134.25;737.63;0.84;169.39;172.16;176.88;175.34;178.18;167.6;30.68;25.42;149.32;154.58;166.73;3.09;26.89;
74;0;1073.69;604.17;0.73;1068.78;601.44;0.48;1082.96;601.44;0.46;1068.78;605.26;0.51;1094.42;607.99;0.57;1057.33;633.63;0.89;1097.69;639.08;0.88;1020.23;629.81;0.95;1094.96;664.17;0.57;1024.6;612.35;0.89;1070.96;630.9;0.34;1061.14;721.99;0.83;1090.6;724.17;0.87;1035.51;777.63;0.9;1086.78;780.35;0.88;1012.05;833.81;0.96;1120.05;825.08;0.95;81.84;42.01;177.92;139.47;152.79;179.12;98.35;1.44;81.65;178.56;225.27;1662.67;1677.51;
74;1;1149.6;571.48;0.86;1151.51;566.51;0.87;1146.15;566.89;0.83;1149.6;568.04;0.56;1135.43;567.65;0.76;1158.41;593.31;0.85;1118.2;595.99;0.87;1168.75;617.05;0.85;1112.07;626.63;0.88;1176.79;637.73;0.8;1111.69;654.58;0.86;1152.66;653.82;0.81;1131.98;654.58;0.81;1151.51;691.73;0.83;1131.6;694.03;0.88;1151.9;737.3;0.85;1134.28;738.45;0.9;177.72;169.47;177.78;175.99;176.31;166.2;28.96;24.55;151.04;155.45;166.39;118.93;275.54;
75;0;1064.5;587.57;0.74;1060.95;582.59;0.53;1068.76;584.01;0.55;1056.68;586.86;0.66;1086.53;590.41;0.68;1048.87;611.73;0.87;1085.82;619.54;0.9;1014.05;586.86;0.92;1072.32;646.55;0.57;1027.55;560.56;0.89;1049.58;640.15;0.46;1049.58;701.26;0.85;1078.71;702.69;0.86;1029.68;768.77;0.93;1083.69;767.35;0.89;1013.34;830.6;0.98;1115.66;817.81;0.95;98.36;100.86;178.39;152.03;163.12;170.72;125.99;21.68;54.01;158.32;236.64;1561.04;701.16;
75;1;1152.38;572.16;0.87;1154.59;567.74;0.88;1148.85;567.74;0.84;1153.26;569.95;0.55;1138.25;568.63;0.75;1159.89;593.36;0.9;1120.59;595.56;0.89;1170.04;617.2;0.88;1112.64;626.48;0.92;1181.08;637.52;0.9;1111.31;655.62;0.91;1154.59;653.41;0.85;1133.39;654.74;0.83;1155.47;691.39;0.89;1132.95;695.81;0.91;1158.56;736.87;0.9;1134.28;738.64;0.94;174.55;168.18;177.44;177.61;173.63;167.17;28.11;26.63;151.89;153.37;165.6;129.49;33.2;
76;0;1059.88;564.87;0.82;1054.35;562.49;0.69;1063.05;560.12;0.68;1048.81;569.61;0.72;1077.28;572.78;0.74;1039.32;590.18;0.88;1075.7;600.46;0.91;1014.8;558.54;0.9;1052.76;584.64;0.62;1025.87;524.53;0.86;1025.87;572.78;0.65;1038.53;675.6;0.86;1067.0;676.39;0.89;1029.83;754.69;0.93;1083.61;748.36;0.87;1017.96;821.13;0.98;1107.34;805.31;0.95;124.19;169.21;176.15;170.37;174.25;160.47;141.69;118.06;38.31;61.94;248.35;1085.52;2149.34;
76;1;1154.9;572.35;0.85;1157.1;567.96;0.87;1152.27;567.96;0.83;1156.22;570.16;0.56;1141.29;568.84;0.72;1161.93;593.87;0.89;1122.41;595.18;0.89;1172.46;618.01;0.87;1113.63;625.92;0.92;1184.76;636.45;0.9;1111.88;655.77;0.92;1156.22;654.45;0.84;1135.15;655.77;0.83;1160.61;692.65;0.9;1133.39;696.16;0.92;1165.44;734.36;0.91;1134.27;738.31;0.94;169.88;167.42;179.95;176.32;168.06;165.64;28.96;27.81;151.04;152.19;163.98;115.02;17.58;
77;0;1054.9;547.18;0.84;1052.59;544.86;0.76;1057.99;543.32;0.71;1044.86;553.36;0.68;1068.03;556.45;0.71;1027.87;568.8;0.86;1069.58;580.39;0.87;1008.56;539.45;0.87;1051.81;564.17;0.62;1017.06;502.38;0.87;1032.5;561.08;0.57;1027.1;655.31;0.85;1055.67;655.31;0.86;1027.87;737.18;0.89;1074.21;727.14;0.86;1027.87;802.06;0.92;1099.7;785.07;0.91;133.75;146.69;179.46;170.72;178.95;155.02;146.15;121.88;33.85;58.12;246.39;717.36;404.55;
77;1;1157.49;572.42;0.88;1159.66;568.06;0.94;1154.87;568.06;0.9;1158.79;570.24;0.57;1144.42;569.37;0.76;1164.89;594.19;0.91;1124.39;595.06;0.91;1174.9;618.13;0.88;1115.25;625.54;0.93;1188.4;636.42;0.91;1112.2;653.84;0.93;1158.79;654.71;0.84;1136.59;656.01;0.84;1165.32;693.89;0.9;1133.97;696.94;0.92;1172.29;733.52;0.92;1134.41;738.74;0.96;166.26;169.45;179.49;175.75;164.79;165.04;28.45;28.01;151.55;151.99;163.71;109.62;59.02;
78;0;1055.01;546.89;0.84;1052.69;544.58;0.76;1058.09;543.04;0.71;1044.99;553.05;0.68;1068.11;556.14;0.71;1028.03;568.47;0.86;1069.65;580.03;0.87;1008.77;539.95;0.87;1053.46;565.38;0.62;1017.25;502.19;0.87;1034.97;562.3;0.57;1027.26;655.55;0.85;1055.01;655.55;0.86;1027.26;737.23;0.89;1074.27;727.21;0.86;1028.03;801.96;0.92;1099.7;785.01;0.91;133.3;147.32;179.32;171.3;179.49;153.98;145.45;121.17;34.55;58.83;246.59;7.98;82.82;
78;1;1157.85;572.48;0.88;1160.03;568.13;0.94;1154.81;568.13;0.9;1158.72;570.3;0.57;1144.37;569.43;0.75;1165.25;594.22;0.91;1124.36;595.09;0.91;1174.81;618.15;0.88;1115.22;625.54;0.93;1188.73;636.41;0.91;1112.18;653.81;0.93;1158.72;654.68;0.84;1136.54;655.99;0.84;1165.68;693.83;0.9;1133.93;696.87;0.92;1172.2;733.85;0.92;1134.36;739.06;0.96;164.5;169.45;179.18;175.76;163.76;165.04;27.96;28.01;152.04;151.99;163.98;10.05;0.98;
79;0;1042.23;530.02;0.87;1041.48;527.0;0.73;1046.76;527.0;0.73;1040.72;536.06;0.7;1058.83;540.58;0.7;1018.09;556.42;0.89;1061.84;562.46;0.87;994.71;522.48;0.89;1049.02;549.63;0.61;1000.74;484.76;0.9;1034.69;548.12;0.55;1014.32;640.15;0.87;1041.48;640.15;0.89;1021.86;719.36;0.89;1062.6;708.05;0.86;1042.23;776.69;0.93;1092.02;760.1;0.93;136.35;141.01;165.88;167.81;171.98;148.03;142.86;120.31;37.14;59.69;238.37;722.42;426.71;
79;1;1159.81;572.52;0.9;1161.96;568.66;0.95;1156.81;568.66;0.91;1161.96;570.81;0.61;1146.95;569.09;0.79;1167.53;594.81;0.9;1127.23;595.24;0.9;1178.68;618.39;0.87;1116.52;624.39;0.91;1191.11;635.97;0.88;1112.66;652.26;0.92;1161.1;654.83;0.83;1137.95;655.69;0.83;1170.1;694.7;0.88;1134.95;696.84;0.91;1179.11;733.28;0.92;1134.09;738.85;0.95;170.03;167.7;179.59;177.0;161.16;165.78;31.42;30.24;148.58;149.76;163.55;72.77;48.96;
80;0;1031.53;519.5;0.86;1032.24;518.79;0.83;1034.36;518.08;0.75;1032.95;525.15;0.62;1047.8;528.69;0.65;1008.19;541.42;0.89;1056.99;555.57;0.86;978.49;513.84;0.9;1080.33;551.32;0.88;971.42;479.89;0.91;1069.01;549.91;0.68;1004.66;624.17;0.88;1031.53;624.17;0.89;1011.02;701.26;0.92;1048.5;689.94;0.88;1048.5;745.81;0.91;1080.33;731.67;0.96;144.65;17.43;144.65;157.14;172.83;145.17;130.43;120.67;49.57;59.33;219.24;894.61;1034.35;
80;1;1161.03;573.0;0.96;1164.06;569.54;1.01;1158.0;569.54;0.99;1166.66;571.27;0.63;1148.91;569.97;0.76;1173.15;594.64;0.93;1130.3;594.64;0.95;1183.54;620.61;0.91;1118.61;624.51;0.95;1199.99;639.66;0.93;1114.72;653.51;0.97;1164.06;656.97;0.87;1139.82;657.41;0.86;1174.45;696.8;0.92;1135.93;698.09;0.94;1185.27;734.02;0.97;1134.2;740.08;0.98;160.99;166.28;178.41;176.89;157.08;165.9;30.1;30.0;149.9;150.0;164.05;289.43;72.53;
81;0;1021.3;512.52;0.69;1020.73;508.53;0.59;1029.28;509.1;0.58;1022.44;515.37;0.62;1037.26;517.65;0.6;996.8;530.75;0.85;1048.08;547.27;0.85;959.77;514.23;0.83;1083.4;549.55;0.91;942.11;493.72;0.88;1069.73;538.73;0.75;995.09;610.51;0.84;1020.73;611.08;0.82;1002.5;689.14;0.86;1034.98;674.32;0.83;1045.23;715.91;0.84;1069.73;706.23;0.89;154.78;34.68;127.46;145.25;173.39;144.11;112.82;109.51;67.18;70.49;198.55;975.11;337.2;
81;1;1162.08;573.51;1.0;1165.54;569.61;1.03;1158.61;569.18;1.01;1169.0;571.78;0.69;1150.82;570.05;0.81;1175.49;596.02;0.94;1133.08;594.72;0.96;1189.78;622.85;0.92;1120.09;624.58;0.93;1206.66;642.33;0.91;1116.2;653.15;0.97;1166.84;657.04;0.87;1142.17;657.91;0.86;1177.22;696.86;0.92;1137.4;698.16;0.94;1189.34;733.22;0.96;1133.94;739.71;0.97;167.11;164.27;176.19;178.02;157.31;165.07;36.1;31.68;143.9;148.32;162.96;216.08;45.79;
82;0;1012.76;505.53;0.65;1012.76;503.9;0.54;1020.94;503.35;0.55;1008.94;506.08;0.55;1031.85;509.9;0.62;987.67;525.17;0.84;1039.49;539.9;0.86;948.94;522.45;0.83;1078.22;545.36;0.94;918.39;522.99;0.89;1053.13;520.81;0.89;988.76;601.54;0.8;1013.85;602.09;0.81;993.67;678.45;0.82;1021.49;664.82;0.84;1041.13;698.64;0.88;1059.67;692.09;0.84;174.95;36.35;116.69;132.48;177.17;150.65;94.85;104.39;85.15;75.61;189.83;1133.78;735.1;
82;1;1164.63;573.32;1.0;1168.51;569.87;1.04;1161.62;569.44;1.03;1172.39;572.45;0.69;1153.87;570.73;0.83;1178.42;597.01;0.93;1137.07;595.28;0.95;1194.35;624.57;0.9;1122.42;624.57;0.93;1212.87;646.54;0.9;1118.12;653.0;0.97;1169.37;657.31;0.87;1144.39;658.17;0.87;1180.57;696.07;0.92;1138.36;698.23;0.93;1191.34;733.98;0.96;1134.48;740.01;0.97;169.9;162.05;179.75;176.74;155.36;164.8;38.56;33.21;141.44;146.79;163.68;225.97;57.93;
83;0;1012.2;505.31;0.65;1012.74;503.68;0.54;1020.33;503.14;0.54;1008.94;505.85;0.56;1031.71;509.65;0.62;987.8;525.37;0.84;1039.3;540.01;0.86;949.31;522.66;0.83;1078.33;545.43;0.93;918.95;523.2;0.89;1053.4;521.57;0.88;988.88;601.26;0.8;1013.82;602.35;0.81;993.76;678.24;0.82;1021.95;664.69;0.84;1040.93;698.3;0.87;1059.9;692.88;0.83;174.95;35.82;116.67;134.04;177.19;150.34;94.85;104.32;85.15;75.68;190.28;18.02;24.41;
83;1;1164.98;573.44;1.01;1168.42;570.0;1.05;1161.97;569.57;1.04;1172.29;572.15;0.7;1153.8;570.86;0.84;1178.31;597.08;0.93;1137.47;594.94;0.95;1194.21;624.17;0.91;1122.42;624.6;0.93;1212.7;645.66;0.9;1118.12;652.54;0.97;1169.28;657.27;0.87;1144.34;657.7;0.88;1180.89;695.96;0.92;1138.33;698.11;0.93;1191.2;734.23;0.96;1134.89;740.24;0.97;169.73;161.85;178.39;176.2;154.77;165.27;38.96;33.15;141.04;146.85;163.79;26.82;13.73;
84;0;1001.66;497.62;0.66;1002.18;494.52;0.53;1009.43;494.52;0.56;999.59;500.21;0.56;1023.92;500.73;0.56;978.88;521.44;0.81;1028.07;530.76;0.83;936.95;535.42;0.81;1067.41;533.86;0.89;905.37;555.09;0.83;1048.78;502.8;0.89;983.02;595.47;0.75;1007.36;596.51;0.79;986.13;670.02;0.78;1011.5;659.15;0.81;1029.62;697.98;0.81;1054.47;683.49;0.85;166.51;54.52;125.12;123.3;179.18;158.73;74.77;102.97;105.23;77.03;193.11;1043.1;581.8;jump_peak
84;1;1165.98;573.47;0.98;1169.7;570.17;1.01;1163.09;568.93;0.95;1174.66;573.06;0.75;1156.48;571.41;0.8;1182.92;598.26;0.93;1140.79;595.78;0.94;1199.03;626.34;0.93;1125.92;623.04;0.92;1216.79;648.65;0.89;1120.55;651.12;0.95;1173.42;660.21;0.86;1147.4;660.21;0.87;1183.74;698.21;0.91;1139.96;698.62;0.9;1192.0;735.38;0.96;1134.59;740.34;0.97;171.31;162.21;177.33;176.38;156.08;163.19;38.55;34.47;141.45;145.53;164.39;152.23;84.67;
85;0;974.39;487.32;0.61;969.25;485.45;0.49;984.21;484.98;0.5;970.65;491.06;0.68;988.89;492.0;0.64;953.81;522.86;0.84;1001.51;514.44;0.84;936.04;567.75;0.86;1021.62;500.88;0.81;911.26;601.42;0.86;1029.57;487.79;0.87;972.05;587.39;0.78;994.97;585.52;0.8;973.45;664.09;0.79;999.64;656.14;0.81;990.76;715.53;0.85;1036.59;703.37;0.87;165.24;155.26;162.46;145.76;165.27;170.95;37.38;129.26;142.62;50.74;222.13;1405.5;733.53;
85;1;1170.17;576.14;0.98;1174.06;571.93;0.99;1167.25;571.93;1.0;1181.2;574.85;0.78;1163.68;574.52;0.71;1191.26;602.75;0.85;1148.76;596.26;0.88;1206.19;629.68;0.88;1132.53;623.84;0.9;1221.11;654.02;0.86;1126.37;649.8;0.9;1178.28;661.16;0.79;1152.65;660.51;0.82;1187.69;698.47;0.84;1143.89;698.47;0.86;1192.24;735.78;0.93;1134.8;738.7;0.94;177.47;162.89;172.79;179.73;153.32;163.54;41.52;33.93;138.48;146.07;161.1;207.57;179.56;
86;0;974.33;487.38;0.61;969.65;485.51;0.49;984.14;485.04;0.5;970.59;491.12;0.69;988.81;492.05;0.65;953.76;523.36;0.84;1001.43;514.48;0.84;936.0;567.76;0.86;1021.53;500.46;0.81;911.23;601.42;0.86;1029.94;487.84;0.86;971.99;587.39;0.78;994.89;585.52;0.8;973.39;664.04;0.79;999.56;656.1;0.81;991.15;715.45;0.85;1036.49;703.3;0.87;165.44;158.59;161.99;145.76;165.16;170.95;37.69;130.16;142.31;49.84;222.0;0.89;11.31;
86;1;1170.15;576.15;0.98;1174.04;571.93;0.99;1167.23;571.93;1.0;1181.18;574.85;0.78;1163.66;574.53;0.72;1191.24;602.75;0.85;1148.41;596.26;0.88;1206.16;629.68;0.88;1132.51;623.84;0.9;1221.09;653.69;0.86;1126.35;650.12;0.9;1178.26;660.83;0.79;1152.63;660.18;0.82;1187.67;698.46;0.84;1143.87;698.46;0.86;1192.21;735.77;0.93;1135.11;738.69;0.94;177.13;163.24;172.9;179.4;153.37;163.34;41.59;33.74;138.41;146.26;161.08;9.91;9.68;
87;0;962.05;491.94;0.58;958.29;493.55;0.36;972.78;492.48;0.52;954.54;496.77;0.31;975.46;491.94;0.45;949.17;527.89;0.85;986.73;503.75;0.82;938.44;577.78;0.85;997.99;468.88;0.86;912.69;612.65;0.87;1013.55;446.88;0.88;965.27;592.27;0.79;991.02;588.51;0.8;963.66;668.45;0.82;1001.21;661.47;0.84;965.27;725.85;0.87;1019.45;715.66;0.91;155.69;162.63;177.18;169.35;164.75;174.95;26.17;159.2;153.83;20.8;228.81;341.05;1327.76;
87;1;1173.71;577.23;1.0;1177.57;573.38;0.98;1171.14;573.06;1.0;1184.63;576.59;0.77;1166.97;575.62;0.69;1193.94;603.87;0.87;1151.88;596.49;0.88;1207.74;630.84;0.88;1135.83;623.77;0.89;1221.54;655.55;0.88;1128.77;650.42;0.91;1181.42;660.05;0.78;1155.42;659.09;0.81;1189.44;697.28;0.86;1146.11;696.64;0.87;1192.65;735.81;0.93;1136.48;737.09;0.95;177.93;164.38;172.6;179.47;155.27;162.85;39.67;33.69;140.33;146.31;159.22;57.79;73.46;
88;0;1176.93;579.08;0.98;1180.81;575.52;0.95;1174.34;575.2;0.98;1187.29;578.11;0.77;1170.46;577.14;0.68;1194.73;604.98;0.87;1154.59;597.86;0.87;1208.33;631.53;0.88;1138.73;623.43;0.88;1221.93;656.13;0.88;1131.93;650.63;0.91;1182.76;660.34;0.8;1156.54;659.37;0.82;1190.53;696.92;0.88;1147.47;696.92;0.88;1192.47;735.76;0.92;1139.05;737.71;0.94;178.19;162.23;170.87;178.09;155.8;164.62;39.33;33.62;140.67;146.38;157.65;9397.14;7091.03;
88;1;945.02;501.08;0.61;943.87;498.77;0.49;952.51;495.89;0.48;943.29;504.54;0.37;960.58;497.62;0.54;948.48;539.7;0.77;969.81;506.84;0.78;938.1;587.54;0.82;965.77;459.0;0.77;911.01;619.82;0.85;960.58;420.38;0.83;962.31;596.19;0.71;987.1;591.0;0.75;953.09;673.43;0.82;995.75;665.36;0.84;943.87;731.07;0.86;1004.39;721.85;0.88;152.23;177.17;177.72;177.93;159.43;175.02;26.0;173.21;154.0;6.79;225.38;9406.31;8575.3;
89;0;1177.06;579.28;0.98;1180.95;575.39;0.95;1174.47;575.07;0.98;1187.43;578.31;0.78;1170.26;577.01;0.68;1194.88;604.87;0.87;1154.71;598.07;0.87;1208.17;631.44;0.88;1138.84;623.66;0.88;1221.77;656.06;0.88;1132.03;650.55;0.91;1182.9;660.27;0.8;1156.65;659.3;0.82;1190.67;696.88;0.88;1147.58;696.88;0.88;1192.62;735.76;0.92;1138.84;737.38;0.94;177.64;162.39;170.87;178.62;155.8;164.61;38.77;33.63;141.23;146.37;157.29;5.05;3.73;
89;1;946.11;501.69;0.52;944.18;495.39;0.37;965.49;495.39;0.41;942.24;502.66;0.32;962.1;499.27;0.47;948.05;540.92;0.75;971.3;507.98;0.75;937.88;587.41;0.79;966.45;461.49;0.78;911.24;619.37;0.79;961.61;428.07;0.7;963.06;594.68;0.69;987.76;589.83;0.72;953.38;673.62;0.76;995.51;664.9;0.79;944.18;730.28;0.81;1004.23;721.56;0.83;152.53;177.7;177.77;177.15;157.4;174.52;27.94;174.57;152.06;5.43;224.23;15.17;233.59;cocking_backswing
90;0;1182.15;582.31;0.95;1186.62;578.8;0.97;1179.27;578.16;0.95;1193.98;582.31;0.8;1175.76;579.76;0.65;1199.73;608.52;0.86;1159.78;601.17;0.85;1210.27;634.09;0.86;1143.48;622.58;0.85;1219.86;656.46;0.81;1136.13;648.15;0.88;1185.35;659.65;0.77;1159.46;658.06;0.8;1191.74;696.41;0.86;1150.19;695.45;0.87;1192.38;734.76;0.88;1141.88;736.04;0.89;179.22;158.76;171.09;177.65;154.43;166.4;38.12;36.96;141.88;143.04;153.08;58.73;142.95;
90;1;922.23;518.09;0.56;925.95;511.57;0.44;932.01;510.17;0.47;924.09;648.96;0.29;942.72;507.84;0.43;932.47;550.69;0.75;952.03;521.81;0.74;929.21;602.39;0.77;921.76;496.2;0.71;911.05;644.77;0.78;898.47;482.69;0.82;950.17;607.51;0.71;972.06;602.39;0.7;934.34;683.43;0.77;978.58;675.97;0.76;919.9;741.64;0.78;985.57;730.0;0.81;160.41;169.88;177.85;177.7;150.92;171.11;20.91;144.19;159.09;35.81;217.74;764.19;2512.19;
91;0;1182.17;582.37;0.95;1186.65;579.17;0.98;1179.28;578.21;0.96;1194.01;582.37;0.79;1175.76;579.81;0.65;1199.77;608.3;0.86;1160.07;600.94;0.85;1210.02;634.23;0.86;1143.43;622.71;0.85;1219.94;656.97;0.81;1136.06;648.0;0.88;1185.37;659.85;0.77;1159.43;658.25;0.79;1191.45;696.67;0.86;1150.15;695.38;0.87;1192.41;734.76;0.89;1141.83;736.04;0.89;177.97;158.83;172.06;177.53;155.0;166.6;37.17;36.77;142.83;143.23;153.04;15.46;4.9;
91;1;922.59;517.59;0.56;926.79;511.06;0.44;931.92;510.13;0.47;923.99;648.75;0.28;942.19;507.79;0.43;932.39;550.73;0.75;951.53;522.26;0.74;929.12;602.08;0.77;921.19;496.12;0.71;910.92;644.55;0.78;898.32;483.05;0.81;950.13;607.21;0.71;972.06;602.54;0.7;934.26;683.76;0.77;978.6;676.29;0.76;920.25;741.64;0.78;985.6;729.97;0.81;160.44;169.0;178.11;177.63;150.85;170.71;21.08;145.1;158.92;34.9;218.21;7.64;11.95;
92;0;1183.96;584.78;0.88;1188.13;581.24;0.98;1181.71;580.28;0.91;1196.17;584.78;0.84;1178.49;582.21;0.64;1201.31;611.46;0.83;1162.74;601.81;0.83;1211.6;636.21;0.84;1145.71;622.06;0.83;1219.63;659.35;0.78;1138.31;647.14;0.86;1185.88;660.31;0.77;1159.85;658.39;0.78;1191.99;696.64;0.84;1150.53;695.03;0.85;1192.31;734.56;0.87;1142.49;735.21;0.87;176.58;156.36;170.94;177.04;152.93;168.65;40.09;37.15;139.91;142.85;150.11;72.34;72.56;
92;1;914.22;524.07;0.71;916.01;521.39;0.6;919.59;519.15;0.57;918.24;524.52;0.47;933.89;519.15;0.54;924.5;562.07;0.77;945.52;533.46;0.75;928.08;608.12;0.76;911.09;523.18;0.71;912.88;651.04;0.76;890.08;521.84;0.79;943.73;614.83;0.64;965.64;609.91;0.67;925.4;691.73;0.75;971.89;683.23;0.76;914.67;749.85;0.77;981.28;737.33;0.81;156.06;167.02;177.05;175.03;146.57;170.14;15.58;121.37;164.42;58.63;219.52;204.09;1193.08;
93;0;909.59;533.78;0.82;910.51;532.87;0.73;915.07;531.5;0.69;910.96;536.52;0.56;927.85;534.24;0.52;917.81;571.21;0.79;941.09;551.12;0.78;926.48;614.11;0.78;912.33;554.32;0.69;909.14;659.75;0.78;889.97;555.23;0.8;936.07;629.63;0.65;958.89;624.15;0.7;915.53;702.66;0.78;966.19;694.44;0.78;908.68;763.36;0.81;980.34;744.65;0.84;147.77;176.0;170.73;170.19;146.94;172.23;5.93;97.36;174.07;82.64;220.22;9343.61;7968.61;
93;1;1184.93;586.61;0.87;1189.43;582.43;0.94;1183.0;581.79;0.86;1197.78;586.28;0.79;1180.11;584.04;0.57;1203.24;613.27;0.82;1164.37;602.35;0.82;1212.23;638.0;0.83;1147.03;622.9;0.83;1219.62;660.49;0.76;1139.64;647.96;0.87;1186.54;660.81;0.77;1160.2;658.56;0.78;1192.0;697.11;0.84;1150.88;695.18;0.85;1192.32;734.69;0.87;1142.85;735.33;0.87;178.21;156.27;171.93;177.04;152.09;169.98;39.34;35.91;140.66;144.09;148.4;9235.03;8414.48;
94;0;909.58;533.79;0.82;910.5;532.88;0.73;915.06;531.06;0.69;910.95;536.53;0.55;927.85;534.25;0.51;917.8;570.78;0.79;941.09;551.14;0.78;926.48;614.61;0.78;911.87;554.34;0.69;909.13;659.81;0.78;889.5;555.25;0.8;936.07;629.67;0.65;958.89;624.19;0.7;915.52;702.72;0.78;966.2;694.05;0.78;908.67;763.44;0.81;980.35;744.72;0.84;147.81;176.1;170.73;170.37;147.06;172.27;6.03;97.46;173.97;82.54;220.29;1.57;14.2;
94;1;1184.9;586.28;0.86;1189.4;582.42;0.94;1182.64;581.78;0.86;1197.77;586.28;0.79;1180.07;584.03;0.57;1202.91;613.31;0.82;1164.31;602.37;0.82;1212.24;638.08;0.83;1146.93;622.64;0.82;1219.64;660.28;0.76;1139.54;647.73;0.87;1186.51;660.92;0.77;1160.13;658.67;0.78;1192.3;696.95;0.84;1150.8;695.34;0.85;1192.3;734.59;0.86;1142.75;735.23;0.87;177.8;155.83;170.87;177.13;151.86;169.98;39.65;36.35;140.35;143.65;148.63;6.35;7.57;
95;0;895.72;565.31;0.79;894.3;564.36;0.65;895.25;561.99;0.67;899.04;565.78;0.67;909.46;564.36;0.54;906.62;598.95;0.75;927.46;584.73;0.71;917.51;639.21;0.74;950.67;605.1;0.63;890.98;679.01;0.74;929.35;621.68;0.48;918.46;663.85;0.68;940.72;658.64;0.66;898.56;735.85;0.76;948.78;716.43;0.73;901.88;796.96;0.77;978.15;762.38;0.83;131.17;79.14;161.45;155.35;154.21;177.76;4.8;38.56;175.2;141.44;214.36;795.0;2331.3;
95;1;1185.8;588.28;0.8;1190.27;584.77;0.84;1183.57;584.13;0.79;1199.52;588.59;0.7;1181.34;587.0;0.51;1205.9;614.44;0.82;1165.39;602.95;0.82;1213.88;638.05;0.82;1148.16;624.01;0.83;1220.58;661.65;0.76;1140.82;648.57;0.87;1187.4;661.02;0.76;1160.28;658.46;0.78;1192.82;697.07;0.83;1151.03;694.84;0.85;1192.19;734.4;0.85;1144.01;734.08;0.87;177.18;157.34;170.47;175.87;149.78;170.98;40.33;34.04;139.67;145.96;145.96;50.19;46.26;
96;0;895.88;564.99;0.79;894.46;563.57;0.66;894.93;561.69;0.68;899.17;565.93;0.67;909.54;563.57;0.54;906.71;598.91;0.75;927.44;584.3;0.72;917.08;639.43;0.74;951.47;604.56;0.64;890.69;679.01;0.74;929.8;621.52;0.48;918.49;663.93;0.69;940.64;658.75;0.66;898.23;736.02;0.77;948.65;716.7;0.74;902.0;797.27;0.77;977.86;761.93;0.83;131.96;78.18;160.78;155.01;154.03;177.82;4.08;39.82;175.92;140.18;214.61;8.68;14.24;
96;1;1185.49;588.1;0.8;1190.28;584.59;0.84;1183.58;583.95;0.79;1199.54;588.42;0.7;1181.34;586.83;0.51;1205.93;614.28;0.82;1165.38;603.11;0.82;1213.91;637.91;0.83;1148.14;623.86;0.83;1220.3;661.22;0.77;1140.79;648.45;0.87;1187.41;660.9;0.76;1160.27;658.67;0.78;1192.52;696.98;0.83;1151.01;694.75;0.85;1192.2;734.34;0.85;1143.99;734.02;0.87;176.65;156.91;171.45;175.75;150.27;170.86;40.33;34.46;139.67;145.54;146.08;15.57;3.84;
97;0;885.18;586.23;0.86;886.07;583.12;0.79;886.07;582.68;0.71;891.4;585.34;0.6;906.05;584.01;0.45;897.61;618.64;0.77;923.81;603.99;0.72;902.5;660.37;0.79;944.67;627.96;0.54;871.86;697.22;0.76;945.12;647.5;0.39;912.26;683.46;0.66;932.69;677.24;0.64;891.4;750.94;0.78;933.13;730.96;0.75;907.83;811.32;0.77;972.2;771.36;0.78;133.59;140.27;147.6;136.43;150.08;173.56;6.06;34.12;173.94;145.88;205.11;788.36;907.39;
97;1;1185.0;586.63;0.78;1189.82;583.42;0.79;1183.4;582.46;0.74;1200.09;588.56;0.73;1182.12;586.95;0.49;1206.19;614.55;0.82;1166.07;602.68;0.81;1214.85;637.34;0.81;1148.41;622.9;0.82;1220.63;659.81;0.75;1141.03;647.61;0.86;1187.57;660.45;0.75;1160.61;657.88;0.77;1192.39;696.4;0.82;1151.62;693.83;0.84;1192.39;733.95;0.84;1144.24;733.31;0.85;173.6;155.51;172.37;176.56;150.29;171.61;42.9;35.48;137.1;144.52;147.0;43.65;26.17;
98;0;877.68;599.91;0.91;878.53;596.52;0.86;878.11;595.68;0.76;885.72;599.48;0.58;896.72;599.48;0.41;888.26;635.02;0.82;918.72;624.02;0.79;884.87;678.6;0.83;938.6;656.17;0.75;849.34;714.56;0.84;917.03;659.56;0.49;910.68;696.79;0.72;926.76;692.56;0.72;879.8;753.9;0.87;912.8;741.21;0.75;907.3;813.97;0.79;958.06;777.17;0.8;139.78;67.18;127.0;112.45;131.65;157.3;24.39;25.04;155.61;154.96;195.66;855.34;919.93;
98;1;1184.57;587.15;0.78;1189.4;583.62;0.77;1182.96;582.65;0.74;1199.69;588.12;0.68;1181.68;586.51;0.49;1206.44;613.52;0.82;1166.88;602.27;0.81;1214.8;636.36;0.81;1148.87;622.21;0.83;1220.91;658.55;0.76;1141.16;647.29;0.86;1187.47;660.16;0.75;1160.77;657.9;0.77;1192.29;696.82;0.82;1151.45;694.24;0.84;1192.61;734.12;0.84;1144.37;732.83;0.86;175.28;155.01;173.0;176.0;150.36;171.87;42.25;35.82;137.75;144.18;146.32;38.9;10.37;
99;0;864.49;617.22;0.73;866.06;614.86;0.58;865.28;614.86;0.61;872.75;616.83;0.5;882.59;614.86;0.31;879.44;654.6;0.71;900.69;640.04;0.67;856.23;695.12;0.66;915.24;674.66;0.6;817.28;724.63;0.67;927.83;706.53;0.64;907.37;713.62;0.61;921.93;710.86;0.57;870.0;760.04;0.73;886.52;752.57;0.63;905.41;811.98;0.72;914.06;793.09;0.71;156.95;178.75;106.88;105.47;115.83;122.97;55.13;6.11;124.87;173.89;185.31;1011.39;1450.53;cocking_backswing
99;1;1182.75;585.05;0.82;1187.59;581.83;0.81;1181.14;580.86;0.79;1197.91;585.7;0.7;1180.5;584.41;0.48;1205.65;611.49;0.81;1165.34;601.17;0.8;1214.67;634.71;0.81;1148.25;621.49;0.83;1220.8;657.28;0.76;1141.16;646.96;0.86;1187.59;659.86;0.76;1160.83;657.6;0.77;1192.43;695.65;0.83;1151.16;693.07;0.84;1191.78;733.37;0.84;1144.06;732.41;0.86;173.94;155.49;171.32;174.97;151.83;169.32;41.72;35.5;138.28;144.5;147.84;38.32;9.96;
100;0;864.74;617.27;0.73;865.92;615.3;0.59;865.53;615.3;0.61;872.61;616.87;0.5;882.44;614.91;0.31;879.29;654.64;0.72;900.93;640.08;0.68;856.08;695.16;0.67;915.49;675.1;0.61;817.53;724.67;0.68;927.68;706.57;0.64;907.23;713.65;0.62;922.18;710.9;0.58;870.25;760.07;0.73;886.77;752.6;0.64;905.65;812.0;0.73;914.31;793.51;0.71;157.23;178.61;107.17;105.72;116.13;122.97;55.13;5.87;124.87;174.13;185.49;7.72;4.63;
100;1;1183.07;584.92;0.81;1187.58;581.7;0.8;1181.13;581.05;0.78;1197.89;585.88;0.7;1180.49;584.6;0.49;1205.63;611.67;0.81;1165.34;601.35;0.8;1214.97;634.55;0.81;1148.58;621.66;0.83;1220.78;657.43;0.75;1141.17;646.8;0.86;1187.58;659.69;0.75;1160.83;657.43;0.76;1192.41;695.78;0.83;1151.16;693.21;0.84;1191.77;733.49;0.84;1144.07;732.2;0.86;172.01;156.89;171.39;175.18;151.77;169.48;42.82;34.94;137.18;145.06;147.93;4.7;4.93;
101;0;864.57;617.16;0.72;866.14;615.2;0.58;865.36;615.2;0.61;872.44;617.16;0.49;882.28;614.8;0.31;879.13;654.95;0.71;900.39;639.99;0.67;855.91;695.09;0.66;915.34;674.63;0.6;817.34;724.61;0.67;927.54;706.12;0.62;907.47;713.59;0.62;922.43;710.44;0.58;870.08;760.04;0.73;886.61;752.95;0.63;905.5;811.99;0.73;914.16;793.49;0.71;157.47;177.83;106.88;105.68;115.37;122.51;55.84;5.98;124.16;174.02;185.58;5.97;14.32;
101;1;1183.02;585.47;0.82;1187.53;582.25;0.81;1181.41;581.28;0.79;1197.84;585.79;0.7;1180.45;584.51;0.5;1205.57;611.57;0.81;1165.63;601.26;0.8;1214.92;634.76;0.81;1148.55;621.88;0.82;1221.04;657.96;0.75;1140.82;647.01;0.86;1187.53;659.89;0.75;1160.79;657.31;0.76;1192.37;695.65;0.83;1151.13;693.07;0.84;1192.04;733.67;0.84;1144.04;732.38;0.85;172.84;157.47;171.82;175.1;151.83;169.8;42.41;34.7;137.59;145.3;147.55;17.7;12.24;
102;0;859.26;622.69;0.77;860.4;620.04;0.65;860.78;620.04;0.64;868.76;623.07;0.49;883.19;621.17;0.43;874.07;659.92;0.73;896.86;643.21;0.71;847.1;694.11;0.71;912.06;677.39;0.58;812.54;719.18;0.73;924.59;711.2;0.67;909.02;718.04;0.69;907.5;713.86;0.61;866.48;761.34;0.78;863.06;743.87;0.78;904.84;810.73;0.76;888.89;799.33;0.76;164.22;176.38;97.66;99.05;104.49;115.47;69.29;15.4;110.71;164.6;182.33;218.27;176.93;
102;1;1181.59;582.51;0.79;1186.75;578.63;0.76;1179.65;577.99;0.75;1196.75;584.44;0.67;1179.01;581.54;0.47;1204.5;608.97;0.81;1163.84;599.93;0.81;1214.18;632.52;0.81;1147.06;621.23;0.83;1221.28;656.08;0.77;1140.93;646.07;0.86;1187.4;658.98;0.75;1160.61;657.05;0.76;1191.91;695.45;0.82;1150.29;693.51;0.84;1191.59;732.88;0.83;1144.16;731.91;0.85;174.43;155.63;172.44;173.26;154.06;167.42;41.22;35.0;138.78;145.0;149.89;57.06;28.2;
102;2;1228.38;607.43;0.26;1231.78;604.18;0.33;1225.76;604.26;0.34;1237.81;604.8;0.35;1220.12;604.57;0.34;1207.83;641.81;0.1;1207.83;641.81;0.12;1231.01;626.28;0.08;1229.16;625.66;0.07;1252.26;641.81;0.11;1207.83;641.81;0.1;1232.48;628.98;0.15;1233.95;629.68;0.16;1235.18;596.77;0.1;1224.29;596.15;0.1;1234.25;641.81;0.19;1225.76;641.81;0.16;110.01;0.0;3.62;14.23;122.29;98.85;6.33;12.22;173.67;167.78;34.38;2648.28;2685.93;jump_peak
103;0;851.65;627.99;0.86;852.78;624.98;0.81;852.41;624.6;0.75;860.67;627.24;0.58;876.08;624.23;0.45;863.3;664.07;0.77;889.99;647.91;0.75;838.5;690.38;0.79;873.45;672.71;0.48;816.7;700.15;0.8;857.67;694.14;0.39;899.76;726.46;0.76;889.61;717.81;0.64;854.66;764.42;0.81;846.39;747.13;0.83;899.39;805.39;0.83;850.9;807.64;0.81;157.46;177.31;82.57;119.88;99.79;124.46;73.61;33.38;106.39;146.62;178.53;586.17;2078.44;
103;1;1176.7;579.74;0.84;1181.53;575.88;0.79;1175.41;575.24;0.82;1190.86;579.42;0.6;1173.16;577.17;0.42;1200.51;603.88;0.8;1159.32;597.44;0.83;1211.78;625.76;0.82;1144.84;620.29;0.82;1221.11;647.64;0.76;1140.98;644.74;0.85;1187.0;658.26;0.74;1159.65;656.01;0.75;1190.86;694.62;0.82;1149.99;692.05;0.84;1191.83;732.59;0.83;1145.17;730.34;0.86;175.86;156.61;175.39;172.19;159.98;164.69;41.19;32.68;138.81;147.32;151.72;254.0;40.11;
104;0;851.71;628.03;0.86;852.83;625.02;0.81;852.46;624.65;0.75;860.73;627.28;0.58;876.13;624.27;0.45;863.36;664.11;0.76;890.04;647.95;0.75;838.18;690.41;0.79;870.87;672.75;0.48;816.76;699.81;0.8;857.34;694.17;0.39;900.18;726.11;0.76;889.29;717.47;0.64;854.71;764.82;0.81;846.45;747.16;0.83;899.43;805.4;0.83;850.96;807.66;0.81;157.43;174.58;82.63;120.46;99.7;125.34;74.45;37.07;105.55;142.93;178.5;10.49;9.78;
104;1;1176.75;579.7;0.83;1181.58;575.84;0.79;1175.14;575.2;0.82;1190.92;579.38;0.62;1173.21;577.13;0.45;1200.57;604.17;0.8;1159.37;597.73;0.83;1211.84;625.74;0.82;1144.88;620.58;0.83;1221.18;647.95;0.76;1140.7;644.73;0.84;1186.73;658.25;0.74;1159.69;655.99;0.75;1190.92;694.62;0.83;1150.04;692.05;0.84;1191.56;732.61;0.83;1145.21;730.35;0.86;175.21;157.47;174.41;172.19;159.08;164.69;41.94;32.68;138.06;147.32;151.78;9.48;8.52;
105;0;851.68;627.69;0.84;851.68;625.05;0.8;852.43;624.3;0.7;859.22;626.94;0.48;876.55;623.55;0.34;861.1;663.11;0.77;887.85;648.04;0.77;838.49;688.35;0.84;873.16;672.15;0.55;825.68;690.99;0.87;843.39;682.7;0.6;894.26;727.54;0.77;886.35;718.87;0.64;847.16;765.97;0.83;840.38;747.89;0.85;895.39;803.28;0.84;849.8;807.04;0.83;143.48;140.87;76.93;113.21;101.98;123.48;69.08;30.14;110.92;149.86;177.47;377.44;543.48;
105;1;1173.91;577.97;0.86;1178.09;574.43;0.82;1172.3;573.79;0.84;1188.69;577.97;0.61;1170.7;575.72;0.36;1199.3;602.71;0.8;1157.85;596.93;0.82;1211.83;625.2;0.8;1144.35;619.42;0.82;1223.07;646.41;0.75;1140.49;644.48;0.83;1186.44;657.34;0.73;1158.81;655.73;0.74;1190.62;695.25;0.82;1148.85;692.68;0.85;1191.26;732.53;0.83;1146.28;730.6;0.85;178.81;157.78;174.7;168.79;160.47;163.97;42.36;31.9;137.64;148.1;153.59;73.46;9.63;
106;0;851.63;626.0;0.82;852.01;622.97;0.84;852.77;622.21;0.7;858.45;625.24;0.56;875.9;621.83;0.36;858.83;661.26;0.77;886.13;647.61;0.77;835.33;687.04;0.87;875.52;669.98;0.61;830.78;683.25;0.84;848.97;677.94;0.66;888.03;727.99;0.76;887.27;720.03;0.64;841.01;767.05;0.84;836.46;748.85;0.84;888.41;801.55;0.81;848.6;808.0;0.82;92.55;132.09;75.77;107.97;106.09;118.66;65.99;26.29;114.01;153.71;178.77;278.83;220.79;
106;1;1169.12;576.92;0.91;1173.31;573.7;0.88;1169.12;572.73;0.9;1185.53;576.27;0.65;1167.52;574.34;0.37;1197.11;600.72;0.8;1155.61;595.58;0.83;1211.27;623.24;0.81;1142.1;619.38;0.84;1224.14;643.83;0.75;1139.85;643.83;0.83;1184.89;657.35;0.74;1158.51;656.06;0.75;1189.39;696.92;0.82;1148.53;693.38;0.86;1190.68;732.31;0.85;1146.6;730.7;0.86;179.85;155.68;175.59;168.0;161.32;162.3;44.34;32.32;135.66;147.68;154.59;83.9;27.56;
107;0;851.63;626.01;0.82;852.01;622.98;0.84;852.77;622.22;0.7;858.46;624.87;0.56;875.52;621.84;0.36;858.84;661.28;0.76;886.14;647.25;0.77;835.7;687.07;0.86;875.14;670.0;0.61;830.77;683.28;0.84;848.6;677.97;0.66;888.04;727.65;0.76;887.28;720.07;0.64;841.01;767.09;0.84;836.46;748.89;0.84;888.42;801.6;0.81;848.6;808.05;0.82;94.33;132.5;76.04;107.97;106.24;118.67;65.64;26.69;114.36;153.31;178.82;0.81;11.41;
107;1;1169.13;576.92;0.91;1173.31;573.7;0.88;1168.81;572.74;0.9;1185.53;576.28;0.65;1167.52;574.35;0.37;1197.11;600.72;0.8;1155.62;595.57;0.83;1211.26;623.23;0.8;1142.12;619.37;0.84;1224.13;643.82;0.75;1139.87;643.82;0.83;1184.89;657.32;0.73;1158.52;656.04;0.75;1189.39;696.88;0.82;1148.55;693.35;0.86;1190.68;732.26;0.85;1146.62;730.65;0.86;179.85;155.68;175.59;168.0;161.32;162.3;44.34;32.32;135.66;147.68;154.54;0.62;0.77;
108;0;851.57;623.67;0.85;853.11;619.83;0.89;852.72;619.44;0.75;860.41;622.52;0.49;876.54;620.98;0.26;858.49;658.24;0.77;888.06;647.48;0.77;836.59;686.28;0.86;876.15;669.38;0.62;836.98;678.98;0.79;853.49;673.98;0.67;883.84;726.99;0.76;889.21;720.46;0.65;834.29;765.4;0.87;836.59;747.73;0.82;884.22;801.89;0.8;848.5;808.42;0.81;34.97;130.04;73.94;106.29;107.54;116.49;58.22;29.44;121.78;150.56;181.49;227.18;189.95;
108;1;1166.33;575.4;0.93;1170.21;572.17;0.89;1166.01;571.2;0.86;1182.17;574.75;0.63;1164.39;572.81;0.4;1195.09;598.02;0.8;1153.4;595.11;0.83;1208.35;620.0;0.81;1141.12;617.09;0.85;1225.15;639.39;0.76;1139.83;641.65;0.84;1182.17;656.2;0.75;1157.28;654.9;0.76;1188.63;696.27;0.82;1148.23;693.36;0.85;1190.57;732.15;0.84;1146.61;731.18;0.85;170.17;153.82;173.93;169.21;158.31;163.05;43.62;32.91;136.38;147.09;156.27;136.68;65.1;
109;0;856.86;615.94;0.81;857.65;612.78;0.84;857.26;612.78;0.74;861.99;614.75;0.46;878.55;613.97;0.25;858.84;651.42;0.81;891.17;641.96;0.81;839.91;684.54;0.85;883.28;668.38;0.65;846.61;673.11;0.63;863.57;667.19;0.6;878.16;720.82;0.77;896.29;718.45;0.73;829.66;761.03;0.87;846.61;755.91;0.72;875.4;804.01;0.79;848.19;809.14;0.79;0.63;103.19;82.89;125.32;114.11;123.18;45.3;20.45;134.7;159.55;190.64;339.54;365.6;
109;1;1159.43;573.03;0.92;1163.3;569.48;0.9;1158.46;568.51;0.87;1174.91;572.38;0.65;1158.14;570.77;0.45;1190.07;595.93;0.79;1146.85;593.35;0.84;1203.3;616.57;0.79;1136.85;616.57;0.86;1219.75;631.73;0.76;1137.18;640.12;0.86;1177.82;655.92;0.74;1153.95;655.28;0.77;1185.23;696.88;0.82;1146.85;694.95;0.85;1189.11;732.68;0.84;1147.82;733.33;0.84;165.31;155.92;175.91;168.42;158.19;163.32;44.19;29.83;135.81;150.17;159.98;282.13;92.19;
110;0;856.81;616.03;0.81;857.6;612.88;0.83;857.2;612.88;0.73;861.93;614.85;0.45;878.48;614.06;0.24;858.78;651.5;0.81;891.09;642.04;0.81;839.86;684.6;0.85;883.21;668.44;0.65;846.96;672.39;0.63;863.9;667.26;0.6;878.09;720.86;0.77;896.22;718.49;0.73;829.62;761.05;0.87;846.56;755.93;0.73;875.33;804.01;0.79;848.53;809.13;0.79;0.4;103.12;82.89;124.89;114.11;123.18;45.3;20.45;134.7;159.55;190.54;24.11;10.32;
110;1;1159.44;572.98;0.92;1163.3;569.43;0.9;1158.47;568.79;0.87;1174.91;572.33;0.66;1158.47;571.04;0.46;1190.07;595.87;0.79;1146.86;593.29;0.84;1203.28;616.5;0.79;1136.87;616.83;0.86;1219.73;631.66;0.76;1137.19;640.04;0.86;1177.81;655.84;0.75;1153.95;655.52;0.77;1185.23;696.46;0.82;1146.86;694.85;0.85;1189.1;732.57;0.84;1147.83;733.54;0.84;165.31;156.2;175.77;168.35;158.11;163.27;44.19;29.51;135.81;150.49;160.08;2.29;2.34;
111;0;859.71;609.84;0.79;860.52;607.43;0.84;860.11;607.43;0.74;864.93;610.24;0.46;882.16;609.44;0.28;860.52;648.72;0.81;893.79;638.7;0.82;842.88;684.4;0.86;887.38;666.76;0.66;850.09;668.37;0.61;866.93;669.57;0.56;880.16;717.68;0.78;897.0;716.07;0.74;830.45;757.77;0.87;847.29;754.96;0.72;870.94;805.87;0.79;848.89;809.08;0.8;2.08;110.69;88.8;126.34;112.98;125.66;42.21;15.25;137.79;164.75;197.64;153.34;114.52;
111;1;1156.14;572.55;0.92;1160.03;568.99;0.92;1155.16;568.01;0.9;1172.34;571.9;0.69;1154.52;570.28;0.45;1185.63;594.59;0.79;1143.82;593.3;0.83;1200.22;615.34;0.77;1133.77;617.28;0.86;1214.8;628.63;0.74;1136.04;639.65;0.85;1174.94;654.88;0.73;1151.6;654.56;0.76;1183.69;696.69;0.8;1145.76;695.07;0.84;1188.55;732.67;0.82;1147.71;733.32;0.83;167.45;151.48;175.87;168.89;158.12;164.57;45.17;29.97;134.83;150.03;160.45;173.98;36.54;
112;0;864.52;606.21;0.8;864.93;603.32;0.84;864.11;602.91;0.73;869.88;605.8;0.53;885.55;604.97;0.33;864.52;644.14;0.82;897.92;635.48;0.83;847.62;682.9;0.86;893.79;665.58;0.7;853.39;668.47;0.6;871.94;671.77;0.57;881.43;713.82;0.81;897.92;713.82;0.76;834.42;755.46;0.88;850.91;754.23;0.75;865.76;806.59;0.79;850.5;809.06;0.79;1.76;113.6;100.04;131.11;117.9;130.68;37.2;7.8;142.8;172.2;201.62;99.24;164.68;
112;1;1152.63;572.73;0.96;1156.83;568.85;0.99;1152.3;568.2;0.99;1169.13;572.09;0.67;1150.36;571.12;0.37;1182.4;594.74;0.81;1141.3;593.45;0.84;1196.97;616.43;0.77;1131.27;617.72;0.85;1209.59;630.35;0.71;1134.5;639.41;0.85;1173.67;657.21;0.75;1148.42;656.89;0.76;1181.43;697.34;0.8;1144.21;697.02;0.84;1187.91;733.27;0.86;1147.45;733.92;0.87;171.68;149.05;179.26;169.0;161.08;167.61;41.85;28.86;138.15;151.14;160.86;165.17;46.84;
113;0;864.59;606.32;0.8;864.59;603.43;0.85;864.17;603.02;0.73;869.54;605.9;0.56;885.22;605.08;0.36;864.59;644.29;0.82;897.6;635.21;0.83;847.67;683.08;0.87;893.89;665.34;0.7;853.86;667.81;0.6;872.02;671.53;0.57;881.51;713.62;0.82;897.6;713.62;0.77;834.46;755.31;0.88;850.97;754.07;0.75;865.83;806.48;0.79;850.55;808.55;0.79;1.5;112.83;100.04;131.37;117.83;130.93;37.28;7.03;142.72;172.97;201.2;24.25;7.55;
113;1;1152.98;572.42;0.96;1157.19;568.86;0.98;1152.66;567.89;0.98;1169.17;572.09;0.68;1150.72;571.12;0.39;1182.44;594.76;0.8;1141.33;593.14;0.84;1197.66;616.45;0.77;1131.29;617.74;0.86;1209.96;631.66;0.7;1134.21;639.43;0.85;1174.03;657.24;0.74;1148.13;656.91;0.76;1180.83;697.38;0.8;1144.24;697.06;0.83;1187.62;732.99;0.86;1147.48;733.96;0.87;176.09;150.16;178.8;169.46;162.72;168.39;42.72;28.27;137.28;151.73;161.06;41.14;8.88;
114;0;1147.68;573.7;0.95;1151.25;570.46;0.95;1146.39;569.81;0.99;1163.26;572.73;0.73;1143.79;571.76;0.39;1173.96;593.81;0.76;1135.68;594.14;0.81;1189.53;615.87;0.75;1125.95;619.77;0.82;1191.8;631.77;0.71;1132.76;636.96;0.78;1167.8;654.48;0.72;1143.47;654.48;0.75;1173.31;694.7;0.78;1140.55;696.32;0.82;1182.72;730.38;0.85;1147.04;733.63;0.84;152.91;137.59;173.04;166.14;166.39;168.66;41.02;28.15;138.98;151.85;158.3;10227.26;7915.14;peak_hand_velocity
114;1;874.02;599.61;0.8;874.45;595.34;0.8;876.16;595.77;0.66;878.3;600.04;0.59;894.97;600.9;0.44;869.75;637.24;0.82;908.66;632.11;0.84;855.64;681.28;0.8;917.63;671.44;0.84;856.49;692.82;0.77;891.13;678.71;0.57;884.71;706.5;0.75;906.95;706.5;0.77;846.66;757.81;0.86;860.34;756.1;0.77;858.2;815.1;0.77;850.51;808.26;0.78;158.0;92.48;132.04;147.46;131.25;138.1;29.96;14.18;150.04;165.82;212.07;10794.77;7409.82;peak_hand_velocity
115;0;1147.69;573.75;0.94;1151.26;570.19;0.94;1146.4;569.54;0.98;1163.26;572.46;0.73;1143.8;571.48;0.4;1173.96;593.85;0.76;1135.7;594.18;0.81;1189.52;615.58;0.75;1125.97;619.79;0.82;1191.79;631.46;0.71;1132.78;636.97;0.78;1167.8;654.48;0.72;1143.48;654.16;0.75;1173.31;694.69;0.78;1140.56;695.98;0.82;1182.71;730.35;0.84;1146.72;733.59;0.84;152.51;137.59;173.04;166.71;166.39;168.62;41.42;28.19;138.58;151.81;158.22;9.17;0.76;
115;1;874.27;599.6;0.79;874.27;595.33;0.8;876.41;595.75;0.66;878.54;600.03;0.58;895.21;600.88;0.43;869.57;637.22;0.82;908.47;632.09;0.84;855.89;681.67;0.79;917.44;671.41;0.83;856.31;692.79;0.77;890.94;679.11;0.57;884.95;706.47;0.75;906.76;706.47;0.76;846.48;757.76;0.86;860.16;756.48;0.77;858.02;814.62;0.77;850.33;808.2;0.77;160.69;93.33;131.65;147.79;130.6;138.34;29.63;14.18;150.37;165.82;211.81;5.49;13.22;
116;0;1143.99;573.59;0.94;1147.88;570.02;0.9;1142.7;569.37;0.93;1159.55;572.61;0.84;1140.43;571.97;0.51;1169.92;594.65;0.77;1132.65;595.62;0.82;1186.77;619.28;0.75;1122.93;622.2;0.84;1181.59;632.89;0.66;1132.97;635.49;0.77;1164.41;652.66;0.74;1142.05;653.31;0.76;1167.65;690.9;0.76;1138.81;694.79;0.81;1177.7;726.23;0.83;1145.94;731.74;0.82;124.77;122.81;168.97;164.61;169.73;166.28;39.81;29.35;140.19;150.65;155.4;310.04;45.2;
116;1;881.03;599.49;0.77;880.16;594.74;0.75;882.32;595.17;0.62;882.32;599.49;0.57;900.04;600.79;0.41;873.68;634.93;0.81;913.87;632.76;0.81;861.58;678.57;0.78;923.37;674.25;0.86;858.13;696.72;0.74;898.74;679.86;0.59;886.21;705.79;0.69;911.27;705.79;0.7;851.21;757.64;0.83;865.9;754.18;0.72;859.42;816.41;0.81;857.69;809.49;0.77;175.29;89.94;138.03;145.29;135.95;138.88;25.52;14.94;154.48;165.06;213.46;130.14;235.93;
117;0;1141.15;573.99;0.91;1144.69;570.13;0.84;1138.57;570.13;0.86;1153.7;572.06;0.69;1135.68;573.03;0.5;1165.29;594.92;0.78;1127.31;595.88;0.82;1180.1;620.99;0.81;1118.62;622.92;0.83;1168.83;630.97;0.72;1129.88;634.51;0.73;1159.82;653.83;0.72;1138.57;654.47;0.73;1159.5;688.59;0.75;1135.68;692.46;0.79;1165.94;727.22;0.81;1144.37;731.73;0.78;101.94;117.99;170.01;163.16;175.22;164.75;34.9;28.7;145.1;151.3;155.48;388.07;97.54;
117;1;895.67;600.24;0.82;893.95;595.95;0.77;896.95;596.38;0.61;896.52;601.09;0.66;912.8;602.38;0.5;883.25;636.21;0.83;928.64;637.49;0.83;872.54;678.61;0.79;936.78;679.89;0.89;863.12;704.73;0.8;915.79;690.6;0.67;889.67;710.3;0.71;917.08;711.58;0.74;858.84;758.26;0.85;879.82;753.98;0.77;860.98;818.21;0.8;889.67;806.65;0.82;174.34;106.17;145.22;128.1;142.31;147.56;19.13;19.73;160.87;160.27;212.2;284.11;606.27;
118;0;1141.44;574.01;0.91;1144.98;570.15;0.85;1138.54;570.47;0.87;1153.67;572.08;0.7;1135.64;573.04;0.53;1165.27;594.94;0.79;1127.27;595.91;0.82;1180.08;620.71;0.82;1118.89;622.96;0.84;1168.81;631.01;0.72;1130.16;634.88;0.74;1159.79;653.88;0.72;1138.54;654.52;0.73;1159.47;688.66;0.75;1135.96;692.52;0.79;1165.91;727.31;0.81;1144.33;731.81;0.78;102.54;119.39;170.01;164.09;175.22;165.24;35.21;28.08;144.79;151.92;155.55;1.49;13.91;
118;1;895.72;600.12;0.82;894.01;596.27;0.77;897.01;596.27;0.61;896.15;600.98;0.67;912.43;602.26;0.51;883.3;636.54;0.83;928.71;637.82;0.83;872.59;678.52;0.8;936.85;679.81;0.89;863.16;704.66;0.8;915.43;690.09;0.67;889.72;710.23;0.71;917.14;711.51;0.74;858.45;758.21;0.85;879.87;753.93;0.77;861.02;818.19;0.81;889.72;806.62;0.82;174.48;104.67;144.45;128.1;141.92;147.61;19.3;19.89;160.7;160.11;212.28;2.51;18.73;
119;0;1140.08;573.71;0.93;1143.63;569.84;0.89;1136.85;569.84;0.9;1151.69;571.77;0.82;1133.95;572.74;0.64;1163.95;593.71;0.79;1125.24;596.29;0.82;1177.18;620.49;0.83;1118.14;623.72;0.84;1164.27;633.72;0.72;1131.04;635.97;0.74;1158.79;653.07;0.74;1137.5;654.04;0.75;1156.53;688.56;0.77;1136.21;691.79;0.8;1159.43;730.5;0.78;1143.63;732.44;0.78;109.42;119.02;172.4;167.7;178.67;166.06;31.26;26.5;148.74;153.5;157.76;158.9;42.33;
119;1;904.09;599.13;0.83;903.66;595.21;0.78;906.71;595.21;0.69;907.14;600.43;0.55;923.69;602.17;0.48;894.51;635.27;0.85;937.19;637.45;0.85;880.14;676.65;0.84;945.9;681.0;0.93;867.95;706.26;0.82;921.95;694.07;0.73;893.21;712.36;0.72;921.95;713.67;0.76;862.72;759.4;0.89;888.85;754.17;0.81;861.85;823.42;0.87;908.89;806.43;0.83;176.78;107.3;147.83;119.77;148.02;152.05;18.18;22.62;161.82;157.38;215.8;151.88;229.87;
120;0;1140.08;573.74;0.93;1143.63;569.87;0.89;1136.86;569.87;0.9;1151.7;571.8;0.82;1133.96;572.45;0.65;1163.95;593.74;0.79;1125.25;596.32;0.82;1177.18;620.51;0.83;1118.15;623.73;0.84;1164.28;633.73;0.72;1131.05;635.99;0.74;1158.79;653.09;0.74;1137.5;654.05;0.75;1156.53;688.57;0.77;1136.21;691.79;0.8;1159.44;730.5;0.78;1143.63;732.11;0.78;109.42;119.02;172.4;167.62;178.67;166.06;31.26;26.5;148.74;153.5;157.57;0.52;0.56;
120;1;904.09;599.11;0.83;903.65;595.19;0.78;906.7;595.19;0.69;907.14;600.42;0.55;923.68;602.16;0.48;894.51;635.26;0.85;937.18;637.87;0.85;880.14;676.63;0.84;945.89;680.98;0.93;867.94;706.24;0.83;921.94;694.04;0.73;893.2;712.33;0.72;921.94;713.64;0.76;862.72;759.36;0.89;888.85;754.14;0.82;862.28;823.38;0.87;908.88;806.39;0.83;176.78;107.19;147.44;119.77;148.02;152.12;18.18;22.79;161.82;157.21;215.77;0.79;0.8;
121;0;915.06;598.7;0.81;915.06;595.66;0.74;918.1;595.22;0.64;916.8;600.45;0.51;932.47;601.75;0.47;903.3;632.23;0.85;946.84;636.15;0.87;889.8;675.33;0.81;955.98;679.25;0.95;877.18;698.41;0.87;933.78;691.0;0.77;898.51;714.51;0.75;926.81;717.13;0.78;867.16;759.79;0.91;898.08;758.92;0.85;862.81;824.66;0.86;929.42;804.64;0.83;168.7;105.92;149.14;111.05;148.64;159.38;14.06;25.87;165.94;154.13;215.95;8855.93;6162.99;
121;1;1138.03;572.72;0.96;1141.65;568.77;0.91;1135.06;569.1;0.93;1149.57;571.08;0.84;1131.43;571.74;0.66;1161.45;595.16;0.8;1122.85;596.48;0.85;1173.99;622.22;0.85;1116.58;625.84;0.86;1157.82;635.41;0.71;1130.44;635.74;0.78;1156.83;653.56;0.76;1136.05;654.88;0.77;1152.87;688.86;0.77;1135.39;691.83;0.8;1152.54;733.4;0.77;1143.3;732.08;0.78;104.36;113.49;174.03;167.85;178.12;166.24;29.39;24.79;150.61;155.21;160.02;8979.74;6514.83;
122;0;926.67;595.68;0.78;927.56;593.02;0.69;927.12;592.58;0.6;929.78;597.46;0.45;944.44;598.79;0.43;915.13;629.88;0.84;955.98;633.88;0.84;904.47;671.63;0.87;966.64;676.07;0.96;885.82;688.5;0.86;943.99;690.28;0.8;905.36;711.15;0.74;935.56;714.7;0.78;873.83;762.22;0.87;909.35;760.89;0.87;862.72;824.39;0.87;948.43;802.63;0.85;146.46;107.93;158.43;107.32;155.16;164.62;7.47;28.36;172.53;151.64;217.83;395.47;308.2;
122;1;1136.13;572.71;0.98;1139.82;568.34;0.97;1133.1;568.68;0.98;1147.56;570.7;0.89;1130.07;571.71;0.72;1160.0;594.91;0.81;1120.99;596.59;0.86;1171.1;623.5;0.85;1116.28;625.18;0.86;1154.29;634.59;0.73;1128.73;634.59;0.78;1155.63;653.09;0.76;1135.12;654.77;0.77;1150.25;688.06;0.77;1134.78;692.1;0.79;1147.56;733.13;0.77;1142.85;730.77;0.75;102.21;117.76;174.67;167.7;175.55;165.84;25.52;23.0;154.48;157.0;159.24;109.24;62.01;
123;0;938.59;592.8;0.78;938.59;589.53;0.69;939.52;589.06;0.55;941.86;594.2;0.54;955.4;596.07;0.49;927.85;626.89;0.83;968.48;632.03;0.84;918.51;667.99;0.86;976.89;674.99;0.96;895.63;679.66;0.9;954.47;688.07;0.83;915.71;709.55;0.74;946.06;712.36;0.78;882.55;763.73;0.86;923.18;763.26;0.84;862.93;823.97;0.86;963.81;806.69;0.86;129.84;109.19;166.56;112.7;156.89;171.39;4.45;26.66;175.55;153.34;222.53;397.28;322.16;
123;1;1134.02;572.75;0.98;1137.74;568.35;0.96;1130.97;568.69;0.98;1145.86;570.72;0.93;1127.92;571.74;0.77;1158.04;594.75;0.8;1119.8;596.78;0.85;1169.2;624.86;0.85;1114.73;625.88;0.86;1150.26;636.7;0.72;1125.89;634.67;0.76;1153.98;653.96;0.75;1133.68;655.65;0.76;1147.89;688.81;0.76;1133.68;691.52;0.78;1145.52;731.78;0.77;1142.14;730.09;0.74;101.66;118.34;173.24;167.63;174.01;166.74;24.27;23.15;155.73;156.85;158.18;136.86;85.25;
124;0;956.63;588.45;0.77;954.74;586.57;0.69;958.99;585.62;0.6;952.38;590.34;0.41;964.65;592.7;0.42;938.7;621.95;0.83;978.8;630.44;0.83;930.68;667.24;0.87;987.3;673.85;0.95;903.32;673.85;0.88;964.65;686.12;0.83;927.38;707.82;0.72;957.57;709.24;0.78;894.35;763.96;0.84;935.87;763.96;0.83;866.04;820.11;0.85;973.61;815.86;0.84;113.61;107.37;176.29;122.34;157.05;173.45;2.53;26.15;177.47;153.85;229.53;290.14;311.98;
124;1;1133.31;573.23;0.97;1136.95;568.92;0.95;1130.32;569.25;0.99;1144.91;571.24;0.92;1126.67;572.23;0.76;1156.85;596.11;0.8;1119.05;597.43;0.84;1167.46;626.28;0.85;1113.08;625.62;0.85;1149.22;636.23;0.69;1121.37;634.24;0.75;1152.54;655.13;0.75;1132.64;656.46;0.76;1145.24;689.95;0.76;1131.65;692.27;0.78;1142.59;732.39;0.74;1142.92;729.74;0.75;99.24;124.17;171.74;161.66;172.34;165.44;23.55;24.93;156.45;155.07;157.84;34.27;136.84;
125;0;956.07;588.64;0.77;954.67;586.78;0.7;958.86;585.38;0.62;952.81;590.5;0.41;964.91;593.29;0.42;938.38;622.14;0.83;978.87;630.05;0.84;930.47;667.28;0.88;987.25;674.26;0.96;903.48;673.8;0.89;964.44;685.9;0.83;927.22;708.23;0.73;957.46;709.63;0.78;894.18;764.08;0.84;936.06;764.08;0.83;865.79;819.92;0.84;973.75;816.2;0.84;113.51;106.3;176.33;122.66;156.78;173.59;2.55;25.79;177.45;154.21;229.42;5.26;9.08;
125;1;1133.6;573.13;0.97;1137.23;569.16;0.95;1130.3;569.16;0.99;1144.83;571.14;0.93;1126.67;572.13;0.79;1156.71;595.91;0.79;1119.07;597.23;0.84;1167.61;625.95;0.85;1113.13;625.62;0.85;1149.78;635.86;0.69;1121.05;634.21;0.75;1152.42;655.01;0.75;1132.61;656.33;0.75;1145.16;690.01;0.76;1131.95;692.32;0.78;1142.51;732.27;0.74;1143.17;729.63;0.75;99.12;125.47;171.85;162.2;172.43;166.05;24.09;24.72;155.91;155.28;157.82;20.15;9.52;
126;0;969.86;587.65;0.77;967.37;585.16;0.65;972.84;584.67;0.61;963.9;589.14;0.37;977.31;591.62;0.49;948.99;621.93;0.84;990.72;629.88;0.85;941.54;665.65;0.88;998.18;674.1;0.95;912.72;668.14;0.85;976.81;687.51;0.86;940.05;707.39;0.75;969.86;709.87;0.81;905.76;763.53;0.83;946.01;764.03;0.84;879.93;820.17;0.86;977.81;819.67;0.87;104.6;112.56;173.11;126.49;154.57;170.85;3.7;24.19;176.3;155.81;232.28;326.02;375.37;
126;1;1132.04;573.27;1.0;1135.6;569.7;0.96;1129.18;569.7;0.99;1143.44;571.84;1.01;1125.26;572.55;0.86;1154.85;596.08;0.8;1117.78;597.51;0.85;1165.19;626.74;0.86;1111.72;626.74;0.83;1148.79;635.65;0.76;1118.49;632.44;0.73;1151.28;654.9;0.77;1131.68;655.97;0.77;1143.09;689.12;0.79;1130.61;692.32;0.8;1139.88;732.96;0.75;1143.09;730.47;0.75;99.89;118.39;170.71;160.2;170.0;164.94;22.1;25.09;157.9;154.91;158.45;30.43;93.7;
127;0;987.87;585.95;0.73;989.28;583.13;0.63;994.92;583.13;0.58;988.81;587.83;0.52;1004.78;590.17;0.63;971.44;621.16;0.84;1014.17;626.33;0.84;958.29;663.89;0.87;1024.03;670.0;0.95;934.34;658.73;0.85;1001.49;681.74;0.81;966.27;709.44;0.8;993.51;713.67;0.83;931.53;758.28;0.89;963.46;762.5;0.88;929.65;827.77;0.85;983.18;827.77;0.83;94.93;104.79;146.11;131.58;147.92;161.7;13.75;26.03;166.25;153.97;241.82;709.6;762.66;
127;1;1129.7;574.56;0.96;1133.39;570.54;0.95;1127.02;570.87;0.98;1141.1;572.88;0.9;1123.0;573.89;0.74;1152.84;599.7;0.81;1115.62;599.7;0.84;1161.56;629.88;0.85;1110.26;626.86;0.77;1142.78;637.26;0.73;1113.95;634.24;0.69;1149.49;654.69;0.76;1129.03;656.7;0.77;1140.77;689.56;0.8;1126.02;694.59;0.82;1136.74;737.17;0.76;1141.44;730.8;0.77;95.33;142.26;170.79;152.38;169.45;162.21;19.6;24.41;160.4;155.59;159.43;187.23;147.11;
128;0;988.79;585.3;0.75;990.91;582.64;0.64;996.23;583.17;0.6;988.79;586.89;0.51;1004.2;589.02;0.62;970.18;620.38;0.86;1013.24;625.69;0.87;957.96;663.96;0.9;1023.87;670.34;0.92;933.51;658.64;0.87;1002.07;680.97;0.81;966.46;709.14;0.81;993.57;712.86;0.85;931.92;756.44;0.89;963.27;761.76;0.87;929.79;827.13;0.91;982.94;828.72;0.87;93.4;102.61;145.58;131.85;146.26;160.93;13.27;26.11;166.73;153.89;242.63;25.19;29.1;
128;1;1129.27;574.47;0.98;1132.97;570.77;0.94;1126.31;570.77;0.96;1141.11;573.36;0.77;1122.24;574.1;0.57;1152.58;598.9;0.82;1115.58;599.27;0.84;1161.47;629.25;0.84;1110.02;625.55;0.79;1142.96;637.39;0.73;1113.36;634.43;0.7;1149.25;654.41;0.77;1128.9;656.26;0.77;1140.37;689.57;0.84;1125.57;694.38;0.83;1136.3;736.94;0.78;1141.11;731.02;0.78;97.44;147.51;170.73;152.02;169.26;161.85;19.75;25.09;160.25;154.91;159.5;6.78;18.64;
129;0;1002.59;582.31;0.76;1000.39;580.12;0.65;1005.88;578.47;0.64;999.29;582.31;0.53;1014.67;584.51;0.65;981.72;618.0;0.88;1026.75;622.4;0.89;966.89;660.83;0.9;1038.28;665.22;0.9;948.23;654.24;0.87;1016.86;677.3;0.84;979.52;703.66;0.81;1005.33;706.96;0.83;947.68;756.92;0.88;976.23;762.41;0.84;961.4;823.91;0.87;985.01;827.21;0.91;89.65;104.36;137.54;144.59;150.59;166.52;17.62;29.28;162.38;150.72;243.25;462.21;458.46;
129;1;1128.15;574.69;0.97;1131.83;571.01;0.94;1125.2;571.01;0.94;1139.93;573.59;0.81;1121.16;574.33;0.6;1151.34;598.99;0.82;1114.53;599.35;0.84;1159.8;629.9;0.84;1109.01;625.85;0.79;1141.4;638.0;0.74;1111.59;635.42;0.72;1148.02;655.3;0.77;1127.41;657.14;0.77;1138.82;690.63;0.83;1123.36;695.42;0.83;1135.88;737.01;0.78;1139.93;729.64;0.8;98.44;153.16;169.04;148.14;168.77;161.39;18.68;24.34;161.32;155.66;158.63;50.52;61.1;
130;0;1002.78;582.02;0.76;1000.57;580.36;0.65;1006.09;578.15;0.64;999.46;582.57;0.54;1014.92;584.78;0.65;981.8;617.9;0.88;1026.51;622.31;0.9;966.9;660.4;0.9;1038.11;665.37;0.9;948.68;654.33;0.87;1017.13;676.96;0.84;979.59;703.46;0.81;1004.98;707.32;0.84;947.57;757.01;0.88;976.28;762.53;0.85;961.37;823.8;0.87;985.11;827.66;0.92;90.89;103.86;137.45;144.8;150.6;166.74;17.84;29.28;162.16;150.72;243.72;13.87;13.05;
130;1;1128.12;574.89;0.97;1131.81;571.19;0.94;1125.17;571.19;0.94;1139.94;573.78;0.8;1121.11;574.15;0.59;1151.38;598.88;0.82;1114.46;599.25;0.84;1159.87;629.89;0.84;1109.3;625.83;0.79;1141.41;638.38;0.74;1111.51;635.43;0.72;1148.06;655.36;0.77;1127.75;656.84;0.77;1138.83;690.43;0.83;1123.32;695.23;0.83;1135.88;736.95;0.78;1139.94;729.56;0.8;99.39;156.0;168.89;147.6;168.62;160.42;18.68;24.0;161.32;156.0;158.37;11.49;2.29;
131;0;1127.33;575.22;0.95;1130.75;571.46;0.95;1124.25;571.11;0.96;1137.95;573.51;0.87;1119.79;574.2;0.71;1149.94;599.89;0.84;1112.94;599.89;0.84;1155.76;631.4;0.85;1108.15;625.58;0.77;1136.58;637.91;0.75;1108.49;636.88;0.72;1146.17;655.38;0.78;1125.62;656.41;0.77;1137.61;693.06;0.83;1119.11;697.18;0.87;1135.55;740.0;0.8;1139.66;727.66;0.84;98.27;167.69;169.7;136.94;171.08;158.29;14.35;23.21;165.65;156.79;158.61;5675.9;3002.12;
131;1;1030.0;574.98;0.74;1022.81;572.41;0.55;1031.03;573.44;0.6;1022.3;578.57;0.4;1038.22;579.6;0.51;1004.32;610.93;0.82;1054.14;617.61;0.88;987.37;653.04;0.91;1065.44;657.67;0.91;980.18;644.83;0.87;1045.41;670.51;0.84;1005.86;699.27;0.8;1032.57;701.84;0.81;987.37;760.9;0.9;1004.84;763.47;0.88;1017.16;817.91;0.87;991.48;822.01;0.88;63.11;106.91;135.71;168.62;162.3;170.14;22.92;30.12;157.08;149.88;244.98;4855.64;2251.87;
132;0;1029.87;575.38;0.74;1022.37;572.37;0.54;1032.37;573.38;0.59;1021.86;578.38;0.41;1038.38;579.88;0.51;1004.35;610.41;0.82;1053.9;617.42;0.87;987.33;652.95;0.9;1065.91;657.46;0.91;979.82;644.95;0.87;1045.39;670.47;0.85;1005.35;699.5;0.79;1032.88;702.0;0.8;987.33;760.56;0.91;1005.35;762.56;0.87;1016.86;817.11;0.87;991.84;821.62;0.87;64.95;105.68;135.99;168.44;162.92;169.51;22.45;30.66;157.55;149.34;243.99;4721.87;2151.06;
132;1;1127.16;575.23;0.94;1130.89;571.16;0.95;1124.44;571.16;0.96;1138.01;573.54;0.88;1119.7;574.22;0.73;1149.88;599.99;0.83;1112.91;599.99;0.84;1155.99;631.54;0.84;1108.16;625.43;0.77;1136.65;637.98;0.75;1108.5;636.97;0.71;1146.15;655.28;0.78;1125.8;656.64;0.77;1137.67;693.27;0.83;1119.36;697.34;0.86;1135.64;740.42;0.8;1139.71;727.87;0.83;97.48;167.74;169.89;137.31;171.28;158.18;14.81;23.39;165.19;156.61;158.91;4713.1;2150.23;
133;0;1040.9;573.35;0.7;1034.97;571.57;0.56;1043.28;570.97;0.55;1033.78;577.5;0.47;1049.8;578.69;0.56;1016.58;610.72;0.87;1065.82;616.06;0.9;999.97;652.84;0.91;1078.87;657.0;0.92;995.22;642.76;0.84;1059.29;670.05;0.86;1020.14;698.53;0.82;1046.84;700.9;0.82;1009.46;767.35;0.86;1015.99;764.38;0.86;1041.5;822.52;0.85;1002.93;821.34;0.85;46.72;106.01;141.04;166.99;168.86;166.69;23.84;30.3;156.16;149.7;248.58;467.98;418.69;
133;1;1125.88;574.53;0.97;1129.67;571.12;0.98;1123.23;570.75;0.97;1137.24;573.77;0.87;1118.31;573.77;0.7;1148.97;600.65;0.83;1111.5;600.65;0.84;1154.65;631.3;0.86;1107.72;625.25;0.79;1135.34;638.49;0.76;1108.09;636.22;0.73;1145.19;654.39;0.79;1124.75;655.52;0.77;1136.86;693.75;0.86;1118.31;697.91;0.86;1134.97;740.3;0.8;1138.75;728.95;0.83;99.94;169.28;170.38;138.0;172.08;157.8;14.52;22.32;165.48;157.68;160.09;42.3;25.51;
134;0;1052.25;575.56;0.68;1047.32;574.95;0.52;1055.33;572.49;0.47;1046.09;580.49;0.55;1062.1;581.72;0.65;1028.86;613.72;0.89;1080.56;618.65;0.91;1013.48;655.57;0.91;1091.02;660.5;0.91;1015.94;642.03;0.79;1070.71;674.65;0.89;1034.4;700.5;0.83;1060.25;702.35;0.82;1028.86;772.51;0.87;1030.71;765.74;0.86;1060.25;827.9;0.86;1020.25;824.82;0.89;9.88;110.84;146.06;165.06;171.95;168.65;23.84;27.68;156.16;152.32;250.79;623.8;370.43;
134;1;1125.32;575.04;0.93;1128.96;571.4;0.99;1122.09;571.0;0.97;1136.23;573.83;0.86;1116.84;574.23;0.64;1147.95;600.49;0.84;1110.38;600.89;0.84;1153.61;632.0;0.88;1106.74;626.35;0.8;1132.6;639.28;0.77;1105.93;636.45;0.76;1145.12;654.63;0.79;1124.52;656.65;0.77;1136.64;693.41;0.84;1118.05;699.07;0.84;1135.43;737.86;0.81;1136.23;729.78;0.79;98.92;176.44;169.22;140.71;170.65;157.1;13.17;22.36;166.83;157.64;158.78;85.98;65.43;
135;0;1063.64;579.68;0.61;1055.43;580.31;0.48;1068.69;579.05;0.46;1055.43;584.73;0.71;1076.26;586.62;0.8;1042.17;616.93;0.9;1092.05;623.24;0.87;1027.65;660.49;0.91;1104.67;664.91;0.91;1031.44;651.02;0.76;1082.58;681.95;0.89;1049.75;703.42;0.81;1075.63;703.42;0.8;1044.07;775.39;0.82;1044.7;764.65;0.82;1072.48;835.36;0.86;1044.7;826.52;0.88;3.37;110.79;150.14;153.2;170.48;164.77;23.44;28.43;156.56;151.57;251.26;539.21;419.22;
135;1;1124.19;574.93;0.93;1127.94;571.59;0.96;1121.27;571.18;0.98;1135.46;573.68;0.79;1115.01;573.68;0.58;1145.47;599.97;0.84;1110.0;599.97;0.83;1152.56;632.1;0.89;1105.83;629.18;0.8;1130.86;640.03;0.79;1102.07;640.45;0.61;1144.22;655.05;0.81;1122.94;657.55;0.79;1135.46;694.69;0.84;1117.51;698.87;0.84;1134.62;740.18;0.83;1130.03;734.34;0.8;97.62;169.7;168.59;153.08;168.84;159.86;13.75;20.79;166.25;159.21;162.33;56.84;167.24;
136;0;1063.55;579.65;0.6;1055.34;580.28;0.48;1068.61;579.02;0.46;1055.34;584.07;0.72;1076.19;586.6;0.81;1042.08;616.92;0.9;1092.61;623.24;0.87;1027.55;660.5;0.91;1104.61;664.29;0.91;1031.34;651.03;0.76;1082.5;681.98;0.89;1049.66;702.82;0.81;1075.56;703.46;0.8;1043.97;775.46;0.82;1045.24;765.36;0.82;1072.4;835.47;0.86;1044.6;827.26;0.88;3.37;112.37;150.18;154.49;170.48;165.91;23.48;28.3;156.52;151.7;251.71;3.06;2.37;
136;1;1124.14;574.8;0.93;1127.9;571.46;0.95;1121.62;571.04;0.98;1135.44;573.55;0.78;1114.93;573.97;0.58;1145.49;599.92;0.84;1109.9;599.92;0.83;1152.18;632.16;0.89;1105.72;629.23;0.8;1130.83;640.11;0.79;1102.37;640.53;0.61;1144.23;655.18;0.81;1123.3;657.69;0.79;1135.44;694.53;0.85;1117.44;699.14;0.84;1134.6;739.74;0.83;1130.0;734.3;0.8;98.69;171.63;168.47;152.3;168.71;158.9;13.04;21.19;166.96;158.81;162.22;2.6;9.26;
137;0;1071.76;585.78;0.7;1067.99;584.52;0.56;1080.57;583.89;0.56;1065.47;591.44;0.71;1086.87;591.44;0.73;1056.66;624.17;0.9;1107.64;631.1;0.87;1043.44;666.97;0.92;1116.45;672.01;0.93;1042.81;661.31;0.8;1096.94;685.23;0.85;1065.47;710.41;0.85;1088.13;711.67;0.84;1052.88;777.13;0.87;1059.8;768.94;0.79;1078.69;838.81;0.86;1070.5;828.11;0.83;23.5;111.96;146.61;143.44;163.48;167.3;23.0;25.77;157.0;154.23;247.69;463.5;445.3;
137;1;1123.56;574.97;0.92;1127.42;571.54;0.94;1120.56;571.11;0.96;1135.13;574.11;0.77;1113.71;574.11;0.55;1144.13;599.82;0.84;1108.56;600.25;0.82;1150.99;632.39;0.88;1106.42;629.39;0.74;1129.13;640.11;0.76;1105.99;642.25;0.55;1141.99;655.54;0.8;1121.42;657.25;0.78;1135.56;694.54;0.84;1117.56;698.82;0.82;1134.28;740.82;0.82;1128.7;735.25;0.81;97.55;177.7;172.23;157.69;172.84;161.99;14.09;16.92;165.91;163.08;163.07;51.19;120.72;
138;0;1086.2;589.7;0.81;1081.51;586.77;0.67;1092.05;586.77;0.65;1078.59;594.38;0.64;1099.67;593.21;0.67;1072.14;630.1;0.87;1117.82;633.03;0.86;1062.77;674.6;0.9;1127.77;678.12;0.87;1055.75;671.68;0.81;1109.62;688.07;0.71;1079.17;717.35;0.78;1104.35;720.28;0.8;1059.26;780.01;0.85;1072.14;773.56;0.78;1080.93;845.0;0.82;1100.84;826.26;0.84;79.27;106.29;143.94;120.29;157.77;157.63;16.49;21.23;163.51;158.77;245.94;498.93;391.04;
138;1;1122.54;574.34;0.95;1126.34;570.55;0.97;1119.89;570.55;0.98;1134.31;573.21;0.66;1113.43;572.83;0.52;1144.19;600.16;0.79;1108.5;599.4;0.8;1150.26;631.67;0.83;1102.42;625.6;0.71;1125.96;639.65;0.71;1110.4;640.03;0.6;1140.01;655.97;0.76;1118.75;657.49;0.76;1135.07;694.32;0.82;1119.13;695.84;0.78;1134.69;741.02;0.79;1128.62;735.32;0.75;97.25;138.02;173.13;167.05;176.95;170.56;15.19;23.06;164.81;156.94;163.83;96.46;148.48;
139;0;1101.47;590.86;0.84;1098.52;589.09;0.66;1103.82;588.5;0.69;1095.57;596.17;0.65;1113.26;595.58;0.65;1088.49;631.54;0.87;1130.36;632.13;0.85;1085.55;678.71;0.9;1140.38;676.36;0.88;1071.4;678.71;0.85;1120.92;686.38;0.71;1091.44;719.99;0.72;1118.57;722.94;0.75;1066.09;778.36;0.84;1089.08;777.77;0.82;1083.78;848.53;0.84;1130.95;826.71;0.86;93.58;104.48;142.37;111.19;154.61;159.14;5.49;20.17;174.51;159.83;246.76;516.33;343.94;
139;1;1122.61;575.46;0.8;1125.6;570.98;0.86;1120.0;570.98;0.82;1133.07;574.34;0.64;1113.65;575.09;0.41;1143.16;600.87;0.69;1112.15;599.37;0.61;1149.51;631.13;0.74;1105.43;623.66;0.5;1131.58;642.71;0.62;1119.62;640.47;0.5;1139.42;662.13;0.6;1118.13;661.39;0.59;1135.69;698.74;0.71;1117.76;694.64;0.6;1134.19;740.96;0.68;1126.35;735.73;0.55;111.0;124.34;176.2;167.55;177.66;173.85;15.34;20.98;164.66;159.02;162.88;192.48;278.01;
