frame;person_id;nose_x;nose_y;nose_conf;left_eye_x;left_eye_y;left_eye_conf;right_eye_x;right_eye_y;right_eye_conf;left_ear_x;left_ear_y;left_ear_conf;right_ear_x;right_ear_y;right_ear_conf;left_shoulder_x;left_shoulder_y;left_shoulder_conf;right_shoulder_x;right_shoulder_y;right_shoulder_conf;left_elbow_x;left_elbow_y;left_elbow_conf;right_elbow_x;right_elbow_y;right_elbow_conf;left_wrist_x;left_wrist_y;left_wrist_conf;right_wrist_x;right_wrist_y;right_wrist_conf;left_hip_x;left_hip_y;left_hip_conf;right_hip_x;right_hip_y;right_hip_conf;left_knee_x;left_knee_y;left_knee_conf;right_knee_x;right_knee_y;right_knee_conf;left_ankle_x;left_ankle_y;left_ankle_conf;right_ankle_x;right_ankle_y;right_ankle_conf;left_elbow_angle_2d_proj;right_elbow_angle_2d_proj;left_knee_angle_2d_proj;right_knee_angle_2d_proj;left_hip_angle_2d_proj;right_hip_angle_2d_proj;left_shoulder_angle_2d_proj;right_shoulder_angle_2d_proj;left_apparent_shoulder_rotation_2d_deg;right_apparent_shoulder_rotation_2d_deg;body_height_px;left_wrist_apparent_velocity_px_s;right_wrist_apparent_velocity_px_s;detected_event
0;0;227.99;263.91;0.84;223.88;262.63;0.65;230.3;262.89;0.65;221.05;266.23;0.77;233.13;266.48;0.66;210.77;282.16;0.82;244.44;283.96;0.81;205.37;308.12;0.75;246.75;310.69;0.82;221.82;310.44;0.43;240.58;326.89;0.57;216.17;324.06;0.76;238.53;324.83;0.73;204.6;360.56;0.8;253.95;361.59;0.8;194.06;401.43;0.85;268.09;400.91;0.84;86.26;154.2;176.88;177.01;155.08;149.01;19.09;13.18;160.91;166.82;137.26;;;
0;1;235.5;219.4;0.87;235.91;217.96;0.68;235.09;218.38;0.68;230.78;220.63;0.64;239.4;219.61;0.5;223.81;234.59;0.81;249.46;233.36;0.78;218.68;257.78;0.79;257.25;255.31;0.79;225.86;251.21;0.64;249.25;256.54;0.55;233.25;268.04;0.76;248.64;266.19;0.73;241.66;298.2;0.45;258.9;296.97;0.78;243.1;326.93;0.57;267.93;323.44;0.81;35.09;79.19;167.28;179.6;179.82;160.13;28.23;20.98;151.77;159.02;105.79;;;
0;2;112.96;166.33;0.59;111.99;164.59;0.53;111.22;164.4;0.59;111.22;168.65;0.35;108.9;167.3;0.55;110.64;181.03;0.46;104.64;177.16;0.64;121.66;199.41;0.42;122.05;168.07;0.59;137.14;198.83;0.43;132.69;156.66;0.61;102.9;213.34;0.51;97.1;213.14;0.55;106.58;239.84;0.54;90.91;240.81;0.4;115.09;267.69;0.56;84.14;269.05;0.41;118.82;160.57;170.9;179.13;158.63;179.23;44.43;129.42;135.57;50.58;102.04;;;
0;3;77.29;226.73;0.4;74.56;224.61;0.38;86.31;224.4;0.36;74.86;227.14;0.6;85.7;224.61;0.57;74.86;240.72;0.63;93.71;236.16;0.53;77.9;257.55;0.45;97.87;250.05;0.39;78.71;271.03;0.42;89.15;258.76;0.23;96.35;273.36;0.45;106.99;270.11;0.47;93.31;286.33;0.22;108.81;286.33;0.29;120.57;286.33;0.25;120.57;286.33;0.34;173.2;118.34;76.81;96.42;133.45;165.06;23.12;4.7;156.88;175.3;59.59;;;
0;4;22.81;266.67;0.77;22.64;264.29;0.66;22.64;264.46;0.75;14.47;265.82;0.46;21.45;266.16;0.62;16.85;281.81;0.52;19.41;283.52;0.74;17.88;308.35;0.45;17.03;304.95;0.78;20.94;322.13;0.5;21.62;323.15;0.77;9.71;323.32;0.55;11.75;323.32;0.63;19.24;341.86;0.52;20.6;344.25;0.66;17.71;370.61;0.39;9.37;370.61;0.39;169.67;159.5;149.76;134.02;143.04;146.2;11.97;4.55;168.03;175.45;103.94;;;
0;5;247.25;163.97;0.71;248.81;159.8;0.71;245.69;161.11;0.66;254.28;161.37;0.51;244.38;162.93;0.37;257.92;174.91;0.71;242.56;178.81;0.73;246.73;161.11;0.7;226.15;182.98;0.65;237.35;151.47;0.74;226.15;182.2;0.56;257.92;223.09;0.67;247.51;222.82;0.65;265.48;255.12;0.74;240.74;254.6;0.6;274.07;285.07;0.73;242.04;281.94;0.53;174.84;75.75;177.26;165.24;166.73;161.55;140.95;82.16;39.05;97.84;119.53;;;
0;6;98.5;148.39;0.51;99.85;146.47;0.55;96.88;146.52;0.54;102.04;147.66;0.57;94.54;147.77;0.53;105.05;153.7;0.32;91.63;153.8;0.29;106.3;161.66;0.28;87.57;162.65;0.33;104.74;159.01;0.16;91.27;159.11;0.2;102.61;173.11;0.32;93.66;173.11;0.31;105.05;173.11;0.26;93.14;173.11;0.24;100.53;173.11;0.26;93.19;173.11;0.25;21.55;21.59;0.02;0.49;82.82;84.0;16.1;30.65;163.9;149.35;24.72;;;
1;0;228.29;263.99;0.83;223.91;262.71;0.63;230.6;262.96;0.62;221.08;266.05;0.77;233.17;266.56;0.66;211.31;282.0;0.82;244.23;283.8;0.81;205.65;307.71;0.74;246.8;309.77;0.82;221.86;328.03;0.37;240.89;326.75;0.58;216.2;324.17;0.76;238.57;324.69;0.73;204.62;360.95;0.8;254.0;361.98;0.8;194.08;401.33;0.85;267.89;400.82;0.84;129.02;155.13;177.17;177.2;155.92;149.64;19.02;13.53;160.98;166.47;137.08;528.47;10.07;
1;1;235.81;219.21;0.85;236.43;217.96;0.7;235.19;218.38;0.69;231.03;220.46;0.69;241.0;219.63;0.57;224.39;234.79;0.79;249.52;233.54;0.77;218.36;257.84;0.79;257.2;255.76;0.77;225.43;252.03;0.63;248.69;254.52;0.55;233.73;268.43;0.74;248.69;266.56;0.71;241.0;298.13;0.48;259.07;297.1;0.77;242.46;326.59;0.57;267.8;323.06;0.81;35.89;62.6;169.17;179.79;178.23;159.77;30.17;20.52;149.83;159.48;105.61;27.77;63.15;
1;2;113.36;168.08;0.41;116.1;167.53;0.33;113.55;167.17;0.39;99.48;169.36;0.35;110.63;168.99;0.48;92.18;201.51;0.48;105.88;176.66;0.55;84.87;198.22;0.46;121.95;168.63;0.49;79.57;185.61;0.51;132.18;160.04;0.57;103.5;215.39;0.34;97.66;215.02;0.35;106.42;242.06;0.39;91.26;242.97;0.28;115.19;267.27;0.53;86.51;267.81;0.34;137.02;166.56;167.08;177.94;147.05;179.21;153.43;128.66;26.57;51.34;99.46;1773.99;102.77;
1;3;76.94;226.49;0.49;74.59;224.55;0.39;85.21;224.35;0.36;73.88;227.31;0.58;85.0;224.76;0.56;73.47;240.88;0.64;93.17;235.98;0.55;76.94;257.32;0.46;97.35;250.17;0.41;78.17;270.69;0.43;87.76;259.05;0.25;94.39;273.75;0.45;105.52;270.07;0.5;92.35;286.51;0.23;119.81;286.51;0.31;119.81;286.51;0.25;119.81;286.51;0.35;173.31;116.35;80.91;90.0;138.43;158.91;20.56;3.48;159.44;176.52;60.02;19.27;42.65;
1;4;21.33;265.62;0.76;20.48;263.42;0.57;21.16;263.93;0.69;13.21;265.11;0.48;20.99;265.62;0.62;18.11;282.03;0.56;19.13;283.05;0.75;17.94;308.76;0.49;16.93;305.38;0.77;20.99;324.66;0.56;21.66;324.15;0.77;7.62;325.34;0.56;10.67;325.0;0.63;18.79;343.1;0.47;19.47;343.95;0.6;17.44;370.17;0.36;11.35;370.17;0.37;168.8;160.22;144.99;137.89;134.23;143.7;13.25;5.77;166.75;174.23;104.55;76.02;30.13;
1;5;247.33;162.08;0.74;248.7;158.25;0.73;245.96;159.34;0.71;254.45;159.89;0.55;244.32;161.81;0.39;258.83;173.31;0.72;243.23;176.86;0.73;247.06;159.89;0.71;226.25;182.61;0.61;237.48;150.58;0.75;228.44;183.16;0.53;258.28;221.21;0.66;246.79;220.94;0.64;265.13;252.97;0.73;238.3;252.42;0.58;274.44;282.54;0.72;239.39;280.62;0.5;175.44;32.75;174.69;162.69;167.18;160.3;138.08;75.9;41.92;104.1;119.5;26.93;74.57;
1;6;98.53;148.52;0.49;99.97;146.47;0.52;96.99;146.57;0.49;101.97;147.65;0.5;94.58;147.8;0.45;104.84;153.85;0.26;91.3;154.11;0.24;105.51;161.29;0.23;87.86;161.85;0.24;105.1;153.75;0.15;90.58;158.16;0.12;102.33;172.52;0.25;93.61;172.52;0.23;105.0;172.52;0.19;92.43;172.52;0.19;100.28;172.52;0.22;93.3;172.52;0.21;2.01;12.43;0.02;0.08;82.33;82.86;12.79;31.07;167.21;148.93;24.01;158.28;35.17;
1;7;257.99;138.89;0.51;259.54;138.04;0.55;256.28;137.75;0.56;261.88;138.75;0.52;253.52;138.75;0.49;265.78;147.11;0.48;265.64;147.25;0.49;271.45;158.3;0.45;271.31;157.95;0.48;267.06;165.25;0.17;265.78;163.97;0.17;260.75;170.07;0.35;260.61;170.28;0.35;238.07;175.31;0.27;262.17;175.31;0.28;263.58;175.31;0.25;262.95;175.31;0.26;120.83;109.54;13.02;107.22;115.38;150.46;39.21;40.24;140.79;139.76;36.43;;;cocking_backswing
2;0;228.31;263.63;0.83;223.94;262.61;0.63;230.63;262.86;0.63;221.11;265.95;0.76;233.2;266.21;0.65;211.33;281.9;0.82;244.52;283.71;0.81;205.67;307.89;0.74;247.1;310.21;0.83;222.91;310.47;0.38;241.18;325.91;0.59;216.22;324.1;0.76;238.6;324.88;0.73;204.64;360.9;0.8;253.79;361.67;0.8;194.09;401.3;0.85;267.94;400.78;0.84;86.2;153.8;177.17;177.47;155.92;149.4;18.9;13.73;161.1;166.27;137.41;528.53;26.71;
2;1;236.41;219.38;0.87;237.46;218.34;0.75;234.95;218.55;0.74;231.62;220.84;0.65;242.05;220.01;0.51;224.73;234.82;0.79;250.6;233.77;0.77;218.69;257.55;0.79;257.27;255.05;0.76;224.73;252.34;0.61;248.72;254.0;0.52;233.7;269.02;0.74;248.93;267.14;0.72;240.17;299.06;0.47;259.15;297.6;0.78;242.25;327.63;0.54;268.33;323.67;0.8;34.34;65.63;172.03;179.16;177.46;158.58;29.59;20.28;150.41;159.72;106.27;22.75;15.48;
2;2;113.79;167.56;0.52;116.55;165.18;0.44;112.69;165.18;0.52;109.57;168.85;0.32;109.57;167.56;0.47;100.93;200.44;0.42;105.71;176.56;0.6;121.14;197.69;0.4;121.87;169.4;0.54;80.54;185.2;0.47;133.26;158.75;0.59;99.65;211.46;0.41;97.63;212.01;0.45;105.34;237.18;0.42;103.69;238.28;0.34;114.53;266.02;0.53;113.06;266.75;0.37;24.87;160.81;174.82;174.78;160.86;154.16;104.42;126.74;75.58;53.26;98.82;31.79;50.64;
2;3;19.83;265.17;0.77;19.33;262.97;0.59;19.66;263.48;0.69;13.58;265.0;0.48;20.0;265.34;0.63;18.14;282.4;0.6;18.65;283.25;0.76;17.8;308.93;0.55;16.96;306.23;0.76;20.85;324.82;0.61;21.52;324.31;0.77;7.33;326.0;0.54;10.88;325.49;0.62;18.82;343.23;0.43;19.33;344.25;0.56;17.97;369.93;0.35;16.96;369.93;0.36;168.43;161.63;144.5;150.49;132.38;145.32;13.2;6.22;166.8;173.78;104.77;2367.89;2792.75;
2;4;76.91;226.66;0.55;74.47;224.53;0.4;80.05;225.65;0.38;73.26;227.57;0.55;83.8;225.34;0.55;72.14;241.25;0.68;92.71;236.08;0.57;75.49;257.26;0.51;97.17;249.45;0.43;77.51;268.5;0.47;87.44;258.67;0.26;92.81;272.96;0.47;103.75;268.81;0.53;90.89;286.03;0.24;106.08;286.03;0.33;59.78;286.03;0.21;118.04;286.03;0.3;178.42;115.03;98.38;97.7;138.53;169.06;21.3;0.21;158.7;179.79;59.37;2393.22;2787.63;
2;5;257.93;138.45;0.54;259.55;137.91;0.55;256.23;137.57;0.57;261.99;138.32;0.54;253.8;138.18;0.54;265.85;147.05;0.48;265.65;147.12;0.49;271.4;158.5;0.5;271.27;158.5;0.51;266.12;165.74;0.2;265.78;163.85;0.22;261.79;174.21;0.35;261.58;174.21;0.37;261.58;174.21;0.27;262.74;174.21;0.29;264.16;174.21;0.25;263.07;174.21;0.25;118.03;107.99;0.11;179.87;98.51;81.47;34.39;34.82;145.61;145.18;35.75;973.39;1262.65;
2;6;98.53;148.65;0.46;99.98;146.7;0.49;96.99;146.75;0.46;101.98;147.78;0.46;94.57;147.78;0.42;104.81;153.8;0.24;91.28;154.06;0.22;105.12;160.75;0.21;87.93;161.83;0.21;105.07;153.49;0.13;90.51;157.45;0.1;102.24;172.58;0.2;93.59;172.58;0.19;102.09;172.58;0.16;91.59;172.58;0.17;100.28;172.58;0.2;93.34;172.58;0.19;2.14;7.18;179.85;0.04;97.8;82.87;10.34;30.42;169.66;149.58;23.93;7.86;21.41;
3;0;228.79;263.68;0.85;224.67;262.65;0.63;230.59;262.91;0.64;221.06;266.0;0.76;232.91;266.25;0.66;211.27;282.23;0.82;244.5;284.03;0.81;205.34;307.99;0.74;247.08;310.57;0.82;222.86;310.31;0.39;241.93;326.54;0.6;216.68;324.48;0.76;238.58;324.99;0.74;204.31;361.58;0.8;254.03;362.35;0.8;194.01;401.51;0.85;267.95;400.73;0.84;84.59;156.58;176.04;177.44;154.27;149.29;20.25;13.78;159.75;166.22;137.44;4.96;29.43;
3;1;236.43;219.22;0.86;237.27;217.53;0.71;235.37;218.16;0.7;232.21;220.27;0.64;241.28;219.43;0.49;225.04;234.19;0.78;250.98;233.13;0.76;218.72;257.38;0.78;258.15;254.64;0.76;225.67;252.11;0.6;249.92;254.85;0.49;233.48;268.98;0.75;249.08;267.5;0.71;240.01;298.92;0.43;259.2;297.87;0.77;242.12;328.02;0.52;268.69;324.65;0.8;37.6;73.03;171.83;178.92;178.69;158.4;28.88;21.6;151.12;158.4;107.12;29.01;44.2;
3;2;114.16;167.98;0.6;115.8;165.25;0.49;112.34;165.62;0.56;111.24;168.53;0.3;109.42;167.44;0.44;110.15;178.91;0.42;105.23;176.73;0.66;120.53;198.22;0.44;121.81;169.62;0.57;80.82;193.48;0.39;134.37;158.88;0.61;101.59;211.33;0.44;97.58;211.88;0.5;105.41;235.38;0.45;103.41;236.1;0.35;114.52;264.7;0.55;112.15;267.25;0.42;54.93;162.67;171.79;177.85;156.17;154.19;43.06;125.48;136.94;54.52;97.99;249.02;33.68;
3;3;76.71;227.03;0.53;74.09;224.61;0.36;82.87;224.71;0.39;72.57;227.84;0.56;83.17;225.31;0.57;71.26;241.26;0.7;92.15;236.52;0.58;74.49;257.21;0.52;96.49;249.74;0.44;75.7;268.41;0.47;86.81;258.22;0.27;91.75;272.55;0.48;102.95;268.11;0.56;90.14;286.28;0.26;104.67;286.28;0.36;91.04;286.28;0.2;116.98;286.28;0.27;174.72;113.01;83.29;95.4;140.07;166.52;21.77;0.7;158.23;179.3;59.25;2363.14;2790.14;
3;4;19.38;265.42;0.63;18.54;262.88;0.54;19.89;263.56;0.62;13.13;265.08;0.58;19.38;265.75;0.71;18.03;282.66;0.59;18.03;283.51;0.71;17.36;307.85;0.57;17.02;307.0;0.69;20.74;324.59;0.59;21.24;324.42;0.69;5.69;328.14;0.44;10.76;327.12;0.51;4.34;369.56;0.37;16.34;344.53;0.44;18.2;369.56;0.35;17.36;369.56;0.37;167.04;163.89;88.13;164.56;166.69;152.77;13.65;6.99;166.35;173.01;104.14;2396.98;2802.16;
3;5;257.94;138.43;0.53;259.65;137.61;0.55;256.23;137.41;0.56;253.9;138.3;0.54;262.04;138.09;0.53;265.81;146.99;0.44;265.6;147.26;0.48;271.62;158.34;0.43;271.42;158.41;0.49;239.26;164.5;0.14;266.01;163.75;0.2;251.98;174.36;0.36;262.18;174.36;0.38;252.94;174.36;0.25;263.41;174.36;0.29;265.26;174.36;0.25;263.41;174.36;0.25;73.66;107.09;179.98;90.0;63.21;82.8;53.91;34.74;126.09;145.26;35.92;807.71;7.45;
3;6;98.44;148.46;0.48;99.92;146.41;0.51;96.85;146.57;0.48;101.91;147.59;0.49;94.45;147.74;0.44;104.67;153.98;0.26;91.33;154.08;0.23;105.44;161.19;0.23;87.75;161.7;0.23;105.08;153.37;0.16;90.41;153.68;0.1;102.27;172.39;0.24;93.58;172.39;0.23;104.93;172.39;0.19;92.45;172.39;0.19;102.37;172.39;0.22;93.32;172.39;0.21;3.45;6.84;0.03;0.08;82.56;82.99;13.51;32.17;166.49;147.83;23.93;3.65;113.49;
4;0;228.68;263.65;0.85;224.56;262.62;0.64;230.74;262.87;0.65;220.95;265.97;0.75;232.8;266.22;0.66;211.41;281.95;0.82;244.66;284.01;0.81;205.48;307.98;0.73;247.24;310.56;0.82;223.01;328.09;0.37;242.34;326.29;0.62;216.56;324.22;0.76;238.47;324.74;0.74;204.45;361.34;0.8;253.94;362.37;0.8;194.14;401.56;0.86;268.12;400.78;0.84;126.09;157.15;176.31;177.92;154.97;149.02;19.78;14.18;160.22;165.82;137.52;534.11;14.61;
4;1;236.44;219.14;0.86;237.29;217.46;0.71;235.39;218.09;0.7;232.44;220.41;0.64;241.71;219.56;0.47;225.07;234.1;0.78;250.77;233.05;0.76;218.53;257.28;0.78;258.36;254.96;0.76;225.07;252.65;0.59;249.72;256.23;0.5;233.7;269.08;0.74;249.3;267.61;0.71;239.6;299.0;0.41;258.99;297.74;0.78;241.5;327.87;0.49;268.68;324.71;0.8;38.9;79.23;172.6;178.06;177.28;159.72;29.61;21.54;150.39;158.46;107.15;24.34;41.78;
4;2;114.18;168.56;0.56;115.81;165.84;0.47;112.19;166.2;0.55;110.56;168.74;0.31;109.29;168.01;0.47;109.83;178.51;0.42;105.31;176.88;0.65;120.51;198.23;0.42;121.42;169.64;0.54;81.06;193.35;0.38;134.44;159.15;0.58;101.69;210.72;0.43;97.53;211.63;0.49;105.31;236.24;0.44;103.68;236.78;0.35;114.54;265.19;0.54;112.01;267.36;0.42;54.51;165.35;170.39;178.52;157.74;153.63;42.61;126.82;137.39;53.18;97.72;8.18;8.41;
4;3;76.8;227.08;0.52;73.77;224.76;0.36;83.04;224.76;0.4;72.57;227.89;0.57;83.04;225.47;0.58;71.36;241.39;0.7;92.31;236.55;0.59;74.28;256.3;0.52;96.74;249.65;0.45;75.59;267.78;0.48;86.87;258.82;0.28;91.61;272.32;0.48;102.89;267.98;0.58;90.1;286.22;0.26;104.6;286.22;0.37;58.97;286.22;0.19;116.89;286.22;0.25;175.42;114.18;96.2;95.37;140.58;166.77;22.13;0.1;157.87;179.9;59.14;19.24;18.06;
4;4;19.86;265.88;0.62;18.85;263.02;0.54;20.03;263.87;0.64;13.3;265.04;0.58;19.52;265.88;0.72;17.84;282.71;0.59;18.01;283.38;0.72;17.33;307.61;0.57;16.83;306.6;0.69;20.7;324.1;0.59;21.2;323.94;0.71;5.72;326.46;0.45;10.43;326.29;0.52;4.55;343.79;0.38;17.17;343.96;0.48;18.18;369.2;0.36;13.3;369.2;0.37;167.3;162.93;147.9;150.43;168.41;149.14;14.32;7.1;165.68;172.9;103.31;14.53;14.51;take_off
4;5;257.92;138.53;0.53;259.56;137.64;0.55;256.28;137.36;0.57;261.89;138.32;0.55;253.89;138.12;0.54;265.79;147.07;0.47;265.65;147.14;0.48;271.6;158.35;0.46;271.32;158.35;0.47;269.54;164.57;0.18;266.06;163.75;0.18;251.98;174.35;0.35;262.03;174.35;0.37;262.91;174.35;0.26;263.39;174.35;0.28;265.17;174.35;0.25;263.46;174.35;0.24;134.5;108.89;179.98;179.73;63.15;82.41;54.11;34.43;125.89;145.57;35.82;909.67;1.42;
4;6;98.42;148.29;0.47;99.96;146.29;0.5;96.83;146.44;0.47;101.86;147.62;0.47;94.36;147.73;0.42;104.68;153.99;0.26;91.28;154.71;0.23;105.76;161.17;0.24;87.74;161.64;0.23;105.19;153.17;0.16;90.36;153.48;0.1;102.21;172.36;0.25;93.8;172.36;0.22;104.83;172.36;0.2;93.7;172.36;0.2;102.21;172.36;0.23;94.0;172.36;0.21;4.5;9.29;0.03;0.46;82.36;81.89;16.17;35.18;163.83;144.82;24.07;6.87;6.18;
5;0;228.7;263.42;0.81;224.06;262.65;0.63;231.03;262.91;0.61;220.7;266.0;0.81;232.83;266.26;0.72;211.15;282.52;0.82;244.71;284.33;0.81;205.21;308.08;0.73;247.03;311.69;0.81;221.47;311.44;0.41;241.35;326.92;0.63;216.83;324.86;0.76;238.25;325.37;0.73;204.18;361.51;0.79;253.74;362.54;0.79;194.11;401.26;0.85;267.68;400.75;0.84;88.58;154.7;175.17;177.43;153.32;148.44;20.72;13.79;159.28;166.21;137.58;502.35;35.39;
5;1;237.08;218.7;0.86;238.13;217.22;0.7;236.24;217.65;0.69;233.5;219.75;0.64;240.45;219.12;0.46;225.5;234.07;0.78;251.4;233.02;0.77;218.34;257.24;0.78;259.82;254.92;0.77;221.92;252.18;0.6;251.82;258.5;0.55;234.13;269.87;0.74;249.71;268.82;0.71;238.34;299.35;0.43;259.19;298.51;0.78;241.29;328.84;0.53;269.3;326.31;0.8;18.14;93.06;177.58;177.72;174.57;159.61;30.74;23.73;149.26;156.27;108.87;95.61;92.94;
5;2;114.6;169.54;0.46;115.32;167.74;0.4;112.98;167.92;0.46;109.74;191.49;0.27;109.56;170.26;0.46;108.12;201.2;0.44;105.42;177.28;0.55;120.36;197.97;0.47;120.9;170.98;0.47;131.33;191.85;0.48;133.85;160.91;0.48;103.81;212.54;0.31;97.87;212.54;0.33;106.5;239.88;0.36;103.99;240.42;0.28;114.6;264.17;0.56;109.56;267.94;0.46;165.69;164.27;167.2;179.08;153.51;155.53;125.68;124.24;54.32;55.76;96.51;1510.43;55.85;
5;3;257.75;138.59;0.49;259.65;137.57;0.5;255.91;137.38;0.5;253.89;138.46;0.46;262.37;138.14;0.48;248.96;147.06;0.4;265.59;147.38;0.42;246.74;158.51;0.3;271.6;158.39;0.43;252.25;142.19;0.11;269.96;162.69;0.15;251.68;172.43;0.36;262.11;172.43;0.36;241.93;172.43;0.29;263.7;172.43;0.26;269.9;172.43;0.24;269.83;172.43;0.25;7.69;130.44;0.0;179.97;83.88;82.09;17.06;36.54;162.94;143.46;33.85;6510.07;6210.86;
5;4;75.87;227.72;0.53;72.81;225.35;0.36;82.28;225.55;0.38;71.53;227.82;0.58;82.28;225.84;0.56;70.45;241.62;0.69;92.73;236.99;0.62;73.31;259.77;0.52;96.38;250.7;0.46;74.19;267.36;0.41;86.42;259.08;0.25;89.08;272.3;0.47;101.31;268.45;0.58;82.28;285.71;0.23;102.1;285.71;0.33;82.58;285.71;0.23;114.83;285.71;0.31;177.71;115.18;63.1;92.62;121.81;167.36;22.33;0.35;157.67;179.65;57.99;2342.13;2762.5;
5;5;18.95;266.09;0.62;18.27;263.4;0.53;19.45;263.9;0.62;13.23;265.58;0.58;18.78;265.92;0.71;17.1;283.07;0.62;17.1;283.58;0.73;17.26;308.13;0.6;16.76;307.46;0.71;20.12;325.12;0.6;20.96;324.78;0.72;5.49;330.67;0.46;8.52;330.0;0.53;4.48;369.35;0.38;13.56;346.14;0.41;18.27;342.61;0.39;17.6;343.12;0.38;170.83;165.55;25.79;70.48;167.79;152.18;14.09;9.66;165.91;170.34;76.78;8909.13;8808.1;cocking_backswing
5;6;246.43;156.55;0.71;248.57;153.34;0.7;245.57;153.55;0.66;254.14;154.83;0.39;205.77;155.48;0.27;259.91;167.67;0.72;244.93;172.38;0.71;247.5;156.12;0.69;233.8;180.3;0.61;236.59;147.13;0.74;228.02;182.23;0.55;258.63;211.76;0.74;248.57;211.76;0.7;262.48;242.58;0.67;243.22;241.08;0.55;276.39;270.62;0.64;244.93;267.41;0.48;176.52;163.0;160.74;165.94;171.21;164.38;131.29;59.85;48.71;120.15;112.47;3950.56;4223.98;
6;0;220.68;263.53;0.89;218.88;262.51;0.69;220.68;263.02;0.71;214.51;265.85;0.69;224.02;266.1;0.66;203.72;282.04;0.83;237.38;284.35;0.83;199.1;307.99;0.74;238.93;311.07;0.83;213.23;331.12;0.37;234.56;328.04;0.62;209.12;322.64;0.77;230.7;323.92;0.75;197.04;361.44;0.8;245.86;363.24;0.81;185.99;401.53;0.87;260.26;401.27;0.85;138.47;162.25;178.12;179.64;155.14;149.33;17.68;12.88;162.32;167.12;137.87;640.97;206.73;
6;1;229.69;218.74;0.85;230.33;217.46;0.71;228.84;217.89;0.68;226.29;219.8;0.63;235.86;219.16;0.43;218.85;234.05;0.77;243.52;232.78;0.75;210.76;257.03;0.78;251.82;253.83;0.75;216.93;250.43;0.61;244.16;257.03;0.49;226.72;270.64;0.71;241.82;269.36;0.7;232.67;299.35;0.44;251.39;298.72;0.78;234.16;329.13;0.48;261.17;325.94;0.8;23.71;91.12;171.14;178.29;179.58;159.28;31.52;24.16;148.48;155.84;108.8;158.66;234.32;
6;2;107.53;168.79;0.65;108.07;166.07;0.57;104.98;166.79;0.6;103.35;169.88;0.32;101.17;169.52;0.53;100.8;179.51;0.51;98.62;178.24;0.68;111.89;196.05;0.4;117.34;171.15;0.59;122.24;192.05;0.37;129.33;159.34;0.57;93.9;211.67;0.51;89.36;212.22;0.57;98.81;238.2;0.54;96.26;239.84;0.49;106.62;264.18;0.64;100.99;268.54;0.59;102.73;156.18;173.74;175.31;157.41;150.71;45.95;125.99;134.05;54.01;97.57;272.9;143.56;
6;3;239.55;157.76;0.82;240.55;155.0;0.78;238.29;155.25;0.76;245.58;157.01;0.42;195.34;157.26;0.3;252.61;167.31;0.79;237.54;172.58;0.8;239.55;154.24;0.72;227.74;180.37;0.73;227.99;145.7;0.8;220.71;185.14;0.65;251.86;209.76;0.8;241.31;209.76;0.78;254.37;239.9;0.71;239.05;239.4;0.63;269.44;266.28;0.68;243.57;266.78;0.55;171.47;175.68;155.02;166.26;174.22;169.85;133.98;57.31;46.02;122.69;108.77;736.01;1625.69;
6;4;249.89;138.56;0.5;251.81;137.44;0.52;248.21;137.32;0.53;254.05;138.31;0.48;246.17;138.0;0.48;241.01;147.25;0.36;257.65;147.37;0.37;263.92;158.23;0.37;263.67;158.17;0.39;262.8;163.88;0.13;263.17;162.46;0.15;243.68;171.83;0.31;255.17;171.83;0.31;256.78;171.83;0.2;256.34;171.83;0.23;262.18;171.83;0.27;261.93;171.83;0.26;104.44;144.25;179.99;179.97;96.2;84.2;58.18;34.94;121.82;145.06;33.27;6461.39;6050.12;
6;5;67.48;227.54;0.51;63.05;225.52;0.38;73.46;225.61;0.38;62.76;227.74;0.57;73.27;226.0;0.53;61.79;241.62;0.69;85.23;236.7;0.64;63.92;258.79;0.53;89.76;251.46;0.48;64.01;266.6;0.45;79.35;258.4;0.28;79.25;271.32;0.49;92.56;269.68;0.61;79.92;284.34;0.25;93.04;284.34;0.33;50.32;284.34;0.22;105.77;284.34;0.24;173.66;106.61;87.03;91.88;152.53;169.36;23.4;4.55;156.6;175.45;56.8;2197.06;2655.14;
7;0;212.92;263.65;0.93;213.18;262.62;0.72;212.15;262.87;0.76;206.74;265.71;0.65;215.75;265.97;0.67;195.4;282.45;0.82;229.92;285.03;0.83;189.99;308.99;0.74;230.7;311.82;0.8;203.65;315.17;0.43;224.77;328.31;0.54;199.53;323.16;0.76;222.97;324.44;0.74;188.71;362.06;0.8;237.91;364.37;0.81;177.89;402.24;0.87;251.82;402.24;0.85;102.84;158.58;179.52;179.66;158.67;149.48;17.31;11.66;162.69;168.34;138.6;558.84;294.05;
7;1;222.81;217.47;0.85;223.65;216.41;0.71;221.75;216.84;0.66;218.56;218.75;0.69;228.32;218.32;0.54;210.93;234.02;0.75;236.38;232.53;0.73;202.66;255.87;0.73;244.23;253.32;0.72;208.81;248.44;0.57;234.47;251.84;0.53;219.41;269.44;0.66;234.47;268.38;0.65;224.93;298.08;0.4;243.59;298.5;0.74;226.62;328.62;0.49;253.56;326.92;0.78;18.91;60.66;172.28;177.52;177.43;160.1;34.21;23.73;145.79;156.27;110.3;251.25;330.05;
7;2;230.42;156.63;0.82;231.93;153.61;0.77;230.17;153.61;0.74;238.73;155.38;0.43;188.64;156.13;0.3;244.77;165.19;0.8;230.92;170.98;0.81;232.43;153.11;0.78;221.61;178.78;0.78;219.6;145.06;0.83;214.31;185.58;0.73;243.51;208.24;0.82;233.44;208.24;0.82;247.03;239.45;0.76;232.68;239.95;0.65;262.64;264.11;0.77;242.0;267.14;0.57;167.7;177.0;154.12;159.72;171.88;174.77;132.73;53.91;47.27;126.09;108.99;3246.76;2671.21;
7;3;99.05;169.12;0.77;100.02;166.99;0.7;97.11;166.79;0.73;100.8;169.9;0.22;94.59;169.12;0.39;91.48;180.58;0.61;90.9;178.83;0.77;105.07;194.76;0.44;105.66;172.23;0.67;112.84;191.65;0.47;121.77;161.36;0.63;85.07;213.79;0.66;80.22;213.98;0.71;90.31;239.62;0.71;87.6;242.14;0.6;98.86;264.67;0.71;92.26;269.14;0.69;112.0;170.09;172.64;175.11;157.6;148.41;54.72;131.0;125.28;49.0;97.78;3723.71;3056.12;
7;4;242.1;138.52;0.48;244.0;137.6;0.49;240.5;137.41;0.49;246.46;138.33;0.44;247.2;138.03;0.45;233.74;147.06;0.35;249.78;147.25;0.36;256.05;158.19;0.33;255.86;158.19;0.39;227.29;161.75;0.08;255.68;161.69;0.13;236.32;171.58;0.33;247.26;171.58;0.32;227.29;171.58;0.2;248.86;171.58;0.24;254.7;171.58;0.24;254.64;171.58;0.26;33.57;147.91;0.01;179.97;83.99;84.09;57.49;34.99;122.51;145.01;33.06;1068.54;226.18;jump_peak
7;5;58.48;226.63;0.63;57.64;225.6;0.37;57.36;225.88;0.34;53.91;227.37;0.4;64.82;224.95;0.3;54.19;241.26;0.64;77.31;236.79;0.59;54.85;258.6;0.55;84.12;253.75;0.48;53.08;264.01;0.45;77.41;263.63;0.18;70.42;270.63;0.46;83.37;268.2;0.63;41.98;278.36;0.25;71.53;278.36;0.22;41.98;278.36;0.19;95.59;278.36;0.19;159.71;123.96;90.0;40.64;76.31;119.72;26.76;10.94;153.24;169.06;51.74;337.58;167.61;
8;0;205.67;263.15;0.92;206.18;262.12;0.71;204.89;262.37;0.72;199.48;265.46;0.66;208.24;265.72;0.63;188.15;282.46;0.8;222.15;284.78;0.81;183.52;308.22;0.72;223.18;311.57;0.76;197.68;319.81;0.48;217.51;326.25;0.54;192.01;323.16;0.7;214.94;323.93;0.69;180.68;361.79;0.77;230.65;364.62;0.78;170.12;402.23;0.86;244.3;402.23;0.84;119.09;156.69;178.29;178.84;158.23;148.45;15.63;12.64;164.37;167.36;139.08;226.96;226.62;
8;1;215.64;217.5;0.9;216.72;216.65;0.76;214.36;217.07;0.73;211.58;218.79;0.68;221.21;218.14;0.57;204.09;233.34;0.76;228.91;232.48;0.74;194.67;254.96;0.76;236.62;251.96;0.67;199.59;249.18;0.61;253.53;251.74;0.41;211.15;270.36;0.69;226.99;269.51;0.68;215.86;299.04;0.45;235.98;299.47;0.76;217.57;329.65;0.52;245.61;327.29;0.79;16.89;110.86;173.88;177.61;178.52;160.32;34.34;24.56;145.66;155.44;110.97;277.57;572.28;
8;2;92.89;171.16;0.63;93.25;168.48;0.57;89.86;168.66;0.58;86.83;171.33;0.3;85.76;170.8;0.52;83.97;182.93;0.44;83.08;179.72;0.63;91.82;198.8;0.36;103.06;172.58;0.58;58.12;190.95;0.37;115.54;153.68;0.59;76.31;214.85;0.46;73.27;215.02;0.54;81.66;241.77;0.47;81.12;243.38;0.43;91.46;266.38;0.58;86.83;269.59;0.41;50.59;143.09;169.51;176.81;155.26;149.01;39.81;125.18;140.19;54.82;96.83;5042.08;3117.48;
8;3;222.42;155.88;0.82;224.17;152.88;0.77;222.17;153.13;0.75;230.41;154.38;0.4;221.92;155.13;0.32;236.91;162.12;0.8;223.92;169.86;0.8;224.92;152.63;0.79;215.68;178.1;0.77;211.93;145.14;0.84;207.19;184.59;0.7;235.91;206.32;0.81;225.92;206.07;0.81;239.15;237.78;0.75;223.42;236.54;0.62;254.39;260.26;0.74;222.42;262.51;0.49;171.61;172.41;151.76;177.52;172.81;172.16;127.07;48.16;52.93;131.84;105.51;3287.76;2658.65;
8;4;234.53;138.91;0.44;236.36;138.09;0.47;232.89;137.9;0.48;238.44;138.73;0.43;230.99;138.22;0.44;242.29;146.93;0.35;242.36;147.0;0.38;248.1;158.48;0.34;248.04;158.17;0.42;218.62;162.27;0.14;244.5;162.08;0.18;239.96;172.37;0.29;239.9;172.37;0.32;218.62;172.37;0.32;241.22;172.37;0.3;218.62;172.37;0.25;218.62;172.37;0.24;70.63;110.96;90.0;0.01;95.25;84.46;31.94;32.49;148.06;147.51;33.46;260.75;335.89;
8;5;49.66;227.15;0.73;49.38;226.02;0.42;48.25;226.11;0.39;45.06;227.9;0.36;55.85;225.93;0.25;45.72;241.78;0.64;69.45;237.28;0.59;45.16;259.98;0.54;76.86;254.91;0.53;42.34;261.01;0.5;73.2;264.48;0.21;61.48;278.36;0.4;76.2;268.98;0.61;33.62;278.36;0.15;87.55;278.36;0.18;33.62;278.36;0.17;87.55;278.36;0.16;111.91;136.28;90.0;90.0;66.7;141.6;25.08;10.77;154.92;169.23;51.21;334.75;128.81;
9;0;205.65;263.23;0.93;206.17;261.94;0.73;204.62;262.2;0.74;199.72;265.3;0.66;207.97;265.55;0.65;187.86;282.32;0.8;222.16;284.89;0.81;183.48;308.11;0.72;223.19;311.72;0.77;197.4;318.16;0.48;218.55;326.16;0.56;191.99;323.06;0.7;214.94;323.84;0.69;180.9;361.75;0.77;230.41;364.84;0.78;170.06;402.24;0.86;244.34;402.49;0.84;116.19;159.98;178.98;179.62;158.22;148.82;15.43;12.71;164.57;167.29;139.13;50.11;31.21;
9;1;215.67;217.36;0.89;216.74;216.5;0.74;214.18;216.93;0.71;211.18;218.85;0.71;221.23;218.21;0.59;203.69;233.61;0.75;229.15;232.76;0.72;194.92;254.36;0.74;235.99;251.8;0.68;200.48;248.37;0.58;227.22;249.66;0.45;211.61;270.19;0.67;227.01;269.12;0.66;213.75;298.43;0.45;235.99;299.07;0.74;217.38;329.23;0.51;245.62;327.52;0.78;19.97;56.52;177.6;178.01;172.12;159.93;35.12;23.14;144.88;156.86;111.02;36.01;792.45;
9;2;92.85;171.28;0.65;93.38;168.42;0.59;89.98;168.78;0.6;86.58;171.64;0.31;85.69;171.1;0.54;84.08;182.02;0.48;83.0;179.87;0.65;92.31;174.33;0.34;101.97;172.89;0.58;58.84;190.08;0.33;115.4;153.38;0.58;76.74;214.95;0.52;72.98;214.95;0.58;82.11;241.26;0.53;80.85;243.23;0.48;91.41;265.96;0.62;85.33;270.62;0.49;17.87;144.73;170.89;173.72;155.9;148.49;145.63;126.15;34.37;53.85;97.01;34.09;9.81;
9;3;222.44;155.43;0.82;224.18;152.19;0.77;222.19;152.44;0.75;230.65;154.18;0.41;222.19;154.93;0.34;237.13;161.9;0.81;224.18;169.87;0.8;225.18;152.69;0.8;215.96;178.09;0.77;211.98;144.97;0.85;207.25;185.06;0.7;235.64;206.23;0.82;225.67;205.98;0.82;239.12;238.11;0.76;219.7;236.11;0.6;254.56;260.52;0.76;214.47;262.26;0.49;172.7;173.66;151.68;179.91;171.83;166.41;125.7;47.37;54.3;132.63;105.96;5.28;14.17;
9;4;49.37;227.21;0.73;49.18;226.18;0.4;48.15;226.18;0.38;44.97;228.05;0.36;55.26;226.08;0.27;45.63;241.8;0.64;69.2;237.31;0.57;45.16;258.83;0.53;77.43;254.9;0.55;42.54;261.63;0.49;73.04;265.0;0.25;61.53;271.74;0.41;76.03;268.27;0.62;33.56;278.38;0.15;87.35;278.38;0.18;33.56;278.38;0.16;87.35;278.38;0.17;138.55;131.4;90.0;90.0;75.38;144.19;29.55;12.65;150.45;167.35;51.17;6072.42;6006.39;
9;5;234.45;139.56;0.42;236.34;138.55;0.47;232.81;138.18;0.47;238.42;138.74;0.43;231.05;138.3;0.44;242.26;146.87;0.36;242.32;147.0;0.39;248.12;158.21;0.35;247.99;157.89;0.43;218.7;162.18;0.16;244.72;161.93;0.2;239.93;172.32;0.3;239.93;172.32;0.33;218.7;172.32;0.33;218.7;172.32;0.3;218.7;172.32;0.26;218.7;172.32;0.25;70.36;113.42;90.0;90.0;95.23;95.4;32.56;32.88;147.44;147.12;32.76;6071.88;6002.04;
9;6;78.27;170.58;0.14;76.96;147.74;0.15;73.12;151.01;0.15;82.76;170.3;0.14;84.16;165.99;0.1;80.79;179.66;0.22;89.78;179.19;0.15;59.17;205.59;0.15;57.86;185.0;0.13;61.13;161.13;0.08;59.92;194.45;0.12;77.05;205.59;0.17;68.81;205.59;0.17;81.26;205.59;0.18;84.35;205.59;0.21;99.14;205.59;0.24;99.14;205.59;0.24;37.29;88.02;179.99;179.99;81.78;51.54;31.61;41.23;148.39;138.77;35.01;5286.41;5062.44;
10;0;208.73;216.41;0.89;208.73;215.97;0.69;208.29;215.97;0.7;203.54;218.57;0.68;212.83;217.92;0.57;195.98;233.04;0.77;221.47;232.39;0.74;187.56;250.1;0.69;227.73;248.37;0.63;193.18;249.02;0.55;221.69;249.24;0.41;205.05;270.84;0.68;219.31;270.19;0.68;201.81;298.48;0.52;228.6;299.56;0.71;201.17;329.16;0.46;237.89;328.94;0.77;52.84;76.73;174.53;180.0;159.82;159.18;39.77;24.67;140.23;155.33;112.64;2080.53;2312.21;
10;1;198.07;262.59;0.87;197.82;261.32;0.66;198.58;261.83;0.64;191.21;265.13;0.73;202.14;265.9;0.65;181.81;283.17;0.77;212.81;284.44;0.76;175.71;308.08;0.68;214.59;308.33;0.67;184.1;327.13;0.4;209.0;332.72;0.35;184.86;324.34;0.64;207.22;325.86;0.62;173.42;362.2;0.76;222.21;363.98;0.78;162.75;401.08;0.86;235.93;401.08;0.85;142.49;162.83;178.55;178.83;158.96;150.84;18.0;11.95;162.0;168.05;138.48;2416.19;2554.22;
10;2;215.05;154.46;0.81;216.73;151.57;0.79;214.81;151.57;0.78;222.74;152.53;0.49;215.53;153.74;0.35;229.96;160.71;0.8;217.69;167.93;0.8;216.97;152.05;0.8;209.51;178.03;0.78;203.98;144.59;0.87;198.93;186.7;0.74;227.8;203.78;0.8;218.17;203.3;0.8;231.41;236.26;0.76;207.59;233.37;0.58;247.04;258.87;0.8;197.24;257.19;0.5;176.17;168.28;151.68;175.91;170.78;159.83;120.81;39.77;59.19;140.23;103.57;4568.27;2700.95;
10;3;86.19;172.7;0.59;86.83;171.58;0.52;84.91;170.62;0.56;71.67;173.81;0.29;78.85;172.38;0.51;74.86;182.43;0.38;75.34;180.04;0.57;82.68;201.26;0.42;96.24;173.65;0.58;96.24;192.8;0.42;105.97;162.01;0.6;70.07;213.07;0.39;64.81;212.91;0.41;73.58;238.28;0.37;59.06;242.11;0.3;84.27;267.64;0.54;53.32;277.22;0.32;80.61;146.86;167.92;178.16;163.19;173.36;31.43;124.74;148.57;55.26;99.73;3761.33;3119.51;
10;4;40.3;227.99;0.74;40.66;226.25;0.4;38.65;226.53;0.36;35.9;229.18;0.35;46.06;226.34;0.21;37.18;241.9;0.68;61.35;237.42;0.62;36.27;259.75;0.56;66.75;253.9;0.55;33.25;258.93;0.54;68.31;264.7;0.15;52.47;276.69;0.43;67.12;270.65;0.62;24.92;276.69;0.15;53.66;276.69;0.16;24.92;276.69;0.18;77.55;276.69;0.18;77.68;170.05;90.0;24.18;66.28;104.33;26.66;8.3;153.34;171.7;48.7;290.63;142.39;
10;5;226.89;139.31;0.5;228.5;137.83;0.52;225.4;137.64;0.54;230.54;138.82;0.52;223.36;138.26;0.53;234.38;147.11;0.43;218.84;146.68;0.4;240.2;157.58;0.43;211.29;156.59;0.35;238.78;162.72;0.21;211.29;161.73;0.21;232.34;167.18;0.35;222.24;166.87;0.34;233.02;171.94;0.28;211.29;171.94;0.37;211.29;171.94;0.27;211.29;171.94;0.32;135.43;142.67;81.87;90.0;166.05;105.28;34.9;46.9;145.1;133.1;32.63;603.24;1004.14;
11;0;201.79;216.18;0.91;202.65;215.53;0.76;201.14;215.75;0.75;197.45;217.7;0.6;205.04;217.05;0.53;189.65;232.65;0.77;213.92;232.0;0.76;180.55;250.41;0.76;228.43;246.95;0.65;185.32;245.86;0.65;240.13;257.78;0.49;197.24;272.73;0.72;212.62;271.86;0.7;194.85;300.03;0.45;221.07;300.03;0.74;193.34;330.14;0.38;229.73;328.84;0.8;19.21;176.95;177.89;179.96;164.3;161.43;37.83;46.03;142.17;133.97;113.31;254.26;610.61;
11;1;189.74;263.6;0.93;191.29;261.79;0.76;188.97;262.57;0.77;184.34;265.91;0.66;192.83;266.17;0.62;173.52;282.65;0.78;203.9;284.97;0.75;166.57;307.37;0.74;208.54;309.43;0.65;168.37;328.23;0.49;206.99;336.98;0.52;175.84;326.68;0.65;197.98;328.23;0.61;165.28;362.47;0.78;214.2;364.28;0.79;154.98;400.84;0.87;228.11;400.58;0.86;159.35;166.06;178.59;176.73;160.55;147.98;18.72;18.52;161.28;161.48;137.11;473.46;141.33;
11;2;77.99;173.09;0.54;78.61;171.55;0.45;74.43;170.93;0.5;64.53;173.56;0.31;70.88;172.32;0.51;68.25;182.99;0.34;67.16;180.67;0.55;74.9;201.55;0.42;86.5;174.95;0.55;87.74;194.13;0.46;96.71;164.59;0.59;61.6;213.62;0.37;55.41;213.62;0.38;66.08;244.87;0.33;52.47;246.1;0.3;79.85;274.88;0.42;51.54;274.88;0.31;79.67;151.06;163.53;176.68;159.58;165.53;31.97;126.13;148.03;53.87;101.78;3795.12;3141.11;
11;3;210.53;153.82;0.72;212.52;150.24;0.7;209.73;151.23;0.67;217.1;151.83;0.35;172.9;215.54;0.22;223.07;160.19;0.73;210.33;167.56;0.73;209.33;152.43;0.71;201.97;179.9;0.69;196.19;145.06;0.78;191.42;187.47;0.64;220.68;202.0;0.72;211.33;201.6;0.69;222.87;233.26;0.67;205.15;230.47;0.53;239.2;255.96;0.72;221.88;256.75;0.48;179.8;159.75;148.28;135.46;172.72;166.26;116.21;35.79;63.79;144.21;102.53;3326.95;2677.75;
11;4;31.71;227.52;0.79;32.58;226.17;0.51;30.64;226.36;0.47;27.55;228.69;0.26;37.23;226.07;0.18;28.32;243.11;0.7;52.53;237.5;0.57;27.84;262.29;0.57;60.66;255.99;0.59;24.25;260.06;0.47;58.73;265.39;0.24;43.81;279.24;0.46;58.44;273.04;0.63;14.86;279.24;0.19;45.56;279.24;0.15;14.86;279.24;0.14;30.84;279.24;0.15;59.58;144.61;90.0;154.3;66.78;106.26;24.66;14.3;155.34;165.7;51.71;272.33;288.45;
11;5;219.06;138.51;0.34;220.77;137.37;0.42;217.3;137.18;0.45;222.59;138.82;0.37;215.66;138.07;0.36;226.88;147.08;0.24;212.07;146.32;0.23;230.79;151.93;0.18;202.86;148.47;0.25;232.49;156.6;0.2;202.86;155.21;0.19;223.98;172.3;0.31;214.59;172.3;0.33;217.11;172.3;0.26;202.86;172.3;0.41;202.86;172.3;0.17;202.86;172.3;0.26;161.2;103.11;179.99;90.0;96.56;84.45;45.4;82.44;134.6;97.56;33.79;263.47;319.8;
12;0;201.95;215.96;0.91;202.6;215.31;0.75;201.08;215.74;0.74;197.4;217.48;0.61;205.63;217.04;0.53;189.81;232.64;0.77;214.08;232.21;0.75;180.5;249.98;0.76;228.6;246.51;0.65;185.26;245.86;0.65;240.3;258.86;0.51;197.18;272.51;0.72;212.56;271.86;0.7;194.36;299.6;0.44;221.01;300.03;0.74;192.63;330.15;0.38;229.9;328.85;0.8;20.93;178.02;177.31;179.57;163.59;161.11;38.73;47.62;141.27;132.38;113.54;1.72;32.81;cocking_backswing
12;1;189.72;263.61;0.93;191.26;261.81;0.75;188.94;262.32;0.77;184.31;265.93;0.66;192.81;265.93;0.62;173.49;282.67;0.78;203.88;284.99;0.74;166.8;307.39;0.73;208.77;309.19;0.65;168.34;327.99;0.48;206.46;336.49;0.49;175.81;326.45;0.65;198.22;327.99;0.61;165.51;362.5;0.78;214.18;364.3;0.79;154.95;400.87;0.86;228.09;400.62;0.86;160.56;163.72;179.44;177.22;161.02;148.76;18.18;18.93;161.82;161.07;137.13;7.08;21.87;
12;2;78.02;173.09;0.55;78.64;171.55;0.46;74.46;170.77;0.51;64.55;173.4;0.31;71.05;172.17;0.52;68.58;183.0;0.35;67.18;180.68;0.56;75.08;201.42;0.42;86.53;174.8;0.55;87.77;194.14;0.45;96.59;164.58;0.6;61.46;213.49;0.39;55.42;213.18;0.4;65.94;244.45;0.34;52.32;245.68;0.3;78.33;274.94;0.42;48.3;274.94;0.32;79.62;151.47;166.15;177.61;158.61;165.54;32.58;126.8;147.42;53.2;101.84;1.01;3.56;
12;3;210.77;153.35;0.73;212.96;149.96;0.72;209.97;150.76;0.69;217.55;151.56;0.37;172.85;216.01;0.21;223.14;160.14;0.74;210.57;167.52;0.74;209.37;152.36;0.71;201.99;179.89;0.7;196.2;144.97;0.79;191.41;187.48;0.64;220.74;201.84;0.72;211.37;201.44;0.69;222.54;232.97;0.67;205.18;230.38;0.53;239.1;255.92;0.72;221.34;256.72;0.48;179.8;160.38;147.48;136.4;173.41;166.58;116.19;36.09;63.81;143.91;102.97;2.66;0.27;
12;4;31.71;227.52;0.8;32.58;226.17;0.51;30.74;226.36;0.48;27.44;228.2;0.27;37.23;226.07;0.17;28.32;243.13;0.7;52.45;237.6;0.57;27.83;262.33;0.56;60.69;255.93;0.6;24.34;260.39;0.46;58.76;265.43;0.24;43.83;279.29;0.47;58.27;273.09;0.62;14.84;279.29;0.2;45.57;279.29;0.15;14.84;279.29;0.14;31.03;279.29;0.16;62.39;144.25;90.0;153.96;66.78;106.73;24.66;14.91;155.34;165.09;51.77;10.11;1.46;
12;5;219.05;138.48;0.33;220.81;137.35;0.41;217.29;137.04;0.44;222.7;138.73;0.36;215.72;137.98;0.35;226.85;147.03;0.23;211.76;146.09;0.24;230.81;151.94;0.18;202.96;148.35;0.25;232.57;156.53;0.19;202.96;155.33;0.18;223.96;172.24;0.32;214.65;172.24;0.33;217.23;172.24;0.26;202.96;172.24;0.42;202.96;172.24;0.19;202.96;172.24;0.29;162.06;104.42;179.99;90.0;96.54;83.69;45.47;81.89;134.53;98.11;33.76;3.3;4.6;
13;0;67.41;172.72;0.64;68.56;170.23;0.57;66.26;170.42;0.62;68.95;172.53;0.25;62.61;171.57;0.42;62.23;183.09;0.48;58.96;181.17;0.7;76.05;200.76;0.36;78.55;175.41;0.57;79.31;194.8;0.39;89.68;163.89;0.6;52.82;215.73;0.6;48.02;215.16;0.65;58.0;242.23;0.53;57.62;243.96;0.48;65.49;268.53;0.41;65.11;279.86;0.36;66.79;150.42;175.18;173.35;152.85;143.71;54.13;124.24;125.87;55.76;101.47;3532.39;5347.93;
13;1;181.79;264.05;0.93;182.82;262.51;0.79;181.02;263.02;0.82;175.61;266.11;0.69;185.14;266.37;0.63;165.05;283.37;0.78;196.22;285.17;0.75;157.32;307.33;0.75;203.43;310.67;0.71;157.07;330.77;0.45;217.08;335.4;0.6;167.37;327.93;0.65;189.26;329.48;0.61;157.32;363.22;0.77;206.78;365.02;0.77;147.02;400.57;0.88;219.91;400.57;0.86;162.75;166.89;179.53;174.05;161.13;144.85;20.86;24.71;159.14;155.29;136.52;348.77;320.79;
13;2;204.09;151.59;0.79;206.53;148.03;0.81;203.65;148.48;0.78;211.42;149.81;0.41;163.02;151.81;0.25;216.97;159.14;0.79;204.76;165.35;0.78;203.2;152.92;0.77;196.1;177.79;0.74;188.77;146.04;0.83;184.55;186.22;0.69;212.75;200.88;0.78;203.2;199.77;0.77;214.97;232.19;0.69;191.88;228.41;0.57;231.18;254.61;0.72;180.78;253.94;0.5;178.81;161.01;148.2;178.07;170.17;161.01;108.53;32.27;71.47;147.73;102.69;3360.13;2720.72;
13;3;194.87;215.12;0.93;195.74;214.9;0.78;194.43;214.9;0.79;190.95;216.86;0.49;197.48;215.99;0.37;183.1;232.99;0.81;206.41;232.11;0.83;173.52;249.33;0.76;223.84;246.71;0.68;177.66;244.1;0.69;233.87;259.13;0.56;192.04;273.94;0.77;206.41;272.64;0.75;187.68;304.45;0.53;213.39;304.01;0.72;188.55;331.9;0.39;223.19;329.06;0.79;7.97;168.85;170.05;171.16;159.57;167.47;42.7;50.05;137.3;129.95;115.36;3028.84;2501.5;
13;4;194.34;215.2;0.86;195.19;214.07;0.57;193.48;214.49;0.57;190.07;216.2;0.31;198.46;216.2;0.31;183.09;232.57;0.75;206.29;231.43;0.68;172.84;253.5;0.68;213.41;252.64;0.52;177.96;243.96;0.57;213.98;241.97;0.33;190.49;272.57;0.57;205.87;271.72;0.59;197.04;297.35;0.23;206.86;297.35;0.28;201.17;297.35;0.08;231.78;262.33;0.12;2.15;21.6;104.81;37.65;175.68;177.17;36.58;19.16;143.42;160.84;64.63;4640.37;4715.12;
14;0;198.98;147.34;0.62;202.09;144.89;0.66;198.16;144.89;0.66;206.66;146.03;0.52;196.36;147.18;0.31;209.77;157.32;0.72;196.85;163.69;0.54;197.02;154.04;0.67;189.49;177.59;0.57;181.15;146.85;0.73;179.03;185.44;0.55;205.36;198.69;0.7;195.54;198.36;0.66;206.5;228.29;0.63;188.84;223.22;0.57;220.4;243.99;0.53;185.08;243.99;0.34;169.98;154.77;140.69;175.17;171.69;167.07;98.29;25.74;81.71;154.26;96.65;3380.86;2760.45;
14;1;186.89;214.41;0.73;186.59;213.49;0.51;186.43;214.11;0.48;182.12;215.49;0.35;191.51;215.49;0.3;175.05;231.18;0.62;199.35;229.95;0.57;165.51;253.02;0.51;216.12;247.95;0.35;171.05;249.02;0.39;224.89;257.94;0.26;182.89;271.48;0.39;197.05;271.33;0.5;211.5;301.17;0.18;204.43;301.17;0.29;217.96;260.71;0.21;225.96;259.48;0.33;30.58;178.28;53.02;41.22;147.07;162.91;34.6;46.16;145.4;133.84;45.68;2490.8;2338.21;
14;2;174.25;264.2;0.93;175.03;262.66;0.79;173.99;262.92;0.81;167.81;266.27;0.73;178.89;266.52;0.66;157.24;283.53;0.79;188.94;285.34;0.76;150.03;308.28;0.77;195.64;311.37;0.72;148.48;334.31;0.55;196.67;336.62;0.55;160.34;327.6;0.68;182.5;329.41;0.64;149.25;364.2;0.78;198.99;364.97;0.78;139.46;400.8;0.88;212.14;400.28;0.86;167.14;167.9;178.13;175.54;159.14;146.8;20.27;22.75;159.73;157.25;136.33;5782.65;4531.89;
14;3;60.79;170.96;0.72;61.39;168.87;0.69;59.89;169.17;0.71;57.8;171.86;0.45;55.41;170.36;0.52;44.96;183.51;0.57;53.02;181.72;0.69;24.64;200.83;0.48;75.13;175.44;0.65;71.84;196.65;0.5;81.4;163.19;0.72;35.7;216.07;0.55;41.67;217.26;0.59;34.8;248.93;0.44;51.23;251.62;0.52;21.96;281.79;0.33;56.01;283.88;0.41;35.4;132.96;160.21;172.88;165.69;146.74;33.66;123.55;146.34;56.45;111.87;3482.97;5410.34;
14;4;288.34;147.54;0.53;289.73;146.03;0.52;288.91;146.03;0.55;286.51;174.44;0.39;287.77;174.0;0.33;287.83;148.93;0.33;287.64;149.82;0.34;287.58;151.77;0.21;280.76;162.63;0.19;284.87;170.72;0.18;283.92;155.44;0.2;285.75;157.77;0.12;286.13;175.58;0.12;288.09;149.94;0.29;288.02;149.88;0.22;277.29;171.6;0.34;277.54;172.04;0.45;176.92;4.55;9.88;21.1;3.35;0.85;8.18;24.87;171.82;155.13;24.28;3892.11;3341.71;
14;5;43.79;148.61;0.45;45.12;146.42;0.5;42.26;146.52;0.48;47.36;147.54;0.48;39.77;147.64;0.44;50.36;153.8;0.28;36.0;154.01;0.26;51.08;161.6;0.25;33.66;162.11;0.22;50.36;161.5;0.12;34.93;158.59;0.13;47.0;172.35;0.23;38.49;172.35;0.22;48.02;172.35;0.17;40.02;172.35;0.16;46.44;172.35;0.21;28.51;172.35;0.18;76.64;3.78;0.06;0.02;79.72;97.75;15.51;23.89;164.49;156.11;23.74;5474.6;5047.71;
15;0;191.74;145.66;0.75;194.47;143.25;0.8;190.94;143.25;0.8;199.3;144.05;0.57;188.37;144.85;0.3;202.19;155.78;0.76;190.94;159.96;0.53;188.37;154.66;0.68;184.35;176.84;0.52;173.9;149.51;0.74;173.58;184.23;0.53;197.85;196.45;0.73;188.04;196.12;0.68;198.81;226.02;0.65;181.62;221.2;0.61;210.55;243.22;0.49;189.49;243.22;0.34;165.08;145.8;147.56;145.94;172.04;170.19;88.56;16.76;91.44;163.24;97.56;232.07;167.63;
15;1;166.88;264.34;0.93;167.91;263.06;0.77;167.13;263.57;0.79;159.67;266.66;0.77;171.25;266.92;0.68;149.9;283.12;0.8;181.03;285.44;0.77;142.7;308.08;0.77;185.66;312.71;0.73;140.64;333.03;0.57;186.94;338.95;0.62;152.21;327.37;0.68;174.34;329.17;0.63;141.67;363.9;0.78;191.31;364.41;0.79;131.38;400.69;0.88;204.18;400.17;0.87;168.61;173.17;179.52;174.06;160.9;145.58;19.1;18.33;160.9;161.67;136.08;2683.37;2686.58;
15;2;180.36;213.17;0.69;179.77;212.13;0.47;179.62;212.87;0.44;174.72;214.5;0.38;184.22;214.06;0.32;168.34;229.93;0.62;192.82;228.45;0.58;157.37;234.68;0.41;208.1;183.5;0.31;166.71;223.11;0.53;216.55;183.5;0.18;176.5;271.02;0.34;190.0;269.98;0.45;200.24;297.27;0.14;196.53;297.27;0.26;200.68;257.81;0.23;218.63;257.81;0.32;27.69;108.77;42.76;42.7;149.12;162.67;77.85;165.11;102.15;14.89;44.65;3384.45;4637.59;
15;3;54.52;172.25;0.74;54.81;170.21;0.7;53.36;170.21;0.71;50.73;173.42;0.51;48.69;171.37;0.65;41.7;185.95;0.58;45.49;182.45;0.7;47.53;204.61;0.58;66.77;177.5;0.68;61.52;199.07;0.64;72.6;165.25;0.72;34.7;216.56;0.58;32.66;216.85;0.62;40.82;246.0;0.5;43.15;246.29;0.55;45.49;274.28;0.36;45.19;275.15;0.39;85.76;128.57;177.62;164.43;155.38;139.93;30.23;123.56;149.77;56.44;102.46;318.42;271.58;
15;4;282.24;149.12;0.33;283.4;148.66;0.34;280.97;148.77;0.37;285.9;152.6;0.24;280.04;149.76;0.2;290.13;148.14;0.19;279.98;155.68;0.14;289.26;162.98;0.23;271.98;162.93;0.31;285.96;156.37;0.27;276.21;155.85;0.33;288.33;184.62;0.19;281.2;184.62;0.14;287.0;167.68;0.1;278.76;168.03;0.1;286.83;176.21;0.16;276.91;175.98;0.21;29.92;16.94;5.67;21.5;7.33;5.94;0.53;50.24;179.47;129.76;26.97;432.09;231.86;
15;5;36.04;148.07;0.52;37.41;146.31;0.56;34.62;146.26;0.55;39.66;147.58;0.57;32.22;147.49;0.51;42.5;154.05;0.32;28.3;154.44;0.28;43.28;162.66;0.33;26.1;162.08;0.28;41.67;161.73;0.17;27.13;161.14;0.18;39.81;171.57;0.28;30.31;171.57;0.28;40.05;171.57;0.2;21.1;171.57;0.22;38.29;171.57;0.24;21.1;171.57;0.24;54.87;31.77;0.12;90.0;81.27;83.32;13.93;22.77;166.07;157.23;23.5;261.34;246.6;
15;6;53.67;173.11;0.73;54.76;170.75;0.68;52.03;170.93;0.73;103.03;173.65;0.23;47.5;172.56;0.49;46.77;185.45;0.52;43.69;182.91;0.69;51.49;203.41;0.51;65.83;178.01;0.57;62.02;198.51;0.62;72.36;165.48;0.65;38.42;216.48;0.6;32.43;215.94;0.65;43.14;240.98;0.55;42.23;244.61;0.54;48.77;269.11;0.41;47.86;278.55;0.38;79.75;130.03;179.59;170.54;154.04;142.32;29.77;121.29;150.23;58.71;100.72;1123.27;946.97;
16;0;191.54;145.56;0.76;194.11;143.14;0.81;190.89;143.14;0.8;199.1;144.11;0.58;188.16;144.91;0.27;202.0;156.02;0.75;191.54;157.95;0.51;186.87;154.57;0.68;183.97;177.27;0.44;173.83;149.42;0.71;173.51;184.67;0.47;197.97;196.1;0.72;188.32;195.78;0.68;198.46;226.19;0.66;181.23;220.88;0.61;211.01;243.42;0.48;187.99;243.42;0.34;163.91;146.68;144.83;147.55;173.35;169.11;89.74;16.52;90.26;163.48;97.86;3.52;13.35;
16;1;166.9;264.38;0.92;167.68;262.84;0.77;166.9;263.61;0.79;159.69;266.7;0.76;171.02;266.96;0.66;149.9;283.19;0.8;181.07;285.5;0.77;142.69;308.17;0.77;186.22;312.81;0.72;140.63;333.15;0.57;187.51;338.82;0.6;152.22;327.49;0.68;174.37;329.29;0.63;141.66;363.8;0.78;191.11;364.58;0.79;131.36;400.89;0.89;204.25;400.38;0.87;168.61;172.15;179.31;174.77;160.79;145.92;19.1;19.38;160.9;160.62;136.25;3.75;17.41;
16;2;282.19;149.28;0.37;283.24;147.74;0.38;281.09;147.8;0.4;285.76;150.2;0.3;279.61;149.34;0.26;289.57;149.22;0.21;279.18;154.08;0.17;289.14;162.75;0.23;272.23;162.38;0.33;286.99;155.49;0.3;276.72;155.55;0.34;287.79;184.83;0.18;279.55;184.83;0.14;287.42;184.83;0.15;278.5;176.41;0.17;277.52;175.85;0.17;277.58;175.3;0.24;18.34;6.6;137.8;147.27;92.87;6.39;1.04;40.62;178.96;139.38;26.3;4144.18;1992.56;
16;3;180.43;213.14;0.66;179.09;212.1;0.44;179.98;212.99;0.4;174.47;214.48;0.41;184.45;213.89;0.34;168.66;229.52;0.62;192.64;228.48;0.58;157.94;233.24;0.41;207.23;183.51;0.28;167.02;222.52;0.56;198.0;183.51;0.16;176.41;270.32;0.35;189.81;269.72;0.44;203.06;297.72;0.14;196.36;297.72;0.28;200.97;257.96;0.24;218.54;257.81;0.34;30.58;72.02;41.21;42.25;146.54;162.9;81.6;165.95;98.4;14.05;44.74;3246.2;3806.06;
16;4;54.36;171.98;0.75;54.65;169.93;0.72;53.19;170.22;0.72;50.26;173.15;0.52;48.22;171.69;0.67;42.37;186.02;0.58;45.29;182.21;0.7;47.34;204.73;0.58;66.64;177.83;0.67;61.67;199.18;0.65;72.49;165.54;0.71;34.76;216.73;0.58;33.3;217.02;0.63;39.15;246.56;0.49;43.24;247.14;0.56;38.86;273.46;0.36;46.75;276.1;0.42;83.68;127.07;171.01;168.64;157.73;142.72;28.78;120.62;151.22;59.38;102.8;6857.97;6125.62;
16;5;35.94;148.22;0.53;37.4;146.42;0.58;34.47;146.47;0.56;39.54;147.59;0.58;32.18;147.54;0.52;42.42;154.36;0.31;28.38;154.56;0.29;43.29;162.6;0.36;26.09;162.3;0.32;41.88;161.87;0.18;27.26;161.18;0.19;39.88;171.37;0.31;30.82;171.37;0.3;42.71;171.37;0.23;29.07;171.37;0.21;38.23;171.37;0.24;39.74;171.37;0.2;56.57;29.75;0.02;0.02;81.53;81.75;14.55;24.71;165.45;155.29;23.15;7.57;4.28;
16;6;53.52;173.17;0.74;54.79;170.8;0.68;52.05;170.8;0.73;55.71;173.54;0.23;47.3;172.62;0.52;47.12;185.6;0.52;43.64;182.68;0.69;51.69;203.34;0.52;64.85;178.11;0.56;62.11;198.4;0.62;72.16;166.04;0.65;38.34;216.31;0.62;32.49;215.77;0.67;42.91;241.72;0.56;42.55;244.65;0.56;48.76;268.23;0.43;48.03;279.2;0.39;79.11;133.38;177.75;169.83;153.86;142.18;30.4;120.79;149.6;59.21;100.54;4.39;17.84;
17;0;45.4;173.57;0.81;46.09;170.55;0.73;44.7;171.24;0.81;109.5;174.03;0.31;40.98;173.34;0.52;37.5;186.11;0.66;36.57;183.79;0.78;45.4;203.53;0.54;56.78;179.37;0.68;54.69;201.44;0.65;64.21;166.83;0.77;30.3;216.31;0.66;24.73;216.07;0.73;35.18;244.87;0.65;34.71;247.2;0.66;40.52;276.46;0.51;39.13;277.86;0.51;101.71;132.97;179.91;170.4;156.9;142.06;37.8;122.47;142.2;57.53;103.59;3904.63;3326.17;
17;1;183.92;143.46;0.79;186.53;141.17;0.84;183.26;141.17;0.84;192.1;142.48;0.56;180.97;143.3;0.23;194.06;155.08;0.73;185.06;154.42;0.5;179.33;155.89;0.68;176.88;152.79;0.44;166.08;151.8;0.64;165.59;184.04;0.42;190.3;194.02;0.72;180.48;193.69;0.68;194.55;224.78;0.66;173.28;219.05;0.59;205.84;244.24;0.54;160.19;244.24;0.39;159.67;98.55;157.77;168.4;166.61;170.81;81.3;94.66;98.7;85.34;100.78;5500.19;4695.31;
17;2;159.47;264.49;0.93;160.24;263.21;0.79;159.47;263.73;0.81;152.29;267.06;0.75;163.31;267.06;0.7;142.81;283.71;0.8;173.56;286.02;0.77;135.38;308.06;0.77;178.69;312.93;0.71;133.59;331.64;0.56;179.71;339.07;0.6;145.12;327.79;0.69;166.64;330.1;0.64;133.84;364.18;0.78;183.82;364.44;0.8;123.59;400.83;0.88;196.37;400.06;0.87;167.38;171.46;178.41;172.85;159.79;144.51;19.97;19.71;160.03;160.29;135.95;7015.58;6234.5;
17;3;173.59;211.95;0.65;172.51;210.87;0.44;172.82;211.79;0.43;167.26;213.34;0.36;177.45;213.34;0.31;161.09;228.46;0.59;185.78;227.84;0.56;151.83;230.93;0.39;188.71;181.24;0.24;158.46;220.59;0.55;195.5;225.99;0.21;169.27;269.82;0.33;182.54;269.36;0.44;196.74;299.61;0.15;192.26;299.61;0.26;208.47;256.86;0.28;210.17;256.71;0.4;42.38;12.23;58.03;40.47;148.5;157.72;86.26;179.14;93.74;0.86;44.83;263.59;1278.09;
17;4;272.68;144.36;0.42;274.32;143.22;0.33;271.86;143.29;0.33;274.95;142.53;0.41;271.29;144.17;0.37;279.51;146.83;0.45;270.4;147.46;0.44;280.96;153.91;0.44;268.63;151.69;0.36;279.32;150.43;0.26;268.25;154.41;0.22;277.61;160.74;0.3;272.17;160.55;0.3;272.62;168.45;0.23;271.54;167.69;0.25;270.21;175.15;0.3;269.9;174.52;0.32;13.7;165.26;166.8;171.52;154.84;167.24;19.37;30.38;160.63;149.62;30.47;6698.96;5889.19;
18;0;37.18;174.37;0.86;37.65;172.02;0.8;35.53;172.49;0.85;106.31;174.84;0.27;31.07;174.37;0.38;29.19;190.12;0.7;28.95;186.13;0.79;34.36;207.76;0.68;51.29;180.48;0.75;46.35;203.99;0.74;56.46;165.9;0.84;23.31;223.75;0.67;17.19;225.63;0.66;27.3;255.02;0.6;21.66;256.43;0.56;23.31;291.46;0.49;19.31;291.23;0.57;88.93;123.71;166.46;167.88;162.8;155.17;26.26;120.75;153.74;59.25;116.97;261.93;234.46;
18;1;152.01;264.77;0.93;152.77;263.49;0.8;151.75;264.0;0.83;145.34;267.08;0.71;155.34;267.08;0.67;136.62;283.49;0.79;165.6;285.54;0.76;128.41;308.63;0.75;171.75;311.96;0.69;127.9;331.2;0.54;172.78;338.64;0.56;138.15;327.35;0.68;159.19;329.66;0.64;126.1;363.77;0.76;176.11;363.77;0.78;115.84;400.71;0.86;188.43;400.19;0.86;163.22;169.09;177.21;172.28;159.68;145.34;20.09;21.39;159.91;158.61;135.68;5508.76;4648.4;
18;2;176.51;142.33;0.84;178.8;139.81;0.92;175.82;140.5;0.87;184.07;141.87;0.65;173.75;142.56;0.35;185.68;154.02;0.78;176.51;155.63;0.69;172.38;156.77;0.73;169.17;153.56;0.57;161.15;154.02;0.73;158.85;183.37;0.57;182.7;194.37;0.77;172.15;193.91;0.76;188.66;228.76;0.73;165.5;225.55;0.62;202.41;253.06;0.79;180.17;251.45;0.51;154.55;93.38;160.32;138.61;165.94;174.62;74.09;99.22;105.91;80.78;109.92;5398.52;4718.35;
18;3;264.78;144.7;0.46;266.25;143.6;0.38;264.04;143.66;0.37;266.98;142.37;0.45;264.9;144.64;0.38;272.38;146.73;0.54;263.24;146.91;0.53;273.3;152.18;0.52;261.28;151.45;0.49;271.83;150.83;0.26;260.12;155.68;0.29;269.87;160.34;0.39;264.84;159.91;0.39;264.78;168.44;0.32;264.23;168.31;0.29;262.63;174.63;0.37;262.32;174.14;0.37;37.92;172.01;166.95;166.1;158.3;168.83;20.03;30.38;159.97;149.62;29.68;3997.89;2868.08;
18;4;166.55;211.97;0.32;132.37;210.1;0.25;132.37;212.11;0.22;160.35;210.96;0.56;170.73;211.39;0.53;152.99;227.26;0.61;178.81;226.97;0.56;147.08;224.52;0.44;179.82;183.84;0.23;151.84;216.01;0.48;187.47;183.84;0.17;162.22;271.97;0.36;176.07;271.54;0.42;187.32;233.9;0.17;178.96;231.44;0.2;185.01;255.53;0.29;202.9;255.24;0.33;85.64;91.34;27.3;49.29;45.05;0.6;126.53;177.82;53.47;2.18;43.42;4305.7;2582.39;
18;5;20.08;148.55;0.46;21.73;146.86;0.5;18.67;146.82;0.55;23.74;147.73;0.48;16.66;147.81;0.53;26.21;154.01;0.24;14.78;154.41;0.3;27.51;161.32;0.3;11.12;157.98;0.26;27.23;161.79;0.21;11.12;161.56;0.21;25.03;167.64;0.25;16.9;167.64;0.27;26.09;167.64;0.23;11.12;167.64;0.23;24.6;167.64;0.27;24.48;167.64;0.22;139.68;134.38;0.06;0.01;85.06;80.9;15.0;54.73;165.0;125.27;19.09;439.99;484.82;
19;0;258.56;138.25;0.32;259.59;144.91;0.28;258.13;138.25;0.27;262.43;142.61;0.32;256.56;142.79;0.3;264.98;146.85;0.38;255.05;146.97;0.36;265.82;152.42;0.31;253.11;152.42;0.29;263.95;154.78;0.17;252.99;155.81;0.21;262.67;160.54;0.26;257.71;160.47;0.25;262.43;168.53;0.15;256.01;169.38;0.19;254.68;174.34;0.25;253.41;174.58;0.3;132.87;162.47;128.61;164.22;172.19;158.05;18.2;30.73;161.8;149.27;36.21;6700.53;5910.42;peak_hand_velocity
19;1;30.54;175.34;0.76;30.89;173.07;0.76;28.27;173.07;0.79;31.24;175.86;0.41;23.04;175.34;0.76;24.44;190.51;0.63;20.78;187.19;0.65;23.74;207.94;0.53;42.92;182.49;0.56;36.64;207.42;0.66;47.28;166.62;0.57;17.12;222.06;0.63;14.15;222.24;0.58;20.08;249.78;0.61;20.25;249.96;0.64;23.39;276.81;0.5;23.74;276.81;0.54;85.39;117.36;179.11;174.99;160.83;156.88;10.77;112.71;169.23;67.29;101.47;4618.79;6395.39;
19;2;169.38;142.48;0.8;171.61;140.42;0.83;168.34;140.25;0.82;176.94;142.14;0.69;165.77;143.17;0.33;176.59;154.86;0.7;177.97;152.45;0.61;160.61;157.44;0.64;184.67;156.58;0.42;161.98;148.67;0.65;175.91;145.06;0.37;174.19;189.92;0.68;165.25;189.06;0.67;180.89;221.55;0.65;157.86;217.59;0.61;193.27;250.59;0.63;154.59;250.59;0.44;71.92;21.11;168.89;171.13;164.11;175.36;76.91;77.55;103.09;102.45;108.11;162.7;1259.34;
19;3;144.32;264.92;0.93;144.58;263.63;0.83;144.32;264.14;0.84;137.63;266.98;0.81;147.93;267.23;0.75;128.61;282.69;0.8;157.46;285.26;0.77;120.37;308.45;0.79;163.13;312.31;0.72;120.37;332.66;0.61;163.64;338.84;0.64;130.41;326.99;0.71;151.28;329.05;0.66;118.56;364.34;0.77;168.53;363.57;0.79;108.26;399.88;0.87;180.12;399.37;0.86;162.26;169.28;178.56;171.37;160.07;145.4;20.08;19.87;159.92;160.13;134.71;7107.55;6217.65;
19;4;169.51;141.93;0.82;172.3;139.84;0.88;168.58;140.3;0.87;177.18;142.16;0.75;166.25;142.4;0.39;177.64;154.72;0.77;170.9;153.79;0.69;161.14;157.28;0.65;161.37;154.25;0.53;162.07;149.84;0.62;161.83;148.21;0.54;174.85;192.38;0.8;164.62;191.92;0.81;181.83;226.56;0.72;160.44;226.33;0.68;195.31;253.3;0.78;174.16;253.53;0.59;74.07;82.81;164.77;146.31;164.23;177.59;76.96;77.86;103.04;102.14;111.48;2011.09;1318.42;
19;5;159.95;210.56;0.49;157.01;209.09;0.27;125.16;210.56;0.26;152.75;209.83;0.46;164.35;210.41;0.45;146.0;225.68;0.61;171.54;225.83;0.54;137.93;219.37;0.5;179.76;182.38;0.26;144.83;212.62;0.43;178.15;182.38;0.2;155.54;270.01;0.36;168.6;269.56;0.39;182.99;232.72;0.2;170.22;231.4;0.2;195.32;254.15;0.4;196.2;255.33;0.24;82.4;79.29;66.27;49.78;48.51;1.42;140.17;173.13;39.83;6.87;44.18;3847.72;5055.27;
19;6;18.84;159.7;0.08;19.32;146.49;0.13;14.3;147.4;0.15;16.05;146.11;0.15;13.95;139.94;0.15;16.88;152.7;0.1;14.16;152.73;0.06;17.89;139.94;0.11;28.6;139.94;0.12;14.51;139.94;0.09;14.23;139.94;0.09;17.09;139.94;0.17;17.75;139.94;0.17;17.79;149.25;0.09;19.15;153.36;0.08;16.88;160.68;0.16;19.18;160.64;0.15;85.47;41.56;171.18;174.34;5.22;21.61;3.59;32.77;176.41;147.23;0.96;2264.21;1908.37;
20;0;250.85;138.27;0.33;251.63;144.23;0.28;250.3;143.99;0.27;254.04;142.3;0.33;249.28;142.54;0.3;257.11;146.76;0.39;247.59;146.64;0.38;257.95;152.36;0.33;245.79;152.18;0.33;256.69;154.71;0.16;244.94;155.79;0.21;255.3;160.55;0.28;250.24;160.67;0.27;255.06;169.35;0.15;248.44;169.41;0.19;247.05;174.47;0.27;246.03;174.77;0.32;143.14;175.07;124.15;167.49;174.11;157.62;16.02;28.75;163.98;151.25;36.35;217.98;241.58;
20;1;136.57;265.07;0.81;133.23;264.81;0.75;140.43;264.55;0.7;130.66;267.64;1.02;142.49;268.15;0.93;120.64;283.32;0.81;150.71;285.12;0.77;113.44;307.74;0.72;155.08;309.54;0.67;114.47;330.1;0.51;153.54;333.96;0.49;122.18;329.85;0.71;143.51;331.13;0.66;110.36;363.52;0.75;160.99;361.72;0.77;100.84;398.99;0.86;172.05;398.22;0.85;160.95;166.24;175.66;167.1;158.75;141.36;18.32;19.04;161.68;160.96;133.54;4363.69;5953.68;
20;2;161.2;141.46;0.86;164.08;138.82;0.91;160.72;139.06;0.91;170.08;141.22;0.68;158.08;141.22;0.3;170.8;154.41;0.74;164.08;153.69;0.7;166.72;158.25;0.51;153.76;156.81;0.61;162.16;150.81;0.47;152.32;153.69;0.66;167.44;191.83;0.77;156.64;191.35;0.78;174.87;225.17;0.73;152.56;224.69;0.67;187.59;252.28;0.79;166.48;251.8;0.58;78.24;97.95;167.44;145.86;162.3;175.8;41.61;62.01;138.39;117.99;110.58;64.61;754.23;
20;3;22.55;177.14;0.54;23.29;174.83;0.55;20.14;174.64;0.56;25.51;176.96;0.27;17.0;177.14;0.37;20.24;192.6;0.35;16.26;188.99;0.35;38.66;184.92;0.28;29.77;185.75;0.25;40.6;167.61;0.35;35.88;175.47;0.33;4.13;223.24;0.46;4.13;223.24;0.43;4.13;223.24;0.24;19.12;223.24;0.21;27.27;223.24;0.09;28.38;223.24;0.13;119.05;134.22;90.0;179.99;90.0;70.5;140.37;122.98;39.63;57.02;46.1;5505.85;6228.92;
20;4;161.22;140.78;0.8;163.42;138.92;0.83;160.55;138.75;0.83;169.5;140.61;0.56;158.52;141.63;0.21;169.5;154.29;0.68;164.43;152.43;0.63;162.07;160.88;0.43;154.13;157.5;0.44;153.45;153.95;0.44;153.12;151.25;0.53;166.97;187.73;0.71;157.68;186.89;0.71;172.03;217.12;0.67;150.92;214.42;0.64;184.53;245.67;0.58;147.71;238.4;0.46;99.65;73.02;166.14;173.83;165.89;177.31;44.12;52.72;135.88;127.28;101.25;286.72;277.32;
21;0;250.94;150.59;0.24;251.48;145.21;0.25;249.43;144.85;0.25;255.29;143.28;0.25;247.01;142.79;0.24;258.79;146.6;0.19;247.49;149.5;0.15;260.43;160.8;0.17;241.99;161.77;0.21;255.89;154.34;0.16;245.5;154.76;0.19;257.77;161.41;0.17;250.64;161.71;0.15;257.65;171.5;0.09;248.16;167.21;0.11;246.83;175.01;0.13;245.92;175.07;0.24;28.47;2.42;108.64;171.63;176.72;141.31;10.52;38.58;169.48;141.42;24.45;26.39;35.22;
21;1;136.8;265.38;0.8;132.69;264.87;0.74;141.69;264.87;0.69;130.64;267.7;1.03;142.46;268.47;0.94;120.36;283.63;0.81;150.94;285.17;0.77;113.68;307.78;0.72;155.05;309.58;0.67;114.96;330.14;0.51;153.76;334.25;0.49;122.16;329.63;0.71;143.74;330.91;0.67;110.59;363.04;0.76;161.22;361.49;0.78;100.57;399.01;0.86;172.01;398.24;0.85;161.25;167.46;176.47;166.62;158.67;141.32;17.7;18.5;162.3;161.5;133.24;14.85;11.16;
21;2;161.68;140.1;0.82;164.04;138.07;0.87;161.18;137.74;0.86;170.29;140.44;0.6;158.98;140.27;0.21;169.78;154.27;0.68;165.9;152.25;0.62;161.34;162.2;0.42;154.76;158.99;0.44;153.58;155.28;0.43;153.08;153.76;0.53;166.91;187.67;0.7;157.63;186.83;0.7;172.14;216.86;0.66;150.72;214.67;0.64;184.46;245.54;0.59;147.0;239.47;0.46;95.06;76.66;166.92;174.56;164.93;179.49;41.86;45.34;138.14;134.66;102.41;290.45;22.71;
21;3;161.46;141.02;0.91;164.35;138.61;0.95;160.98;138.61;0.95;170.36;141.02;0.74;158.33;140.06;0.29;170.84;154.96;0.75;165.79;153.04;0.72;166.27;173.72;0.53;154.49;158.33;0.61;156.65;158.09;0.41;151.84;155.2;0.66;167.47;191.51;0.78;156.65;191.27;0.79;174.69;224.69;0.74;151.84;224.21;0.67;187.67;252.1;0.79;166.03;251.86;0.59;45.3;105.15;166.92;144.53;162.47;174.86;8.43;51.48;171.57;128.52;110.97;3497.27;3535.74;
21;4;22.68;176.87;0.55;23.42;174.64;0.53;20.35;174.64;0.55;25.37;176.78;0.24;17.1;177.43;0.37;19.7;193.68;0.4;16.17;189.04;0.39;39.03;185.05;0.29;23.88;186.07;0.26;39.86;171.67;0.35;35.68;175.66;0.36;3.91;223.04;0.48;3.91;223.04;0.47;3.91;223.04;0.25;18.87;223.04;0.21;3.91;223.04;0.1;3.91;223.04;0.13;117.67;159.68;90.0;0.01;90.0;70.17;142.37;130.92;37.63;49.08;46.17;3452.95;3602.51;
22;0;242.66;144.41;0.24;243.28;144.17;0.23;241.68;143.61;0.22;246.84;142.81;0.27;239.41;142.26;0.25;249.85;146.62;0.25;239.65;148.77;0.22;250.22;153.93;0.21;234.98;153.93;0.19;248.01;155.35;0.15;237.13;155.41;0.2;247.88;161.12;0.18;242.29;161.37;0.17;249.42;171.56;0.1;240.21;171.81;0.11;239.78;173.9;0.19;239.04;173.59;0.23;119.69;82.3;95.24;158.08;163.91;156.84;10.61;53.98;169.39;126.02;29.33;238.77;251.94;jump_peak
22;1;154.37;139.91;0.91;157.44;137.49;0.94;153.71;137.71;0.92;164.02;140.35;0.79;151.73;139.69;0.35;164.46;154.17;0.74;156.12;152.41;0.71;161.82;163.6;0.5;146.47;155.26;0.61;152.83;157.02;0.43;144.93;154.61;0.67;159.63;190.37;0.73;148.22;190.37;0.75;168.84;222.83;0.72;146.25;223.71;0.68;180.47;252.45;0.8;158.09;252.23;0.65;69.4;140.34;174.41;154.05;156.56;171.63;8.0;61.78;172.0;118.22;112.44;5322.67;5402.22;
22;2;129.01;265.7;0.86;126.95;265.44;0.76;131.58;265.19;0.71;123.36;267.75;1.03;134.92;268.53;0.93;112.82;283.43;0.81;143.14;284.71;0.77;106.14;307.32;0.72;147.51;309.12;0.68;107.43;329.42;0.5;145.97;335.07;0.51;114.62;328.39;0.71;136.2;329.42;0.65;103.06;362.57;0.75;153.16;360.77;0.77;93.04;398.54;0.86;163.7;397.77;0.84;161.05;166.45;176.87;167.48;159.02;142.77;17.91;18.97;162.09;161.03;132.45;5410.82;5449.78;
22;3;145.87;207.39;0.51;144.65;206.93;0.3;109.11;207.69;0.26;139.16;207.08;0.42;151.81;207.85;0.38;131.99;222.18;0.55;157.61;178.72;0.45;121.16;213.79;0.52;166.91;186.65;0.37;131.38;198.54;0.38;152.27;178.72;0.28;160.96;211.35;0.33;152.73;265.34;0.39;171.18;232.86;0.22;149.68;236.97;0.19;180.48;253.14;0.49;124.97;254.36;0.28;93.94;12.0;179.22;61.0;94.93;9.36;121.75;52.78;58.25;127.22;46.36;1432.67;706.34;
23;0;234.87;144.58;0.34;235.72;143.66;0.31;234.01;143.66;0.29;238.22;142.75;0.36;232.06;142.81;0.33;241.52;146.9;0.32;231.51;148.61;0.33;242.56;153.67;0.28;229.5;153.86;0.28;240.3;155.51;0.16;229.07;155.57;0.2;239.51;161.61;0.24;234.26;161.61;0.24;242.01;171.74;0.15;232.61;174.12;0.18;231.39;174.3;0.24;230.47;174.24;0.29;120.33;173.04;89.7;100.77;158.33;160.57;16.5;32.92;163.5;147.08;29.69;231.59;242.33;
23;1;147.4;138.77;0.8;149.91;136.93;0.86;146.56;136.76;0.85;155.96;139.11;0.63;144.88;139.11;0.32;157.13;152.71;0.68;147.23;151.36;0.64;154.11;161.6;0.42;139.17;158.25;0.48;141.02;154.05;0.4;137.16;154.89;0.53;151.76;187.28;0.64;140.85;186.78;0.66;160.82;217.67;0.65;134.81;217.33;0.6;171.23;247.21;0.63;129.94;247.21;0.46;78.78;80.46;177.21;178.06;154.56;179.02;9.93;39.29;170.07;140.71;108.43;365.81;233.67;
23;2;121.54;265.2;0.94;122.05;264.18;0.82;120.77;264.69;0.84;115.66;267.5;0.74;124.6;267.75;0.67;105.95;283.34;0.8;134.31;285.38;0.76;97.78;307.35;0.76;138.65;312.71;0.7;98.8;329.57;0.58;138.65;341.07;0.7;106.46;324.46;0.72;127.41;326.25;0.67;96.25;363.03;0.77;146.06;361.5;0.8;85.01;399.56;0.87;156.02;398.54;0.86;158.57;170.97;177.73;167.18;164.45;142.54;19.51;18.61;160.49;161.39;133.85;259.09;284.08;
23;3;139.54;205.33;0.34;101.97;204.88;0.23;101.97;205.79;0.17;132.06;204.26;0.51;143.82;204.88;0.45;124.11;219.84;0.55;149.93;220.0;0.43;114.49;211.14;0.5;158.33;176.77;0.36;123.96;176.77;0.35;134.65;176.77;0.29;153.59;209.31;0.32;144.73;193.42;0.38;164.13;234.66;0.28;140.0;235.12;0.24;173.6;253.6;0.51;118.62;252.68;0.3;116.73;79.0;176.01;135.88;92.9;17.53;118.19;22.05;61.81;157.95;47.81;690.81;532.34;
24;0;139.48;137.56;0.89;143.05;135.25;0.92;139.27;135.46;0.88;149.37;138.4;0.75;137.16;138.19;0.34;149.37;152.5;0.76;139.9;150.19;0.71;145.79;158.81;0.54;132.32;152.5;0.61;135.69;153.34;0.48;129.38;155.03;0.66;144.32;187.85;0.76;132.53;188.06;0.77;154.41;220.67;0.72;128.75;220.67;0.71;166.2;252.44;0.82;138.84;250.55;0.6;91.1;156.39;176.75;154.7;154.77;175.62;21.41;62.01;158.59;117.99;113.93;3142.6;2994.24;
24;1;226.33;144.35;0.31;226.96;143.35;0.29;225.64;143.03;0.28;230.87;142.59;0.34;224.0;142.21;0.29;234.21;147.51;0.31;224.0;148.26;0.29;234.71;154.94;0.26;221.35;153.81;0.26;232.0;156.27;0.21;220.78;158.6;0.2;231.75;161.37;0.23;226.58;161.43;0.23;233.71;175.05;0.16;224.12;175.05;0.2;223.12;174.54;0.25;222.99;174.48;0.28;112.15;161.24;79.14;73.67;161.82;158.67;13.93;36.61;166.07;143.39;30.16;2733.57;2514.21;
24;2;114.02;265.42;0.92;114.53;264.14;0.8;113.25;264.65;0.82;108.9;267.46;0.71;117.08;267.97;0.64;99.18;283.06;0.78;127.06;285.1;0.76;89.72;307.61;0.72;132.17;312.21;0.66;91.51;327.81;0.54;132.17;340.34;0.64;99.7;324.74;0.69;120.41;326.02;0.65;88.44;363.61;0.75;138.82;362.07;0.79;77.45;399.92;0.86;147.77;398.89;0.86;153.86;169.32;179.3;166.61;163.15;143.72;21.78;19.91;158.22;160.09;133.99;225.22;195.86;
24;3;288.5;254.33;0.69;287.6;252.08;0.53;290.08;252.76;0.46;234.96;252.98;0.29;252.96;346.56;0.19;284.9;270.3;0.82;286.7;270.08;0.71;283.55;295.72;0.77;283.33;293.7;0.65;283.1;312.82;0.72;283.33;314.39;0.63;289.4;314.62;0.67;286.25;314.17;0.5;282.2;339.14;0.82;282.88;338.24;0.71;281.3;377.38;0.84;281.98;376.93;0.71;178.47;171.87;164.99;173.35;157.84;172.6;8.84;7.55;171.16;172.45;122.83;6288.35;6084.87;
25;0;277.34;256.58;0.78;275.69;254.93;0.62;284.62;255.17;0.59;326.2;256.11;0.35;231.06;256.81;0.22;270.53;269.97;0.83;287.91;267.38;0.78;269.59;296.51;0.8;276.4;291.81;0.44;267.24;315.07;0.76;271.0;312.48;0.48;278.51;314.36;0.71;289.32;312.95;0.6;267.0;342.08;0.78;268.18;340.67;0.52;263.95;378.49;0.8;265.12;376.61;0.56;174.81;169.42;162.24;147.52;147.25;140.9;12.23;27.0;167.77;153.0;120.97;6261.31;6360.57;
25;1;211.32;153.3;0.25;212.21;143.35;0.25;209.92;149.73;0.25;215.66;142.33;0.26;208.0;141.76;0.24;219.23;147.18;0.2;208.51;148.26;0.17;220.19;156.3;0.2;203.28;161.08;0.2;216.49;155.41;0.17;205.2;155.6;0.17;218.14;161.08;0.17;211.13;161.46;0.16;218.46;171.61;0.12;208.51;175.05;0.14;207.37;174.41;0.2;207.37;174.6;0.26;70.44;2.96;102.46;79.64;173.81;157.9;10.45;33.4;169.55;146.6;21.21;466.78;476.75;
25;2;124.71;136.15;0.92;128.51;134.02;0.95;124.71;134.02;0.91;134.93;137.58;0.82;122.1;136.63;0.38;134.69;150.66;0.76;124.95;150.18;0.74;131.13;166.11;0.66;118.29;160.16;0.66;117.1;173.95;0.57;113.54;155.65;0.66;130.18;188.45;0.71;117.82;187.74;0.73;139.45;218.4;0.66;112.82;217.69;0.67;150.38;250.02;0.72;121.14;242.18;0.54;132.21;80.16;178.12;151.77;155.99;178.71;6.18;22.94;173.82;157.06;109.94;4684.52;5575.28;
25;3;125.18;135.99;0.85;128.25;134.36;0.89;125.18;133.82;0.86;134.95;137.07;0.65;123.01;136.35;0.33;134.95;150.46;0.7;125.54;148.65;0.65;132.05;165.66;0.55;117.04;154.8;0.5;117.58;171.99;0.46;114.14;154.08;0.59;130.24;184.11;0.66;118.12;183.39;0.66;138.57;213.06;0.63;112.15;214.15;0.59;149.78;244.0;0.57;104.01;238.39;0.54;124.41;130.08;176.11;172.42;156.0;178.93;2.83;42.06;177.17;137.94;105.21;6527.37;7000.45;
25;4;99.66;266.55;0.8;101.36;264.52;0.66;100.68;265.2;0.69;96.61;267.23;0.63;102.71;267.57;0.69;84.75;284.52;0.74;110.51;285.87;0.69;76.95;308.92;0.69;117.97;312.31;0.66;81.36;332.99;0.57;118.64;339.43;0.64;85.77;326.21;0.63;106.44;326.21;0.6;73.56;362.14;0.77;122.37;360.11;0.77;62.38;397.73;0.81;130.51;396.71;0.82;151.91;165.68;178.69;167.36;159.84;149.07;19.11;21.51;160.89;158.49;130.67;5002.94;5513.82;landing
25;5;116.47;202.88;0.35;116.92;201.22;0.27;121.3;202.13;0.29;109.98;201.52;0.58;121.75;201.82;0.56;102.28;214.95;0.57;127.33;214.65;0.51;92.02;200.62;0.5;137.3;203.79;0.46;112.85;175.56;0.32;123.11;188.09;0.44;106.96;256.91;0.33;121.75;256.76;0.38;143.33;291.32;0.21;131.41;291.32;0.21;150.73;249.82;0.4;94.74;250.12;0.21;104.67;95.38;56.69;26.06;139.78;156.83;150.77;145.04;29.23;34.96;47.09;1470.08;1661.88;
26;0;277.39;256.54;0.79;275.51;254.9;0.63;284.67;255.13;0.6;326.22;256.07;0.36;231.15;257.01;0.22;270.35;269.92;0.83;288.19;267.34;0.79;269.41;296.68;0.8;277.39;291.05;0.43;267.3;315.23;0.76;271.52;311.47;0.47;278.56;314.52;0.71;289.6;313.12;0.6;266.83;341.75;0.79;268.24;340.58;0.51;264.01;378.37;0.8;265.18;376.26;0.54;175.51;171.55;161.08;147.01;146.24;140.36;12.45;26.25;167.55;153.75;120.78;5.19;34.21;
26;1;208.9;143.59;0.4;210.43;142.51;0.33;209.66;142.45;0.28;211.19;142.01;0.38;210.04;141.88;0.3;217.91;147.21;0.47;208.14;146.83;0.49;218.67;153.04;0.4;206.56;153.04;0.43;217.53;157.86;0.25;203.45;158.43;0.31;214.99;161.03;0.34;210.11;160.65;0.33;211.19;168.39;0.21;207.95;168.96;0.23;207.7;174.23;0.31;205.8;173.97;0.33;159.24;164.35;176.48;171.26;164.57;157.36;19.35;22.4;160.65;157.6;30.51;80.17;100.1;
26;2;124.45;136.3;0.91;128.54;134.14;0.96;124.69;133.89;0.91;135.29;137.75;0.82;122.04;136.79;0.37;134.08;151.24;0.74;125.41;149.8;0.73;129.75;167.15;0.62;118.18;157.99;0.65;116.25;176.06;0.55;113.6;156.06;0.7;130.47;189.8;0.71;117.94;188.84;0.72;140.11;219.92;0.66;111.67;218.47;0.65;150.71;250.76;0.72;104.69;243.05;0.53;138.71;108.59;178.77;176.06;156.9;178.9;9.9;30.59;170.1;149.41;110.6;68.41;12.66;
26;3;101.6;268.04;0.81;102.36;265.27;0.71;103.11;265.78;0.72;93.54;268.8;0.64;104.12;269.3;0.61;85.73;283.92;0.74;112.18;286.44;0.7;76.4;307.61;0.65;116.22;313.65;0.59;76.91;331.29;0.45;116.22;341.37;0.6;85.22;324.49;0.62;105.89;326.0;0.6;72.88;363.04;0.74;123.52;361.78;0.75;61.79;399.08;0.82;130.83;398.32;0.82;157.3;171.57;179.34;165.07;162.95;144.71;20.77;17.47;159.23;162.53;130.66;4938.08;5625.67;
26;4;115.73;203.92;0.45;111.4;202.19;0.35;121.79;202.77;0.38;109.95;202.48;0.7;121.21;202.34;0.68;102.74;215.32;0.66;126.55;215.03;0.6;92.35;201.9;0.6;137.37;204.5;0.61;92.78;178.96;0.41;123.37;189.06;0.54;106.78;256.59;0.47;121.93;256.45;0.48;102.88;289.63;0.33;131.6;289.63;0.4;151.22;249.95;0.36;151.37;252.41;0.22;141.17;92.03;43.89;44.21;167.68;157.4;147.84;140.59;32.16;39.41;47.26;4638.93;4518.51;
27;0;272.2;255.96;0.76;271.27;254.79;0.59;273.14;254.56;0.55;226.81;257.13;0.29;219.32;343.71;0.22;261.67;270.47;0.81;285.07;267.66;0.78;261.91;296.21;0.79;287.88;287.79;0.52;260.27;316.1;0.75;270.57;297.15;0.37;272.91;311.19;0.66;287.41;306.97;0.67;259.33;340.2;0.77;290.69;337.63;0.53;256.29;378.11;0.78;257.7;377.17;0.46;174.77;110.45;159.52;134.06;139.51;177.31;14.9;4.54;165.1;175.46;121.68;212.67;431.23;
27;1;204.28;144.92;0.22;204.7;144.8;0.21;203.19;144.62;0.19;206.52;143.53;0.26;200.1;143.41;0.25;210.82;146.8;0.23;200.04;149.16;0.2;211.9;153.7;0.19;195.62;154.3;0.17;209.54;155.39;0.13;197.98;155.76;0.16;209.06;161.44;0.17;203.67;161.57;0.16;210.88;167.92;0.1;201.74;171.92;0.11;200.4;174.04;0.18;199.07;174.22;0.24;116.7;80.95;104.61;141.41;157.5;153.09;15.81;56.97;164.19;123.03;29.21;251.03;182.81;
27;2;117.77;135.99;0.86;121.54;133.86;0.94;117.54;133.63;0.87;127.67;137.16;0.71;114.95;136.22;0.34;126.96;150.59;0.71;117.54;148.71;0.71;123.19;166.38;0.62;110.94;157.43;0.62;109.29;174.87;0.55;106.23;155.78;0.67;122.96;187.83;0.67;110.23;187.12;0.68;132.62;217.52;0.62;104.81;217.28;0.63;142.99;249.33;0.67;95.39;242.02;0.51;134.82;107.83;179.97;169.33;155.83;179.42;7.29;26.35;172.71;153.65;109.69;212.17;221.65;
27;3;93.31;256.53;0.49;95.87;251.41;0.53;97.69;254.33;0.43;92.95;256.53;0.58;102.8;260.91;0.48;88.93;272.59;0.57;115.22;281.72;0.54;78.34;303.99;0.54;121.06;306.91;0.48;82.72;328.45;0.45;108.28;332.11;0.38;80.17;324.07;0.57;100.98;325.53;0.56;65.93;361.32;0.65;114.85;359.13;0.69;54.61;397.83;0.75;122.52;397.1;0.73;151.21;140.05;176.3;168.97;168.74;139.55;8.97;31.06;171.03;148.94;140.94;194.34;366.45;
28;0;264.79;256.96;0.79;265.72;255.8;0.6;263.86;255.56;0.63;260.14;258.36;0.3;216.4;256.96;0.2;255.49;271.85;0.8;279.92;269.29;0.78;254.79;296.51;0.79;286.9;289.07;0.78;254.09;315.59;0.73;281.78;298.14;0.63;266.66;311.17;0.65;283.18;308.61;0.69;251.53;340.26;0.77;288.06;335.37;0.62;249.21;378.65;0.8;251.76;375.16;0.39;179.53;131.13;155.99;127.28;136.67;174.39;17.48;14.7;162.52;165.3;119.94;186.19;338.13;
28;1;196.86;145.37;0.22;197.41;144.82;0.22;195.83;144.76;0.2;200.27;143.85;0.25;192.6;143.36;0.21;203.32;146.77;0.18;192.66;151.4;0.13;204.54;154.14;0.16;187.18;161.69;0.19;201.49;154.63;0.12;190.53;155.54;0.17;202.89;161.57;0.14;196.44;161.76;0.12;203.2;171.56;0.08;193.82;171.93;0.09;192.54;174.12;0.16;191.38;174.24;0.21;89.7;0.53;101.75;147.97;176.6;145.52;11.04;48.07;168.96;131.93;28.81;242.96;224.01;
28;2;111.24;135.29;0.84;114.78;133.07;0.95;111.02;133.07;0.87;120.98;136.62;0.83;108.58;135.95;0.39;118.99;150.34;0.72;110.13;148.13;0.71;111.68;166.51;0.62;102.61;157.21;0.59;98.62;176.25;0.55;99.06;156.54;0.64;115.22;187.32;0.67;102.38;186.43;0.67;126.52;218.98;0.67;97.07;218.76;0.63;136.26;250.86;0.74;89.32;244.88;0.5;151.04;119.05;177.36;172.81;154.56;177.9;18.51;28.23;161.49;151.77;112.58;323.2;216.44;
28;3;101.3;201.02;0.32;67.82;198.08;0.27;104.82;198.96;0.26;95.28;199.7;0.64;106.58;200.29;0.59;87.64;213.06;0.6;112.31;211.88;0.52;80.3;197.64;0.52;123.02;200.58;0.51;82.8;177.53;0.38;109.96;185.02;0.42;92.78;255.19;0.37;107.17;255.49;0.39;127.87;290.14;0.27;115.98;290.14;0.32;136.83;252.11;0.5;112.89;253.58;0.14;147.46;96.51;58.37;9.44;141.83;159.01;161.49;143.25;18.51;36.75;51.83;4533.04;4418.1;
28;4;109.68;296.11;0.13;111.19;341.83;0.09;111.19;296.11;0.11;64.17;296.11;0.3;91.99;296.11;0.28;68.05;296.11;0.3;97.6;296.11;0.31;59.21;296.11;0.4;99.97;296.11;0.39;67.84;330.62;0.33;96.74;337.52;0.39;71.94;326.09;0.55;89.4;327.38;0.54;59.43;360.81;0.58;108.38;361.24;0.63;46.06;398.55;0.65;114.21;398.33;0.68;75.96;85.53;179.7;159.65;152.81;136.04;97.38;104.69;82.62;75.31;102.33;4616.18;4530.08;
28;5;84.62;255.78;0.54;85.71;251.06;0.56;91.15;252.52;0.46;83.53;255.06;0.64;95.87;258.32;0.48;79.54;269.57;0.57;107.85;280.82;0.54;67.93;301.51;0.51;115.11;308.41;0.48;74.1;329.82;0.41;110.39;337.44;0.32;71.92;323.29;0.6;92.97;324.01;0.56;58.85;361.04;0.67;107.85;360.31;0.71;46.88;398.06;0.78;114.75;398.06;0.76;147.72;156.03;178.83;168.06;168.98;138.7;11.91;33.75;168.09;146.25;142.27;4777.09;4502.07;
28;6;275.59;233.77;0.29;275.86;231.73;0.24;275.05;232.82;0.13;283.86;233.23;0.36;285.08;261.42;0.17;288.06;243.8;0.47;275.19;242.71;0.48;259.46;240.14;0.47;259.73;239.73;0.53;240.89;235.12;0.51;241.43;235.67;0.56;287.66;287.99;0.4;278.71;287.04;0.35;299.04;301.68;0.33;284.13;301.68;0.31;299.04;301.68;0.11;299.04;301.68;0.22;172.18;178.39;90.0;110.32;139.72;164.22;96.76;105.47;83.24;74.53;67.92;7375.78;7404.83;cocking_backswing
29;0;264.94;256.95;0.78;265.64;255.32;0.6;263.78;255.32;0.64;260.29;258.35;0.31;216.81;256.95;0.2;255.64;272.07;0.8;280.29;269.51;0.78;254.71;296.71;0.78;287.03;289.27;0.78;254.24;315.55;0.72;281.91;299.04;0.63;266.57;310.9;0.65;283.31;308.57;0.69;251.69;339.96;0.77;288.66;335.31;0.61;249.36;378.56;0.79;251.92;374.61;0.38;179.25;133.52;156.33;125.62;137.17;173.11;17.88;14.41;162.12;165.59;119.64;4.77;27.23;
29;1;195.75;138.15;0.26;197.08;144.75;0.22;195.26;144.15;0.21;196.05;143.36;0.32;192.84;143.42;0.29;202.35;146.69;0.36;192.6;147.06;0.34;203.38;152.03;0.3;190.72;152.45;0.27;204.29;155.84;0.17;189.57;156.39;0.2;200.17;160.63;0.23;195.38;160.51;0.21;195.51;168.08;0.14;193.75;167.42;0.15;192.84;173.72;0.25;191.02;173.9;0.27;177.54;177.09;173.27;170.51;156.85;154.97;19.83;30.91;160.17;149.09;35.66;91.7;38.46;
29;2;111.46;135.1;0.8;114.56;133.03;0.89;110.76;132.86;0.86;120.78;136.14;0.65;108.35;135.45;0.33;119.92;149.27;0.69;110.76;147.71;0.66;113.01;165.33;0.59;102.65;155.49;0.52;99.88;174.49;0.47;98.5;154.97;0.57;115.26;184.85;0.63;103.34;184.16;0.64;124.76;213.7;0.64;96.77;216.12;0.58;134.78;243.07;0.62;83.13;239.79;0.54;148.16;129.12;179.39;161.64;154.3;179.91;15.81;34.73;164.19;145.27;106.32;65.0;50.2;
29;3;84.56;256.68;0.58;86.01;251.96;0.59;89.64;253.05;0.5;83.1;255.59;0.67;94.0;258.86;0.49;78.02;271.21;0.59;104.17;280.29;0.55;66.04;301.71;0.53;114.34;310.07;0.49;73.3;330.04;0.42;109.62;339.49;0.35;71.48;323.87;0.61;92.55;324.59;0.57;58.77;361.64;0.7;108.16;360.55;0.74;46.79;398.32;0.79;114.34;398.32;0.79;144.17;152.03;179.49;165.81;168.48;141.83;14.37;33.55;165.63;146.45;141.64;4589.6;4639.46;
29;4;101.04;200.3;0.32;95.43;197.64;0.26;104.44;198.68;0.27;95.28;199.56;0.6;106.5;200.15;0.56;87.75;212.85;0.56;112.41;211.67;0.5;80.08;195.87;0.5;122.89;200.15;0.47;92.18;177.12;0.38;109.75;177.12;0.39;93.07;255.08;0.32;107.39;255.22;0.36;127.76;290.36;0.26;115.95;290.36;0.26;136.77;252.12;0.5;84.8;253.6;0.13;122.82;107.98;57.77;26.58;142.66;159.73;162.84;144.26;17.16;35.74;52.56;4667.79;4833.27;
29;5;274.53;233.37;0.28;274.94;231.6;0.23;273.85;266.41;0.11;283.27;233.24;0.37;284.77;233.37;0.18;289.0;244.16;0.5;273.98;242.66;0.51;282.86;239.79;0.47;259.52;239.93;0.58;272.07;233.37;0.47;241.23;235.83;0.6;287.09;283.74;0.41;276.17;281.28;0.37;298.55;301.62;0.34;282.58;301.62;0.32;298.55;301.62;0.14;298.55;301.62;0.24;175.33;178.07;90.0;107.51;144.57;165.73;122.65;103.92;57.35;76.08;68.25;6614.28;4975.53;
29;6;110.42;295.53;0.13;111.72;295.53;0.1;111.07;295.53;0.1;64.32;295.53;0.3;92.59;295.53;0.3;68.67;295.53;0.31;98.68;295.53;0.33;60.84;295.53;0.44;97.15;295.53;0.41;69.1;327.93;0.35;97.81;334.23;0.38;72.15;325.53;0.59;90.41;326.84;0.57;58.88;361.41;0.63;108.46;360.76;0.67;45.84;399.03;0.68;114.33;399.25;0.71;75.69;89.03;178.84;160.66;153.1;137.2;96.61;75.22;83.39;104.78;103.61;5864.29;5231.87;
30;0;257.88;257.95;0.72;256.96;253.1;0.51;258.11;255.18;0.53;252.11;258.41;0.48;263.43;257.49;0.29;248.87;272.51;0.73;273.83;270.43;0.71;247.48;297.7;0.71;281.92;290.3;0.7;247.48;315.73;0.69;282.61;304.63;0.62;259.27;310.18;0.6;278.22;309.02;0.63;244.25;339.3;0.74;289.78;336.06;0.65;242.4;378.36;0.75;244.71;372.35;0.26;176.85;160.63;155.42;105.7;137.28;163.35;18.58;15.65;161.42;164.35;117.4;203.12;169.28;
30;1;187.52;144.76;0.33;188.88;144.2;0.29;187.4;143.71;0.28;190.92;142.97;0.37;186.96;143.03;0.32;194.81;146.86;0.44;184.8;147.72;0.43;195.8;151.92;0.38;183.38;152.17;0.38;196.29;156.19;0.23;181.4;157.18;0.29;192.28;160.45;0.31;187.64;160.27;0.29;187.77;168.11;0.21;185.36;167.93;0.2;185.11;174.17;0.29;182.27;174.1;0.31;175.57;176.16;173.2;170.05;160.07;150.62;21.6;30.48;158.4;149.52;29.38;240.48;246.34;
30;2;104.17;134.95;0.79;107.75;133.04;0.93;103.45;132.8;0.81;114.2;136.86;0.74;101.3;135.43;0.33;111.57;150.48;0.67;101.78;148.33;0.68;102.5;170.3;0.62;95.09;159.07;0.55;85.78;179.37;0.6;91.03;157.16;0.57;107.99;187.97;0.66;95.09;186.78;0.67;118.74;218.54;0.64;89.36;217.11;0.63;129.0;250.78;0.75;78.61;240.99;0.58;143.1;96.69;178.3;166.47;155.17;179.16;19.14;22.02;160.86;157.98;110.94;448.31;233.78;
30;3;282.35;234.5;0.36;274.8;232.28;0.16;279.98;235.98;0.19;278.5;234.05;0.43;289.9;236.27;0.31;285.01;244.71;0.54;266.66;243.38;0.56;271.99;239.38;0.46;250.52;240.86;0.55;234.54;234.94;0.47;234.98;236.27;0.58;274.21;277.57;0.52;263.4;277.13;0.47;280.42;304.51;0.45;265.18;304.51;0.37;298.04;304.51;0.31;298.04;304.51;0.33;164.51;172.42;102.99;93.71;148.8;170.78;94.05;93.35;85.95;86.65;70.01;5622.33;4877.17;
30;4;94.41;199.9;0.39;87.35;197.49;0.36;99.36;199.15;0.36;87.65;198.24;0.68;99.51;199.0;0.63;79.84;212.21;0.6;105.22;210.86;0.54;71.43;190.74;0.56;116.03;198.09;0.56;84.95;174.37;0.42;104.17;181.58;0.46;85.1;253.05;0.36;99.96;252.75;0.39;120.53;289.53;0.26;108.07;289.53;0.3;129.54;252.0;0.43;130.14;252.45;0.26;119.07;104.05;57.66;43.19;143.17;160.42;165.95;146.88;14.05;33.12;52.33;232.48;214.61;
30;5;78.15;260.3;0.54;79.63;251.46;0.56;82.57;254.41;0.44;76.31;257.72;0.63;86.99;263.25;0.52;69.68;276.15;0.58;97.68;286.83;0.57;59.36;305.63;0.58;106.52;310.42;0.53;64.89;325.89;0.47;96.94;333.26;0.43;63.78;326.63;0.61;86.63;326.63;0.6;50.88;362.37;0.71;101.0;360.53;0.74;39.09;397.74;0.79;106.89;398.11;0.8;145.45;136.69;178.59;165.94;166.82;141.5;12.63;36.08;167.37;143.92;137.63;6815.06;5228.98;
31;0;251.12;259.11;0.8;250.89;256.37;0.63;251.35;256.83;0.57;246.77;259.57;0.59;257.29;258.43;0.42;241.74;273.75;0.77;266.9;271.01;0.75;240.6;298.45;0.74;275.36;291.36;0.74;241.28;317.21;0.65;273.31;304.4;0.59;252.49;311.03;0.64;272.16;309.89;0.66;236.94;340.08;0.75;287.03;340.31;0.7;234.19;379.2;0.78;235.34;377.6;0.27;175.25;148.45;155.85;99.75;135.75;161.66;18.74;14.87;161.26;165.13;119.28;191.49;279.6;
31;1;180.56;144.6;0.3;181.9;144.47;0.26;180.5;143.86;0.25;180.99;143.19;0.36;179.04;143.19;0.3;187.08;146.73;0.4;177.21;147.83;0.37;188.36;151.91;0.34;175.38;153.19;0.33;189.15;155.57;0.18;174.16;156.85;0.23;185.01;160.62;0.27;180.01;160.56;0.26;179.28;168.3;0.17;178.24;168.24;0.19;177.09;173.97;0.27;175.32;174.03;0.3;178.35;179.61;164.44;166.16;151.76;154.63;22.36;31.24;157.64;148.76;29.41;215.25;217.74;
31;2;78.43;246.22;0.46;76.91;244.71;0.43;82.96;249.63;0.39;71.24;249.25;0.51;83.72;258.32;0.46;66.7;265.89;0.61;92.42;277.61;0.59;56.49;302.95;0.54;98.09;305.22;0.51;58.76;327.91;0.47;85.99;332.45;0.42;57.62;322.99;0.59;79.18;324.13;0.58;44.39;360.81;0.68;92.8;359.68;0.72;31.53;398.63;0.79;99.23;399.01;0.78;159.4;144.43;179.49;168.33;169.74;143.16;6.37;27.5;173.63;152.5;152.6;4534.49;5266.87;
31;3;97.53;134.45;0.82;100.05;132.77;0.89;96.52;132.43;0.84;106.12;135.63;0.58;93.82;134.79;0.29;104.77;150.12;0.67;95.0;147.09;0.64;95.34;169.82;0.6;86.07;158.03;0.45;80.18;179.76;0.57;82.2;143.38;0.4;99.55;184.31;0.6;87.93;183.64;0.59;110.5;213.79;0.61;84.9;214.12;0.45;119.59;242.92;0.61;75.46;242.92;0.39;148.82;54.0;176.96;167.55;150.94;174.73;16.89;28.24;163.11;151.76;108.47;4923.39;5370.33;
31;4;97.59;134.68;0.71;100.86;133.05;0.87;96.66;132.58;0.74;106.7;136.32;0.72;94.56;134.92;0.34;104.13;150.09;0.64;94.09;147.76;0.65;94.56;171.11;0.62;85.68;164.34;0.55;79.61;180.91;0.58;82.18;173.21;0.47;99.46;186.75;0.63;87.79;185.82;0.64;111.14;217.57;0.63;81.02;216.87;0.61;121.64;250.26;0.71;71.44;241.62;0.57;147.77;174.65;177.07;171.15;151.99;177.1;17.23;17.48;162.77;162.52;111.26;253.52;706.49;
31;5;93.72;135.04;0.25;94.54;132.85;0.37;90.76;129.3;0.31;100.41;138.31;0.24;83.75;139.13;0.11;100.41;152.88;0.21;100.41;149.56;0.21;79.92;164.22;0.17;93.72;144.96;0.08;81.33;149.79;0.13;82.47;149.61;0.09;100.41;164.22;0.18;100.41;164.22;0.21;87.94;164.22;0.12;100.41;164.22;0.12;100.41;164.22;0.15;81.52;164.22;0.13;55.46;123.07;0.01;90.0;90.0;90.0;61.04;124.49;118.96;55.51;29.19;5312.26;5533.15;
31;6;279.71;235.06;0.4;239.24;233.4;0.16;279.26;235.37;0.18;272.74;234.91;0.44;284.72;236.58;0.41;277.9;245.22;0.44;278.35;244.91;0.44;246.82;241.43;0.36;246.52;242.49;0.42;229.69;237.64;0.42;230.0;237.79;0.46;264.56;279.02;0.43;266.22;278.26;0.43;275.77;305.7;0.38;276.08;305.7;0.41;278.5;305.7;0.31;281.53;305.7;0.34;174.48;168.48;112.8;109.75;135.66;140.26;75.42;74.37;104.58;105.63;70.63;5533.33;4914.64;
32;0;244.77;258.86;0.79;245.91;256.81;0.66;243.86;256.35;0.54;240.2;259.32;0.55;252.08;259.09;0.5;233.81;274.84;0.71;260.3;272.1;0.7;233.35;299.27;0.71;268.51;292.65;0.69;234.27;318.0;0.62;263.72;305.44;0.53;245.91;310.69;0.58;264.86;309.32;0.62;229.93;339.91;0.72;280.84;340.37;0.69;226.73;377.59;0.73;292.26;363.43;0.57;176.14;137.64;156.18;179.1;132.67;159.76;19.72;14.81;160.28;165.19;111.65;212.04;289.58;
32;1;79.24;237.7;0.42;71.97;235.02;0.38;79.62;238.84;0.35;68.15;241.14;0.53;82.3;246.11;0.47;62.41;263.32;0.59;88.04;268.68;0.59;52.08;298.51;0.48;91.86;302.72;0.48;55.52;326.05;0.38;81.53;330.26;0.38;51.32;319.55;0.52;71.97;321.46;0.52;37.55;359.33;0.63;84.59;358.18;0.67;23.78;399.11;0.75;91.48;399.88;0.71;156.52;153.03;180.0;170.41;172.07;144.1;5.2;23.34;174.8;156.66;161.8;6506.06;5904.95;
32;2;172.57;144.29;0.27;174.42;144.23;0.25;172.82;143.49;0.25;176.02;142.93;0.34;171.52;142.87;0.3;179.29;146.76;0.43;169.48;146.76;0.42;180.16;152.01;0.36;167.82;151.82;0.37;180.28;157.56;0.22;166.03;156.76;0.29;176.64;160.4;0.29;171.58;160.03;0.27;171.83;168.05;0.19;169.61;167.25;0.19;169.67;173.48;0.29;163.19;173.54;0.31;171.92;178.3;169.52;149.74;158.84;155.72;20.36;27.21;159.64;152.79;29.22;6284.9;5798.63;
32;3;273.47;235.09;0.41;284.91;232.02;0.2;284.91;234.94;0.17;267.56;233.64;0.38;277.31;235.56;0.44;255.89;243.16;0.24;274.09;247.0;0.3;248.21;237.24;0.23;264.26;255.67;0.06;240.77;233.1;0.3;240.77;231.64;0.13;250.13;277.78;0.39;260.42;277.78;0.34;240.77;277.78;0.2;264.57;277.78;0.22;240.77;277.78;0.17;259.81;277.78;0.1;171.51;92.91;90.0;0.02;99.44;66.06;118.15;24.63;61.85;155.37;42.69;5082.26;5450.52;
32;4;90.64;134.83;0.74;93.1;132.91;0.77;89.68;132.23;0.74;99.0;135.38;0.5;88.03;134.01;0.19;97.35;151.83;0.6;87.89;147.03;0.56;87.48;171.02;0.52;78.85;164.16;0.38;72.41;182.12;0.56;70.9;175.95;0.32;90.77;183.49;0.46;81.45;182.94;0.43;102.83;219.95;0.32;77.2;219.95;0.3;105.99;219.95;0.32;50.06;219.95;0.29;153.58;173.84;108.31;96.55;149.96;176.38;15.48;17.66;164.52;162.34;85.12;219.5;348.79;
32;5;87.27;135.95;0.27;92.61;132.95;0.41;85.57;132.68;0.32;92.61;137.83;0.23;82.29;137.92;0.11;92.61;151.25;0.18;92.61;148.96;0.15;72.38;155.1;0.13;77.31;144.43;0.09;74.08;149.27;0.09;75.12;140.21;0.08;92.61;161.61;0.13;92.61;161.61;0.16;77.04;161.61;0.09;76.46;161.61;0.08;73.86;152.64;0.14;73.86;152.68;0.15;62.91;134.03;109.54;106.25;90.0;90.0;79.2;106.5;100.8;73.5;16.71;218.29;358.36;
33;0;236.95;260.28;0.85;238.1;259.37;0.68;234.66;259.14;0.67;232.59;260.28;0.56;241.54;259.83;0.43;226.63;275.88;0.8;252.78;272.21;0.78;226.17;300.43;0.79;262.64;293.55;0.75;227.09;319.24;0.69;260.58;307.54;0.6;238.33;312.13;0.69;257.14;310.53;0.7;222.73;340.58;0.75;273.89;340.81;0.77;218.83;377.75;0.81;290.86;370.18;0.76;176.14;146.79;157.25;178.91;133.37;157.55;18.96;18.32;161.04;161.68;113.68;218.95;113.56;
33;1;70.69;230.09;0.34;68.01;196.42;0.36;74.13;197.57;0.32;64.19;230.85;0.47;75.66;243.86;0.42;56.92;262.6;0.51;81.02;263.75;0.51;46.97;189.15;0.5;80.25;196.42;0.37;53.09;168.5;0.41;91.35;173.09;0.37;44.68;319.98;0.46;64.19;255.72;0.44;30.91;359.0;0.56;77.19;358.24;0.58;17.13;398.02;0.54;84.08;400.32;0.55;155.78;153.92;180.0;177.94;172.6;57.26;160.25;63.84;19.75;116.16;169.08;4732.8;4729.93;
33;2;165.75;137.41;0.24;166.99;144.44;0.22;164.88;143.63;0.21;167.93;143.32;0.31;161.58;142.95;0.29;171.41;146.62;0.37;161.58;147.55;0.34;172.65;151.97;0.31;159.71;152.84;0.29;173.53;156.14;0.18;158.78;156.26;0.21;169.23;160.31;0.24;163.82;160.18;0.23;164.94;167.96;0.14;162.39;166.97;0.18;161.58;173.44;0.24;159.34;173.69;0.28;178.71;175.82;177.76;167.51;159.75;158.03;22.13;29.5;157.87;150.5;36.15;207.35;218.23;
33;3;285.39;168.55;0.66;287.09;167.45;0.64;283.99;167.35;0.62;289.39;166.85;0.52;280.69;167.25;0.49;292.09;174.85;0.58;277.39;174.95;0.54;273.38;187.26;0.36;273.08;188.06;0.58;273.48;200.66;0.39;273.28;200.76;0.58;289.99;204.07;0.51;280.79;203.67;0.51;289.69;225.28;0.52;279.49;224.38;0.55;287.49;237.18;0.41;279.29;237.18;0.43;123.12;160.93;170.34;177.3;176.7;169.65;52.34;24.93;127.66;155.07;68.63;1383.69;1346.77;
33;4;82.91;134.4;0.74;86.12;132.56;0.87;82.45;131.87;0.75;91.4;136.01;0.75;78.77;133.94;0.4;89.8;150.93;0.65;78.77;147.26;0.63;80.61;170.91;0.63;69.13;164.48;0.56;64.08;182.39;0.61;66.38;166.08;0.47;86.12;187.67;0.64;73.95;186.06;0.64;96.22;218.2;0.69;65.92;216.83;0.65;107.02;249.89;0.79;59.49;240.25;0.65;149.47;149.51;179.5;179.29;155.98;172.45;18.98;22.17;161.02;157.83;110.67;250.21;325.99;
33;5;270.25;237.26;0.39;230.49;235.68;0.34;266.91;236.2;0.35;231.19;265.76;0.41;272.19;236.91;0.36;226.62;244.12;0.54;264.27;245.88;0.5;226.97;300.24;0.47;255.82;244.3;0.35;228.56;240.43;0.45;240.87;240.08;0.26;239.99;276.49;0.43;254.07;277.02;0.42;225.74;346.51;0.31;266.91;298.13;0.37;271.31;324.52;0.4;271.83;324.35;0.46;1.88;174.85;52.73;159.33;146.05;130.54;22.08;82.48;157.92;97.52;87.17;5387.09;5812.14;
33;6;113.59;305.0;0.1;82.23;346.56;0.1;2.95;305.0;0.13;40.47;305.0;0.23;41.63;305.0;0.25;39.89;305.0;0.17;66.83;305.0;0.2;25.46;305.0;0.38;72.41;305.0;0.4;41.24;305.0;0.36;67.6;305.0;0.33;41.05;322.31;0.57;59.91;322.89;0.49;29.89;361.37;0.65;78.38;360.22;0.68;17.0;397.74;0.7;83.96;399.09;0.72;0.01;0.02;176.43;161.84;160.24;132.51;93.81;111.16;86.19;68.84;93.42;6010.82;5278.69;
34;0;236.92;260.18;0.86;238.3;259.27;0.69;234.62;259.04;0.68;232.56;260.41;0.56;241.51;259.73;0.43;226.59;275.79;0.81;252.75;272.35;0.79;226.13;300.35;0.8;262.85;293.46;0.75;227.05;319.4;0.69;260.79;307.69;0.59;238.3;312.05;0.69;257.12;310.45;0.71;222.69;340.51;0.75;273.87;340.74;0.77;219.02;377.92;0.81;291.31;370.81;0.77;176.17;146.18;156.87;178.82;133.37;157.59;18.96;19.03;161.04;160.97;114.18;4.75;7.68;
34;1;67.52;229.08;0.34;57.55;196.51;0.36;74.03;198.04;0.31;64.07;231.0;0.46;75.95;244.03;0.42;57.17;262.43;0.53;81.31;263.58;0.53;46.44;189.99;0.5;99.71;195.74;0.44;53.34;171.6;0.4;88.21;174.28;0.42;44.52;320.29;0.45;63.69;256.29;0.45;30.73;359.0;0.54;77.1;357.85;0.57;17.31;398.09;0.53;84.0;400.39;0.54;151.02;136.65;179.32;178.31;172.71;60.03;159.25;82.73;20.75;97.27;170.16;93.49;100.76;
34;2;165.36;144.71;0.27;166.56;144.45;0.25;164.66;143.88;0.24;167.95;143.19;0.33;162.07;143.06;0.29;171.55;146.98;0.34;161.51;148.05;0.32;172.93;152.53;0.3;159.49;153.54;0.28;172.3;156.07;0.19;158.6;156.64;0.22;169.59;160.62;0.25;164.28;160.62;0.23;171.92;168.45;0.15;162.39;168.51;0.18;161.32;173.75;0.23;159.17;174.19;0.29;155.84;175.75;99.95;163.96;155.22;154.04;22.2;32.66;157.8;147.34;29.27;36.78;12.43;
34;3;285.51;168.68;0.63;287.21;167.68;0.62;284.11;167.58;0.6;289.21;167.18;0.5;280.61;167.48;0.47;291.91;174.98;0.54;277.41;175.48;0.52;273.31;187.28;0.37;273.11;187.88;0.58;273.21;200.47;0.4;273.11;200.47;0.58;290.11;203.97;0.5;280.81;203.67;0.5;289.81;224.87;0.5;279.61;224.17;0.54;287.51;237.16;0.4;279.61;237.16;0.43;123.91;160.87;170.23;176.65;177.27;169.78;52.97;26.0;127.03;154.0;68.48;9.96;10.13;
34;4;83.1;133.96;0.71;86.3;132.36;0.87;82.64;131.68;0.74;91.32;136.02;0.73;78.99;133.73;0.41;90.18;149.95;0.63;78.76;147.21;0.63;80.82;169.82;0.59;69.4;164.56;0.55;64.6;182.6;0.58;65.29;173.01;0.45;85.61;186.94;0.63;73.74;185.34;0.63;96.35;217.32;0.68;65.52;216.4;0.64;107.08;249.52;0.78;59.12;240.38;0.64;153.5;177.6;178.97;179.9;153.5;172.68;18.19;20.84;161.81;159.16;110.99;17.01;210.64;cocking_backswing
34;5;270.39;237.32;0.39;230.07;235.93;0.34;266.89;236.28;0.35;230.94;265.6;0.37;272.3;236.8;0.34;226.93;243.95;0.53;263.93;245.7;0.49;226.93;300.33;0.47;255.55;244.3;0.33;228.5;240.12;0.46;211.75;239.94;0.24;240.19;276.24;0.43;253.98;276.76;0.42;225.88;345.53;0.31;267.42;297.53;0.4;271.43;324.76;0.42;271.78;324.58;0.44;1.49;176.23;53.82;156.26;146.0;129.34;22.33;81.71;157.67;98.29;87.35;9.51;874.76;
34;6;113.52;304.89;0.1;82.12;452.65;0.1;2.76;304.89;0.12;39.17;304.89;0.24;41.09;304.89;0.26;39.36;304.89;0.16;66.71;304.89;0.2;27.8;304.89;0.38;72.88;304.89;0.4;40.71;304.89;0.37;69.22;304.89;0.34;40.9;320.88;0.57;60.16;322.23;0.5;29.92;361.14;0.65;78.27;360.18;0.68;17.01;397.55;0.7;83.86;398.9;0.72;0.01;0.02;175.74;162.7;159.24;133.8;95.51;110.7;84.49;69.3;93.33;16.37;48.61;take_off
34;7;81.77;134.86;0.35;85.75;132.6;0.44;76.5;132.35;0.36;78.7;133.82;0.34;73.19;134.13;0.25;90.16;149.69;0.18;75.76;148.89;0.14;78.4;168.01;0.23;72.52;168.01;0.12;66.21;168.01;0.22;66.7;168.01;0.2;90.16;168.01;0.11;70.8;168.01;0.13;70.19;168.01;0.13;68.11;168.01;0.16;67.86;168.01;0.2;66.7;168.01;0.23;122.71;99.64;179.99;179.96;90.0;104.55;32.71;4.91;147.29;175.09;33.14;6033.02;5980.65;jump_peak
35;0;230.08;260.47;0.86;231.22;258.21;0.74;228.27;258.66;0.78;226.0;261.15;0.56;231.67;259.79;0.44;220.56;276.57;0.78;246.18;272.94;0.78;218.75;300.14;0.74;255.7;292.66;0.74;216.48;320.08;0.58;252.3;304.67;0.61;231.67;311.92;0.67;250.94;310.79;0.64;215.12;341.16;0.71;267.03;340.26;0.74;211.72;377.88;0.8;286.07;372.21;0.76;177.92;138.43;155.78;177.86;133.06;158.53;21.84;18.6;158.16;161.4;114.57;318.01;270.74;
35;1;75.86;134.77;0.64;78.87;132.69;0.81;74.71;132.0;0.67;83.95;136.16;0.66;71.7;134.08;0.41;82.34;149.33;0.59;71.47;147.25;0.58;74.71;168.51;0.58;61.07;163.66;0.52;58.07;182.61;0.55;55.99;173.83;0.47;77.94;186.77;0.6;66.62;185.61;0.59;89.27;216.58;0.65;58.07;214.96;0.61;99.67;248.94;0.72;50.9;240.39;0.61;151.95;174.2;177.02;179.5;152.51;170.97;14.99;25.16;165.01;154.84;109.89;359.91;967.93;
35;2;155.98;144.19;0.4;156.86;143.63;0.34;155.85;143.37;0.32;157.05;142.62;0.4;155.92;143.56;0.34;163.62;147.16;0.51;154.15;147.16;0.5;164.69;152.72;0.43;152.57;152.4;0.46;164.19;157.39;0.28;150.17;157.77;0.37;160.97;160.29;0.37;156.1;159.79;0.35;156.1;168.44;0.28;150.61;167.36;0.26;153.71;174.31;0.37;148.4;173.68;0.36;162.9;172.68;171.39;163.35;160.58;135.25;22.35;25.57;157.65;154.43;29.8;247.0;255.5;
35;3;61.93;196.28;0.36;49.72;194.75;0.35;65.37;196.28;0.32;56.97;193.22;0.49;68.8;195.52;0.42;50.86;205.82;0.53;74.91;263.47;0.53;40.94;184.06;0.53;92.47;192.08;0.55;54.68;165.74;0.48;82.93;174.52;0.53;55.44;252.78;0.47;72.24;253.54;0.47;26.81;348.6;0.41;70.33;358.14;0.55;16.12;375.32;0.38;76.44;401.66;0.46;118.61;137.66;174.83;170.97;157.79;16.11;161.05;28.89;18.95;151.11;192.21;6646.03;5765.12;
35;4;278.19;168.31;0.7;279.98;166.52;0.69;276.68;166.66;0.69;282.46;167.76;0.52;274.2;167.35;0.48;287.55;176.84;0.75;268.15;176.56;0.7;289.61;189.64;0.63;264.57;188.12;0.68;289.47;201.61;0.56;264.71;199.27;0.69;282.46;204.77;0.7;272.83;204.36;0.68;283.15;224.44;0.72;271.45;224.03;0.7;282.6;242.33;0.74;270.35;242.61;0.69;170.18;162.09;176.24;179.39;167.67;166.45;19.49;26.75;160.51;153.25;74.16;6778.07;6041.28;
35;5;263.5;234.56;0.5;262.2;234.89;0.36;265.3;235.05;0.41;225.44;263.64;0.37;264.81;287.33;0.27;219.89;245.02;0.45;257.62;247.3;0.57;229.53;247.96;0.39;248.47;246.49;0.43;210.9;245.51;0.48;211.39;243.38;0.31;233.94;281.77;0.37;249.78;279.32;0.42;222.5;301.54;0.25;259.91;301.37;0.3;265.14;325.71;0.56;262.85;325.55;0.43;9.47;179.68;89.51;162.27;129.03;141.57;52.12;81.34;127.88;98.66;91.07;552.76;103.97;
36;0;224.19;260.65;0.86;225.1;259.51;0.75;223.05;259.29;0.78;219.85;261.34;0.63;226.47;260.43;0.49;213.24;277.08;0.79;239.7;274.11;0.78;208.91;299.2;0.68;248.59;292.13;0.71;205.26;320.41;0.36;247.22;302.62;0.54;225.78;312.88;0.66;243.8;311.29;0.61;209.13;342.99;0.75;260.91;340.25;0.76;203.43;378.34;0.8;280.98;373.78;0.79;178.68;146.29;160.22;179.66;131.75;155.74;30.39;19.97;149.61;160.03;115.41;337.33;164.28;
36;1;270.44;168.83;0.77;271.93;166.89;0.75;268.65;166.89;0.78;274.17;167.19;0.72;265.96;167.48;0.7;280.73;177.18;0.78;261.04;176.73;0.72;284.46;189.11;0.8;257.01;188.22;0.72;286.4;200.89;0.79;257.16;199.1;0.73;274.91;204.77;0.69;265.22;204.32;0.7;275.51;223.42;0.73;263.73;222.67;0.72;275.51;240.72;0.73;262.98;241.61;0.68;171.99;159.89;178.17;177.61;166.26;166.75;29.26;27.93;150.74;152.07;72.34;6879.73;6089.72;
36;2;148.72;144.83;0.33;150.01;144.25;0.29;148.14;143.92;0.29;152.0;143.35;0.36;146.98;143.22;0.3;156.06;147.27;0.37;146.14;147.98;0.35;157.09;153.26;0.3;144.47;153.52;0.31;155.48;156.22;0.21;142.48;157.38;0.25;153.48;160.6;0.27;148.72;160.41;0.24;148.78;168.65;0.19;146.4;167.94;0.18;145.57;174.57;0.28;142.93;174.18;0.29;141.72;169.5;178.24;168.0;160.65;151.19;20.7;28.53;159.3;151.47;29.55;263.84;231.42;
36;3;42.9;270.58;0.41;38.75;264.93;0.44;49.68;263.42;0.37;39.12;266.81;0.53;60.62;269.08;0.39;30.45;282.65;0.58;65.52;288.31;0.5;19.52;305.65;0.56;84.75;300.0;0.41;22.91;326.4;0.45;76.83;173.29;0.4;28.94;329.04;0.54;48.93;330.17;0.53;12.35;364.48;0.55;63.26;359.96;0.63;4.05;396.54;0.45;68.54;399.18;0.66;145.28;55.13;169.43;161.98;156.78;132.69;23.56;80.33;156.44;99.67;127.27;4918.72;186.66;
36;4;68.94;134.36;0.67;71.48;132.74;0.81;68.01;131.82;0.74;76.57;136.91;0.6;64.07;196.17;0.37;74.95;151.49;0.58;64.3;146.17;0.56;66.39;170.48;0.52;54.12;161.68;0.44;49.72;183.44;0.51;52.04;169.55;0.38;72.41;186.91;0.6;59.21;185.06;0.56;81.9;217.01;0.64;50.65;215.85;0.53;92.78;248.96;0.73;43.7;240.39;0.57;152.16;161.53;178.7;179.74;158.38;171.91;20.17;25.83;159.83;154.17;110.31;7221.61;6449.67;
36;5;259.24;237.36;0.43;257.47;236.65;0.37;257.82;237.0;0.38;218.6;263.45;0.42;259.95;237.89;0.27;213.1;245.7;0.51;250.19;247.47;0.55;199.61;250.14;0.37;240.43;248.54;0.43;199.61;249.25;0.27;222.15;247.47;0.27;226.77;280.66;0.39;242.74;279.24;0.41;254.1;300.18;0.36;259.78;300.54;0.33;257.65;326.27;0.52;256.94;326.27;0.48;71.79;170.44;133.29;135.04;146.89;128.14;93.14;70.57;86.86;109.43;88.92;357.29;345.64;
37;0;217.78;260.61;0.87;218.94;259.92;0.8;216.86;259.46;0.8;213.64;261.3;0.7;221.01;260.38;0.55;206.73;277.65;0.8;233.45;275.35;0.79;200.97;299.07;0.66;241.28;293.55;0.72;199.13;320.03;0.33;240.36;302.76;0.48;218.48;312.2;0.65;236.21;311.74;0.63;200.74;342.83;0.77;255.33;340.99;0.78;195.67;378.53;0.83;274.67;374.16;0.82;169.98;151.0;158.01;177.09;131.15;151.18;33.82;18.94;146.18;161.06;115.73;184.41;206.36;
37;1;262.31;168.85;0.78;263.95;166.76;0.76;260.51;166.76;0.8;266.5;167.36;0.74;257.96;167.51;0.75;272.95;176.95;0.77;252.71;177.1;0.71;276.84;188.79;0.78;248.97;188.49;0.73;279.09;200.48;0.79;249.12;198.98;0.73;266.8;204.67;0.66;257.21;204.23;0.68;267.55;222.51;0.72;255.86;222.06;0.72;267.55;239.9;0.73;255.26;240.65;0.66;172.67;160.97;177.59;177.52;165.1;166.26;30.71;27.62;149.29;152.38;71.42;219.75;241.69;
37;2;140.59;144.37;0.38;141.99;143.87;0.33;140.28;143.42;0.32;144.14;142.54;0.39;140.47;142.66;0.34;148.0;147.09;0.53;138.44;147.03;0.51;149.01;151.84;0.45;136.92;151.71;0.48;149.08;157.03;0.29;134.39;157.47;0.39;145.28;160.26;0.39;140.66;159.88;0.36;140.47;168.49;0.29;135.28;167.6;0.27;138.12;174.57;0.37;133.19;173.81;0.37;168.66;174.24;170.77;163.74;161.37;135.35;23.72;27.75;156.28;152.25;29.81;193.89;242.86;
37;3;61.65;135.0;0.7;64.22;133.12;0.81;60.72;131.95;0.76;69.13;136.63;0.59;56.74;196.03;0.39;68.43;152.07;0.6;55.81;145.75;0.58;58.61;171.01;0.51;45.98;161.19;0.45;41.31;183.64;0.49;42.24;168.67;0.4;66.09;186.68;0.57;52.06;185.27;0.54;75.21;216.61;0.64;44.81;217.31;0.52;85.27;248.88;0.7;37.1;239.99;0.52;153.53;174.09;179.64;173.96;159.19;172.66;23.54;27.06;156.46;152.94;109.44;4323.22;1048.21;
37;4;47.26;193.14;0.36;40.46;192.38;0.46;55.95;191.63;0.41;42.73;192.38;0.64;57.08;195.78;0.56;36.68;203.34;0.49;60.48;204.47;0.54;32.53;181.8;0.51;77.1;189.36;0.5;41.22;166.69;0.51;69.17;172.74;0.51;38.19;324.23;0.49;55.19;328.0;0.43;10.99;357.09;0.4;55.57;359.36;0.52;43.48;335.56;0.33;60.48;401.29;0.43;139.18;106.76;16.85;174.01;139.67;176.86;169.79;134.73;10.21;45.27;175.29;564.2;523.5;
37;5;252.14;237.26;0.64;251.78;236.55;0.48;251.25;236.73;0.47;211.3;237.79;0.27;251.96;237.79;0.28;243.12;245.92;0.56;242.41;247.69;0.6;232.34;262.19;0.37;227.03;250.87;0.52;243.83;289.41;0.21;213.42;249.63;0.3;231.8;277.75;0.44;231.63;277.22;0.47;244.18;298.61;0.36;249.31;299.67;0.33;249.66;326.19;0.51;250.02;326.54;0.51;123.57;163.12;160.56;143.29;129.75;121.72;13.97;58.24;166.03;121.76;89.11;1794.15;270.2;
38;0;254.55;168.7;0.79;256.35;166.59;0.77;252.59;166.59;0.8;258.76;167.19;0.72;250.19;167.34;0.74;264.92;176.81;0.77;244.78;177.11;0.72;268.98;188.84;0.78;241.02;188.68;0.73;271.23;200.71;0.78;241.32;199.36;0.73;258.76;204.62;0.69;249.29;204.16;0.7;259.81;222.05;0.74;247.94;221.9;0.74;259.66;239.33;0.75;246.88;240.84;0.69;172.1;160.4;176.05;178.82;164.05;166.18;31.15;27.45;148.85;152.55;71.39;4187.33;3105.82;
38;1;210.49;261.62;0.88;210.96;260.68;0.8;208.85;260.22;0.79;207.91;261.85;0.73;214.0;260.92;0.59;198.78;278.48;0.77;226.87;276.37;0.8;194.1;300.71;0.63;235.3;295.1;0.71;191.99;324.83;0.43;231.79;306.8;0.43;209.08;313.82;0.65;229.22;314.06;0.66;193.4;341.92;0.77;249.11;341.45;0.8;188.01;378.2;0.84;268.78;374.22;0.83;173.11;139.07;159.26;174.97;134.58;147.56;28.13;20.67;151.87;159.33;114.59;4559.82;3279.95;
38;2;133.13;144.74;0.35;134.53;144.16;0.31;132.75;143.78;0.31;136.45;143.08;0.38;132.49;142.95;0.32;140.09;146.91;0.45;130.64;147.35;0.43;141.43;152.02;0.37;129.17;152.02;0.39;141.5;157.13;0.24;126.93;157.32;0.31;137.79;160.32;0.32;132.94;160.19;0.3;133.19;168.56;0.23;130.77;167.73;0.21;130.57;174.5;0.32;125.98;173.8;0.32;166.01;174.62;174.62;157.78;160.56;153.77;24.44;27.64;155.56;152.36;29.41;227.65;223.98;
38;3;38.03;266.27;0.28;36.46;195.55;0.26;44.67;256.9;0.24;29.43;263.93;0.4;48.97;263.15;0.37;28.26;263.15;0.59;52.87;261.97;0.54;22.01;182.27;0.56;70.46;191.25;0.5;31.38;163.51;0.5;61.08;168.98;0.51;33.73;320.19;0.51;32.56;322.54;0.48;5.6;359.26;0.46;48.19;357.7;0.58;11.07;338.95;0.34;53.26;401.07;0.48;149.02;143.2;20.69;162.72;138.77;137.49;178.94;175.42;1.06;4.58;103.74;673.84;565.84;
38;4;53.85;134.96;0.73;56.77;133.62;0.85;52.5;132.27;0.84;61.48;136.08;0.66;49.81;194.9;0.41;59.91;152.47;0.6;48.69;144.39;0.56;53.85;172.45;0.43;40.16;158.53;0.44;34.77;181.66;0.38;34.99;165.27;0.44;56.99;185.02;0.51;42.63;183.23;0.51;67.32;215.33;0.62;37.46;213.53;0.47;78.32;251.47;0.67;25.79;240.92;0.47;132.63;173.62;178.11;166.58;156.06;179.2;11.75;22.23;168.25;157.77;111.23;489.36;1050.73;
39;0;254.62;168.68;0.79;256.28;166.57;0.77;252.51;166.57;0.8;258.84;167.17;0.72;250.1;167.32;0.74;264.87;176.82;0.77;244.67;176.97;0.72;268.94;188.57;0.77;241.05;188.57;0.72;271.2;200.48;0.78;241.35;199.43;0.73;258.69;204.4;0.69;249.34;204.1;0.7;259.89;221.88;0.74;247.99;221.73;0.74;259.74;239.22;0.74;246.93;240.72;0.69;171.66;161.1;175.56;178.78;163.43;165.83;31.72;27.08;148.28;152.92;71.29;6.92;2.29;
39;1;210.55;261.77;0.88;211.02;260.36;0.79;208.9;260.12;0.78;208.43;261.77;0.72;213.85;260.59;0.58;199.24;278.26;0.78;227.04;276.38;0.8;194.29;300.41;0.63;235.52;295.22;0.72;191.47;324.2;0.43;232.69;306.77;0.45;209.37;312.89;0.66;228.93;313.37;0.67;193.59;342.11;0.77;249.19;341.16;0.8;188.17;378.15;0.84;268.74;374.15;0.84;174.18;142.01;160.17;174.58;135.31;146.83;28.9;21.31;151.1;158.69;114.38;24.55;27.18;
39;2;38.79;194.63;0.31;36.83;195.41;0.31;45.44;196.19;0.26;30.17;192.28;0.46;49.35;175.84;0.41;28.61;262.73;0.58;52.88;261.55;0.53;22.35;181.32;0.57;70.1;190.71;0.52;32.13;163.32;0.51;61.49;169.58;0.52;33.7;319.87;0.52;32.52;322.22;0.47;5.13;359.79;0.45;48.18;358.23;0.57;20.78;337.48;0.36;53.27;401.28;0.46;147.08;144.17;0.53;163.24;139.32;137.96;179.31;175.12;0.69;4.88;174.76;3290.0;1999.92;
39;3;133.45;144.74;0.36;135.05;144.22;0.32;133.06;143.9;0.32;136.4;143.39;0.39;132.42;143.71;0.34;140.06;146.92;0.46;130.56;147.31;0.43;141.41;151.93;0.38;128.96;151.67;0.39;141.47;156.23;0.23;126.77;157.19;0.31;137.69;160.34;0.32;132.68;160.02;0.29;132.74;167.91;0.23;127.35;167.21;0.21;130.56;174.39;0.33;125.49;173.5;0.32;165.79;178.61;165.48;159.94;156.91;134.0;25.11;29.65;154.89;150.35;29.21;3313.75;2004.67;cocking_backswing
39;4;53.87;135.24;0.71;56.78;133.68;0.86;52.75;132.56;0.83;61.26;136.14;0.62;49.84;194.77;0.42;60.81;152.48;0.61;48.05;144.64;0.56;56.78;172.84;0.42;40.0;158.07;0.44;36.42;180.67;0.35;35.3;164.56;0.4;56.78;184.7;0.49;42.01;182.91;0.48;67.3;215.58;0.61;38.43;213.12;0.43;78.49;251.61;0.67;25.01;240.87;0.44;122.23;175.05;178.44;160.94;154.07;177.79;4.06;21.99;175.94;158.01;110.99;57.68;23.18;
40;0;246.52;169.03;0.81;248.19;166.76;0.77;244.55;166.91;0.81;250.46;167.37;0.78;242.13;167.52;0.83;256.36;176.9;0.77;236.38;177.05;0.73;260.6;188.25;0.77;232.9;188.56;0.73;263.02;200.66;0.77;233.2;199.76;0.73;250.76;203.84;0.69;241.68;203.69;0.7;251.97;221.25;0.74;239.71;221.25;0.74;251.52;238.66;0.75;238.5;240.32;0.7;170.57;161.61;174.53;177.24;164.28;162.36;32.21;28.08;147.79;151.92;70.46;245.67;245.06;
40;1;203.06;262.67;0.83;204.31;260.67;0.72;203.06;260.67;0.71;203.31;262.42;0.63;207.3;261.92;0.58;190.84;278.88;0.76;219.52;277.13;0.75;183.36;303.07;0.58;226.5;299.08;0.64;185.6;323.76;0.29;233.73;315.53;0.43;200.32;315.78;0.62;221.76;316.03;0.65;185.85;340.97;0.72;242.71;341.47;0.77;180.12;376.88;0.78;262.91;374.14;0.81;156.63;173.93;159.21;172.26;135.73;143.83;31.59;14.35;148.41;165.65;112.84;176.56;265.1;
40;2;127.37;153.89;0.2;128.42;144.26;0.19;125.21;150.55;0.18;129.86;142.95;0.23;122.46;153.49;0.21;132.61;146.29;0.25;123.11;146.88;0.22;134.05;153.04;0.23;120.88;153.3;0.21;132.87;156.05;0.16;120.16;156.12;0.18;131.1;160.18;0.19;125.8;160.24;0.19;124.81;167.32;0.12;123.96;166.99;0.15;122.72;173.61;0.21;121.41;173.67;0.24;146.57;175.22;157.06;174.28;144.82;153.43;18.25;30.5;161.75;149.5;19.75;3033.57;1808.14;
40;3;47.09;135.73;0.87;50.09;134.37;0.87;45.46;133.0;0.86;53.91;137.09;0.73;44.37;133.0;0.47;52.82;153.71;0.72;42.73;142.54;0.69;43.28;172.24;0.68;33.74;159.16;0.5;29.38;180.96;0.62;27.75;166.52;0.57;52.0;185.59;0.67;38.65;184.5;0.62;60.45;217.75;0.76;28.02;215.3;0.63;70.26;249.09;0.78;30.47;246.63;0.58;149.34;169.24;177.34;156.48;163.81;166.52;25.77;22.85;154.23;157.15;112.13;3447.65;2987.43;
40;4;36.17;193.8;0.47;30.63;193.4;0.43;37.75;193.4;0.44;28.26;192.61;0.56;41.71;191.82;0.51;21.93;202.1;0.55;45.66;204.08;0.56;18.37;179.16;0.55;63.06;190.24;0.54;25.09;161.76;0.51;54.36;167.69;0.5;24.3;251.15;0.54;41.71;252.34;0.51;19.56;357.95;0.36;40.52;357.55;0.55;19.56;333.82;0.39;44.87;400.27;0.49;150.05;107.4;2.54;173.54;174.68;175.96;173.95;133.19;6.05;46.81;173.25;662.1;580.24;
40;5;46.94;135.18;0.36;46.94;132.74;0.35;46.94;132.64;0.35;46.94;136.15;0.15;41.98;134.35;0.21;46.94;151.58;0.26;46.94;146.27;0.15;39.64;165.84;0.19;30.4;147.49;0.12;27.48;165.84;0.19;26.84;152.21;0.21;46.94;165.84;0.31;37.75;165.84;0.3;46.94;165.84;0.13;33.56;165.84;0.14;46.94;165.84;0.14;26.89;165.84;0.17;117.11;131.17;90.0;179.98;90.0;115.18;27.11;60.61;152.89;119.39;30.66;7483.34;6321.69;
41;0;196.5;263.0;0.75;197.79;261.44;0.66;195.98;262.22;0.67;195.98;263.0;0.57;199.35;263.78;0.55;183.79;279.34;0.66;212.57;278.3;0.67;172.12;301.12;0.54;223.21;297.75;0.5;186.12;299.04;0.26;227.1;301.12;0.46;193.12;315.12;0.52;213.87;314.34;0.56;177.83;341.83;0.71;235.91;341.31;0.74;172.9;373.99;0.74;255.36;372.17;0.77;53.39;159.58;158.91;172.96;135.57;142.8;42.8;26.6;137.2;153.4;110.08;3750.33;3049.9;
41;1;238.64;169.28;0.8;240.29;167.03;0.76;236.68;167.03;0.8;242.55;167.63;0.78;234.12;167.78;0.81;248.41;176.81;0.77;228.41;177.26;0.73;252.62;188.39;0.76;224.95;188.84;0.72;255.03;201.02;0.76;225.1;199.97;0.71;242.85;203.73;0.68;233.67;203.58;0.69;244.05;221.63;0.73;232.17;221.63;0.72;243.6;238.93;0.74;230.96;239.83;0.69;170.8;162.59;174.66;179.02;164.48;163.93;31.66;27.94;148.34;152.06;70.09;4235.37;3480.63;
41;2;39.49;136.16;0.89;42.44;135.08;0.9;38.68;132.93;0.89;47.01;138.04;0.85;37.33;132.93;0.68;43.79;154.98;0.71;37.33;141.0;0.67;34.65;172.72;0.54;39.49;125.4;0.71;20.4;177.83;0.49;36.8;112.5;0.75;43.52;185.89;0.69;30.34;184.28;0.61;53.2;217.35;0.75;19.05;213.32;0.58;63.41;249.88;0.76;16.36;244.24;0.52;136.98;160.38;179.67;163.72;162.4;167.92;26.76;178.68;153.24;1.32;110.9;3440.91;2825.89;
41;3;118.79;143.62;0.25;120.61;143.41;0.22;118.11;150.5;0.22;121.28;142.47;0.29;117.37;142.0;0.25;124.18;146.31;0.35;115.75;146.31;0.34;125.53;152.32;0.28;113.8;151.51;0.29;124.79;155.96;0.2;112.31;156.03;0.24;121.96;159.81;0.24;117.1;159.67;0.24;116.97;167.43;0.19;115.75;166.96;0.19;115.35;173.16;0.26;114.54;173.1;0.25;155.82;177.54;162.55;179.3;156.15;163.74;22.03;26.41;157.97;153.59;29.51;2962.38;2559.36;
41;4;20.55;264.88;0.34;15.28;264.88;0.33;17.54;260.74;0.33;19.05;267.89;0.38;37.12;271.28;0.34;12.27;269.39;0.51;34.86;275.04;0.53;15.28;304.4;0.34;37.87;300.64;0.43;20.93;167.39;0.43;31.09;331.13;0.44;10.39;328.87;0.49;22.06;329.62;0.54;3.61;362.75;0.43;32.97;358.98;0.66;38.24;402.65;0.45;37.87;399.26;0.72;7.28;160.76;127.73;166.53;170.5;146.41;6.73;19.91;173.27;160.09;136.08;210.23;4958.27;
41;5;25.58;266.94;0.69;24.23;265.06;0.59;25.31;264.52;0.7;13.48;265.87;0.57;22.08;265.6;0.75;16.71;280.65;0.63;24.23;281.19;0.74;21.28;303.5;0.38;28.0;303.77;0.48;17.51;316.67;0.34;25.31;323.12;0.36;14.82;330.92;0.62;19.66;330.65;0.69;32.56;359.14;0.63;33.64;359.41;0.77;37.13;399.46;0.63;37.94;398.92;0.8;152.74;162.63;154.31;160.29;145.7;148.8;13.45;14.74;166.55;165.26;132.25;4540.08;5133.47;
42;0;196.62;263.01;0.75;197.92;261.45;0.67;196.11;261.97;0.68;196.37;262.75;0.59;199.73;263.26;0.57;183.94;279.06;0.66;212.42;277.76;0.67;171.77;300.8;0.54;223.03;296.4;0.51;186.27;297.44;0.28;227.95;299.51;0.47;193.0;314.78;0.53;213.71;314.27;0.57;177.98;341.97;0.71;236.23;341.71;0.74;173.07;374.07;0.73;255.39;372.0;0.77;47.7;151.93;159.8;172.93;136.85;142.65;43.46;27.63;136.54;152.37;110.03;48.43;54.72;
42;1;238.65;169.36;0.81;240.31;167.1;0.77;236.69;167.1;0.81;242.42;167.7;0.78;234.12;167.85;0.81;248.3;176.91;0.76;228.24;177.21;0.73;252.53;188.22;0.76;224.92;188.83;0.72;254.94;200.75;0.76;225.22;199.84;0.71;242.72;203.76;0.68;233.67;203.61;0.69;244.08;221.57;0.72;232.16;221.72;0.72;243.47;238.92;0.74;230.95;239.98;0.69;170.44;162.49;173.65;179.02;163.9;163.61;32.21;27.57;147.79;152.43;70.09;8.71;5.26;
42;2;39.29;136.15;0.89;42.52;135.08;0.89;38.75;132.92;0.9;47.09;138.04;0.85;37.41;132.92;0.7;43.87;154.45;0.71;37.68;141.0;0.68;35.52;173.02;0.58;39.56;125.39;0.72;20.99;180.28;0.51;36.87;112.21;0.77;43.6;185.93;0.69;30.41;184.32;0.62;53.28;217.15;0.75;19.11;212.84;0.59;63.24;249.7;0.77;16.42;243.52;0.53;140.76;161.58;179.76;163.4;162.27;167.91;23.7;177.36;156.3;2.64;110.46;75.83;9.02;
42;3;118.49;143.15;0.28;119.94;142.87;0.24;117.59;143.08;0.22;118.35;142.04;0.33;117.59;141.63;0.28;124.22;146.47;0.41;115.58;146.26;0.42;125.61;152.21;0.33;113.79;150.82;0.37;125.95;156.77;0.24;111.85;156.35;0.3;121.74;160.09;0.27;117.17;159.81;0.28;116.83;167.76;0.24;115.51;167.48;0.24;114.96;173.36;0.29;114.48;173.29;0.28;170.78;177.79;165.83;177.92;157.75;161.11;23.9;28.19;156.1;151.81;30.17;42.46;16.96;
42;4;20.77;232.84;0.32;15.12;231.33;0.32;25.67;256.95;0.29;20.02;267.49;0.37;37.72;271.26;0.34;11.35;268.62;0.52;36.21;273.9;0.53;13.24;303.28;0.34;37.34;300.26;0.41;18.51;167.67;0.44;40.73;331.15;0.4;9.47;327.38;0.49;21.9;328.89;0.54;3.07;360.53;0.44;32.82;358.27;0.66;37.72;401.97;0.46;37.72;398.95;0.71;5.34;176.19;129.16;166.47;170.9;145.02;4.95;17.04;175.05;162.96;167.62;73.14;289.61;
42;5;26.81;266.36;0.69;24.24;262.65;0.58;24.81;263.22;0.71;21.95;263.79;0.45;22.24;264.08;0.66;11.66;279.8;0.6;24.81;280.66;0.74;28.81;300.38;0.36;31.38;304.67;0.45;17.09;316.1;0.32;27.38;323.24;0.35;12.8;331.53;0.59;19.66;330.96;0.7;32.24;358.4;0.54;33.38;358.97;0.76;37.1;397.85;0.52;38.24;397.85;0.83;103.49;152.53;151.14;161.03;145.38;148.07;38.54;21.15;141.46;158.85;131.48;21.28;62.44;
42;6;39.79;136.07;0.62;42.56;133.94;0.62;38.37;133.15;0.68;45.19;136.85;0.32;35.32;133.72;0.47;45.19;148.14;0.27;32.12;145.94;0.32;45.19;172.93;0.18;24.87;159.58;0.24;45.19;181.38;0.23;17.35;168.17;0.27;45.19;181.38;0.3;25.58;181.38;0.2;45.19;181.38;0.23;4.35;181.38;0.16;45.19;181.38;0.26;4.35;181.38;0.24;179.99;166.76;90.0;90.0;90.0;100.45;0.0;17.53;180.0;162.47;45.31;3712.15;4392.09;
43;0;230.54;169.27;0.82;232.22;167.14;0.78;228.56;167.14;0.81;234.35;167.74;0.77;226.12;167.9;0.82;240.29;177.19;0.76;220.34;177.19;0.73;244.56;188.46;0.76;216.83;188.62;0.71;246.69;200.65;0.75;217.14;199.74;0.72;234.66;204.16;0.7;225.67;204.0;0.7;236.33;221.83;0.73;223.99;221.98;0.73;235.42;239.04;0.74;222.77;240.11;0.69;169.2;161.38;171.54;178.52;162.78;163.43;32.53;28.3;147.47;151.7;70.31;3426.95;3014.18;
43;1;189.99;265.48;0.74;191.47;263.51;0.64;189.75;263.76;0.62;190.24;264.99;0.56;192.7;264.0;0.51;176.46;280.49;0.62;204.76;278.52;0.61;166.61;303.63;0.54;211.9;302.89;0.47;169.32;315.69;0.3;221.74;311.26;0.45;183.84;318.39;0.48;205.01;317.41;0.48;170.06;342.02;0.66;229.86;341.53;0.69;165.14;375.0;0.75;249.8;372.78;0.77;144.3;146.69;158.23;166.67;138.72;134.5;34.07;15.96;145.93;164.04;108.41;4304.77;3347.97;
43;2;32.06;136.94;0.84;35.6;135.58;0.82;31.51;133.4;0.84;40.24;138.85;0.77;29.33;133.4;0.69;36.69;154.12;0.74;28.51;142.13;0.74;25.52;173.75;0.61;29.06;158.49;0.51;12.7;179.75;0.57;28.24;113.22;0.58;36.42;185.75;0.71;24.42;183.3;0.64;45.42;216.02;0.75;16.52;212.2;0.68;56.33;249.83;0.77;14.61;244.37;0.58;144.74;0.87;178.68;168.09;162.95;170.37;29.17;7.58;150.83;172.42;110.16;249.62;260.94;
43;3;109.18;143.85;0.28;112.22;143.66;0.22;109.83;143.33;0.19;110.35;142.3;0.33;111.25;142.1;0.29;116.81;146.37;0.43;107.69;146.31;0.45;117.59;151.35;0.38;106.08;151.22;0.4;119.53;156.72;0.25;103.94;156.79;0.36;114.16;160.21;0.29;109.96;160.09;0.3;109.12;168.49;0.23;107.89;167.65;0.23;107.44;173.99;0.3;106.47;173.54;0.29;168.99;177.22;165.65;178.29;159.49;155.37;19.7;27.54;160.3;152.46;29.91;192.89;237.86;
43;4;28.85;229.91;0.33;18.22;197.65;0.32;22.4;199.55;0.34;17.08;188.92;0.39;19.36;232.19;0.37;12.91;261.04;0.45;26.95;269.77;0.46;25.81;303.17;0.3;49.35;188.92;0.45;14.8;167.66;0.42;40.24;168.42;0.47;8.73;321.39;0.4;12.91;322.53;0.45;20.5;357.83;0.42;24.29;355.93;0.59;30.37;401.86;0.47;29.99;397.3;0.69;12.39;140.56;174.74;169.01;158.15;146.27;20.99;179.42;159.01;0.58;169.67;111.31;4887.57;
43;5;21.2;255.48;0.38;24.12;244.28;0.28;23.15;244.28;0.39;11.71;257.43;0.42;16.09;258.64;0.49;19.5;270.57;0.53;20.23;273.74;0.76;21.69;313.67;0.66;20.96;313.67;0.78;14.63;323.9;0.62;13.9;323.41;0.74;10.73;326.33;0.46;12.19;327.79;0.66;25.58;358.47;0.56;25.83;358.23;0.74;29.72;401.57;0.54;30.21;399.13;0.81;142.47;143.01;160.68;161.98;146.26;147.41;11.84;9.5;168.16;170.5;144.87;245.62;405.08;
44;0;222.61;169.31;0.81;224.28;167.19;0.77;220.63;167.19;0.8;226.55;167.64;0.77;218.05;167.8;0.82;232.32;177.21;0.76;212.29;177.36;0.72;236.57;188.59;0.75;209.1;188.89;0.7;238.85;200.73;0.75;209.25;199.97;0.71;226.71;204.07;0.69;217.9;204.07;0.7;228.68;221.98;0.73;216.23;222.14;0.73;227.77;238.98;0.74;215.02;240.05;0.69;170.15;163.77;170.65;178.6;161.91;162.85;32.28;27.32;147.72;152.68;70.2;235.6;236.99;
44;1;105.53;137.17;0.22;105.53;144.2;0.19;103.71;143.57;0.16;102.58;142.82;0.29;102.33;142.57;0.26;108.92;146.14;0.39;100.07;146.21;0.4;109.93;151.29;0.33;98.0;151.04;0.33;111.94;156.12;0.22;96.56;156.12;0.3;106.35;160.01;0.23;101.89;159.89;0.25;101.39;166.98;0.19;100.14;166.98;0.21;99.76;173.57;0.27;98.19;173.57;0.28;168.47;172.65;158.47;177.47;155.07;158.51;21.55;30.78;158.45;149.22;36.4;5092.97;5987.18;
44;2;184.39;265.89;0.76;186.16;263.36;0.65;184.13;264.12;0.64;182.11;265.64;0.55;187.17;265.13;0.52;170.46;282.1;0.65;199.07;279.56;0.64;163.12;306.91;0.57;209.2;305.9;0.54;161.85;322.36;0.32;218.32;327.93;0.51;177.8;323.37;0.52;197.55;323.87;0.51;162.86;342.87;0.68;223.89;341.35;0.71;157.04;377.3;0.76;244.4;373.76;0.76;168.2;178.56;152.14;155.89;132.45;121.6;26.57;23.0;153.43;157.0;109.64;6197.79;8612.52;cocking_backswing
44;3;24.29;137.32;0.85;27.54;135.15;0.84;23.21;133.8;0.85;32.42;137.59;0.88;20.77;133.53;0.78;31.06;153.58;0.75;19.41;144.91;0.72;23.48;171.47;0.62;16.97;160.63;0.51;11.55;176.88;0.54;19.68;171.19;0.46;29.71;184.74;0.71;18.6;183.93;0.66;38.38;215.09;0.77;13.72;213.2;0.69;48.41;248.97;0.77;12.37;245.17;0.61;137.43;156.8;179.46;172.96;161.57;171.73;20.5;7.63;159.5;172.37;109.75;3299.11;2567.45;
44;4;286.19;327.16;0.21;287.82;310.2;0.19;281.62;327.16;0.14;272.99;249.27;0.19;273.19;249.27;0.22;287.0;249.27;0.34;282.64;249.27;0.38;292.69;249.27;0.53;281.62;249.27;0.48;281.42;267.45;0.38;280.4;265.21;0.47;289.44;249.27;0.44;282.33;249.27;0.41;276.34;278.92;0.7;287.71;280.45;0.48;288.22;306.55;0.6;290.46;311.62;0.47;58.2;94.37;132.89;175.23;66.17;80.21;0.02;0.15;179.98;179.85;18.08;8550.13;7777.1;peak_hand_velocity
44;5;15.47;191.07;0.55;16.62;188.01;0.62;15.47;188.01;0.71;17.0;188.01;0.62;12.4;191.07;0.61;22.36;205.63;0.62;21.6;205.24;0.66;41.9;188.77;0.61;41.52;188.01;0.8;28.49;167.7;0.55;32.32;168.85;0.63;13.55;275.73;0.52;13.93;276.5;0.55;10.87;336.26;0.63;12.02;335.88;0.68;22.36;396.03;0.7;22.36;395.26;0.75;98.31;105.23;166.58;168.27;175.37;175.71;137.95;137.01;42.05;42.99;204.57;4709.75;4675.04;take_off
44;6;219.69;238.95;0.49;220.31;239.96;0.25;220.7;239.26;0.42;209.68;237.01;0.42;218.29;239.03;0.51;204.17;243.14;0.32;209.14;252.53;0.36;192.76;252.84;0.26;196.64;265.8;0.2;192.68;267.28;0.29;191.91;269.99;0.28;183.21;281.87;0.42;194.08;281.87;0.43;196.33;281.87;0.19;183.21;281.87;0.2;195.94;281.87;0.11;227.84;281.87;0.11;130.68;174.79;0.04;0.0;61.58;117.17;21.21;16.11;158.79;163.89;42.92;5126.42;6069.65;
45;0;214.77;169.45;0.81;216.45;167.16;0.78;212.79;167.16;0.81;218.75;167.62;0.77;210.19;167.77;0.81;224.55;177.09;0.76;204.54;177.4;0.72;228.68;188.7;0.75;201.33;189.01;0.71;230.81;200.92;0.75;201.48;200.01;0.71;218.9;204.28;0.69;209.88;204.13;0.7;221.04;222.01;0.73;208.51;222.16;0.73;219.97;238.97;0.74;207.75;240.03;0.69;170.37;163.76;169.51;178.09;161.38;164.33;31.3;26.76;148.7;153.24;70.05;241.34;233.32;
45;1;95.98;143.56;0.22;97.58;143.69;0.19;95.12;150.68;0.17;94.65;142.56;0.26;94.25;142.23;0.23;101.1;145.89;0.33;92.19;146.02;0.34;102.3;151.41;0.26;90.66;151.21;0.28;102.9;155.86;0.2;88.74;155.86;0.24;98.64;159.58;0.23;94.19;159.52;0.23;93.72;166.7;0.17;92.66;166.77;0.19;91.99;173.01;0.23;91.46;172.95;0.24;175.41;173.93;160.64;179.04;155.52;159.68;22.42;24.84;157.58;155.16;29.42;271.59;235.11;
45;2;17.11;137.51;0.78;20.02;135.33;0.85;15.89;134.6;0.83;24.14;137.27;0.7;13.47;134.6;0.6;25.11;151.82;0.62;12.26;148.18;0.54;25.59;170.0;0.48;29.47;169.03;0.38;31.9;174.61;0.39;32.38;174.13;0.39;22.2;188.92;0.58;13.23;188.67;0.55;31.66;217.53;0.65;10.56;217.77;0.54;42.08;251.48;0.71;14.44;252.45;0.54;127.69;170.2;178.78;168.38;157.23;173.39;6.01;38.17;173.99;141.83;114.45;5909.82;7247.46;
45;3;271.98;219.89;0.68;274.32;216.48;0.66;271.98;217.92;0.67;278.81;217.92;0.58;271.08;218.64;0.35;288.33;233.37;0.67;273.24;232.83;0.69;285.82;250.08;0.55;272.34;249.72;0.72;269.29;268.95;0.55;268.93;261.4;0.55;287.97;263.73;0.62;281.14;263.2;0.5;268.39;280.8;0.71;281.32;283.68;0.68;280.61;307.94;0.72;287.25;307.76;0.71;147.34;166.75;106.83;166.67;131.75;165.91;7.88;17.64;172.12;162.36;87.95;8219.94;7961.16;peak_hand_velocity
45;4;178.25;266.35;0.8;180.81;264.81;0.66;177.74;265.83;0.66;178.5;265.83;0.43;180.04;266.09;0.48;163.66;283.49;0.73;193.6;280.68;0.67;157.26;308.31;0.63;203.84;303.96;0.59;156.24;324.94;0.39;212.54;324.18;0.34;172.11;320.08;0.48;194.37;317.78;0.45;155.98;342.6;0.73;217.91;343.37;0.7;150.1;375.1;0.8;237.87;372.54;0.79;169.07;179.56;154.67;171.77;131.41;138.57;27.45;22.54;152.55;157.46;107.48;4137.37;2700.25;
46;0;214.72;169.51;0.82;216.4;167.22;0.78;212.74;167.22;0.81;218.69;167.68;0.77;210.3;167.83;0.82;224.48;177.14;0.76;204.5;177.29;0.73;228.6;188.73;0.76;201.3;188.88;0.7;230.89;201.09;0.75;201.6;199.87;0.71;218.84;204.29;0.7;209.84;204.14;0.7;220.97;221.98;0.73;208.47;222.29;0.73;219.91;238.91;0.74;207.7;239.98;0.69;170.93;162.96;169.51;178.14;161.38;164.43;31.3;26.69;148.7;153.31;69.93;5.34;5.57;
46;1;96.54;153.8;0.22;97.59;152.75;0.18;95.3;150.98;0.2;98.51;142.93;0.23;92.09;153.34;0.23;101.19;145.94;0.28;92.42;146.0;0.27;102.7;152.49;0.21;90.39;151.7;0.22;103.48;156.09;0.18;88.68;156.15;0.21;99.1;159.95;0.19;94.32;160.15;0.2;93.6;166.96;0.12;92.35;166.96;0.16;91.76;173.45;0.21;91.5;173.38;0.24;179.36;178.69;157.66;171.47;150.37;156.26;21.46;27.26;158.54;152.74;19.62;18.94;8.95;
46;2;17.29;137.52;0.78;19.93;135.37;0.86;15.86;134.65;0.83;23.99;137.28;0.73;13.47;134.89;0.63;24.95;151.15;0.62;13.71;148.52;0.53;26.62;169.33;0.49;29.49;169.09;0.39;32.12;187.51;0.41;32.84;174.59;0.41;22.32;188.94;0.59;13.95;188.7;0.55;31.41;217.65;0.65;10.12;217.89;0.55;41.93;251.61;0.71;41.45;253.05;0.56;168.42;173.82;179.64;130.82;158.45;172.19;9.24;37.16;170.76;142.84;114.81;387.45;19.68;
46;3;271.68;220.07;0.7;274.2;216.82;0.66;271.86;217.9;0.68;278.9;218.26;0.58;270.59;218.62;0.36;287.92;233.43;0.68;273.12;232.7;0.71;286.48;249.85;0.58;272.4;249.31;0.73;269.69;269.17;0.55;268.79;261.59;0.55;288.1;263.75;0.64;281.61;263.21;0.51;268.07;280.54;0.73;281.24;283.79;0.69;280.52;307.98;0.73;287.74;307.98;0.73;144.03;166.1;105.54;163.96;129.62;163.45;5.37;18.03;174.63;161.97;87.91;13.91;7.01;
46;4;177.94;265.86;0.8;180.5;264.58;0.66;177.69;265.35;0.67;178.71;265.09;0.48;179.48;265.6;0.51;163.1;282.75;0.73;192.78;280.44;0.67;157.22;306.54;0.63;202.5;304.24;0.59;156.45;321.64;0.39;212.48;324.71;0.36;171.8;317.29;0.46;193.04;316.52;0.44;156.2;342.61;0.72;218.11;343.38;0.7;150.06;373.83;0.79;237.3;372.04;0.79;169.02;176.24;159.49;170.78;134.22;137.38;28.03;21.82;151.97;158.18;107.07;99.61;15.95;
47;0;206.67;169.5;0.82;208.49;167.38;0.79;204.86;167.38;0.82;210.9;167.84;0.78;202.29;167.99;0.83;216.64;177.2;0.77;196.55;177.35;0.72;220.72;188.83;0.75;193.08;188.83;0.7;222.84;201.07;0.75;193.53;200.01;0.71;210.9;204.54;0.7;201.84;204.54;0.7;213.62;222.37;0.73;200.48;222.52;0.73;212.26;238.53;0.75;199.57;239.59;0.69;170.48;160.84;166.52;178.71;159.47;164.67;31.18;27.84;148.82;152.16;69.56;241.79;242.43;
47;1;264.05;220.32;0.67;266.24;217.4;0.65;263.87;217.77;0.68;271.17;219.05;0.61;263.32;219.05;0.43;281.02;232.36;0.61;264.42;231.63;0.58;282.66;252.98;0.49;262.41;249.51;0.62;258.39;267.94;0.46;256.57;262.65;0.55;282.48;261.92;0.6;273.36;259.91;0.49;260.58;279.98;0.54;271.53;282.35;0.54;272.81;307.53;0.59;277.73;306.8;0.62;117.1;162.44;105.6;161.11;126.7;157.81;1.73;23.95;178.27;156.05;86.84;5738.76;5971.36;
47;2;86.79;143.18;0.28;89.5;142.98;0.22;86.31;142.78;0.22;86.31;141.9;0.34;87.06;141.76;0.3;93.09;146.5;0.44;84.28;146.5;0.44;93.9;151.18;0.38;82.79;150.97;0.39;94.71;157.0;0.25;80.83;156.39;0.34;89.9;159.98;0.3;85.43;159.71;0.31;85.77;167.97;0.26;83.94;167.43;0.25;84.08;173.46;0.31;83.06;173.05;0.29;178.08;178.51;169.82;177.98;165.95;164.09;23.15;23.42;156.85;156.58;30.07;2091.26;1541.44;
47;3;12.34;137.01;0.7;13.43;134.82;0.73;11.24;134.82;0.65;15.84;135.48;0.86;13.43;135.92;0.64;17.15;149.71;0.75;17.59;148.83;0.7;20.88;167.01;0.73;21.53;167.01;0.65;26.13;184.08;0.67;26.13;184.08;0.66;17.59;189.99;0.58;16.28;189.34;0.55;24.6;218.68;0.69;24.82;218.89;0.66;34.45;251.08;0.72;34.67;251.08;0.69;175.04;177.17;176.81;179.09;166.9;162.03;11.52;14.09;168.48;165.91;114.07;7748.87;7650.95;
47;4;172.17;265.42;0.79;174.52;264.38;0.66;171.39;264.64;0.7;173.74;264.64;0.54;172.7;265.16;0.55;158.08;280.82;0.69;185.74;279.77;0.66;152.86;303.78;0.58;194.62;303.78;0.57;149.21;314.74;0.34;205.31;322.83;0.29;163.3;312.65;0.45;184.7;312.91;0.43;149.73;342.4;0.72;212.36;342.92;0.7;142.42;372.15;0.78;231.15;370.59;0.78;174.37;170.96;169.28;171.52;146.17;135.53;22.11;22.09;157.89;157.91;105.95;300.32;222.55;
48;0;198.75;169.54;0.82;200.44;167.25;0.79;196.76;167.25;0.82;202.73;167.71;0.76;194.31;168.01;0.81;208.55;177.05;0.77;188.49;177.51;0.73;212.69;188.84;0.76;185.28;189.29;0.71;214.83;201.24;0.75;185.59;200.17;0.71;203.04;204.76;0.7;193.85;204.76;0.71;205.95;222.52;0.73;192.63;222.83;0.74;204.57;238.75;0.74;192.02;239.67;0.69;170.48;163.13;165.84;178.2;159.45;165.0;30.57;26.38;149.43;153.62;69.66;240.58;238.71;
48;1;256.71;218.44;0.66;259.27;215.52;0.67;256.35;216.25;0.72;265.47;217.9;0.64;255.43;218.08;0.5;272.78;232.32;0.63;257.08;231.22;0.6;275.51;251.85;0.46;253.24;247.29;0.59;246.67;265.91;0.38;245.76;259.52;0.55;276.61;260.8;0.57;264.74;259.7;0.51;262.55;280.33;0.58;251.05;281.06;0.59;268.21;307.53;0.63;264.56;305.71;0.62;108.0;161.96;132.51;118.61;136.59;132.27;0.31;28.49;179.69;151.51;88.18;357.39;338.09;
48;2;79.1;143.92;0.25;81.35;143.59;0.2;78.76;143.65;0.19;78.43;142.39;0.31;78.17;142.19;0.26;85.34;146.71;0.4;76.44;146.71;0.4;86.46;151.55;0.35;75.05;151.49;0.34;87.46;157.0;0.21;72.33;156.73;0.28;82.88;160.25;0.27;78.17;160.18;0.27;78.17;168.01;0.21;76.31;167.48;0.21;76.18;173.86;0.29;75.91;173.52;0.27;177.26;168.83;167.57;169.49;159.03;158.42;23.39;23.56;156.61;156.44;29.77;217.85;255.56;
48;3;165.98;265.35;0.8;168.65;264.54;0.67;165.45;264.54;0.71;168.65;264.54;0.54;166.52;265.08;0.56;150.51;281.62;0.72;180.12;280.82;0.68;144.9;305.1;0.63;190.8;305.64;0.61;152.64;315.24;0.4;202.27;325.91;0.29;156.64;313.37;0.48;178.79;313.64;0.46;142.77;341.66;0.73;206.81;342.19;0.7;135.3;372.08;0.78;225.22;370.21;0.77;129.23;173.77;167.67;168.85;142.93;133.21;24.36;25.6;155.64;154.4;105.8;5473.24;6792.25;
48;4;13.88;134.03;0.32;13.5;147.11;0.29;16.57;147.5;0.27;-26.7;217.7;0.22;-32.09;218.66;0.24;9.27;134.03;0.49;12.73;134.03;0.42;12.15;160.38;0.57;12.15;158.84;0.47;16.57;177.11;0.52;15.42;166.54;0.45;10.61;182.88;0.44;12.73;183.46;0.4;15.81;211.73;0.65;16.38;211.73;0.59;26.96;250.2;0.69;27.54;251.35;0.7;171.44;155.64;174.03;171.64;171.37;172.64;4.67;1.33;175.33;178.67;116.74;5740.75;7386.84;
48;5;197.23;238.23;0.55;197.91;236.38;0.42;197.32;236.8;0.52;186.92;234.2;0.48;195.31;237.39;0.57;180.97;243.17;0.36;188.01;251.64;0.39;171.83;257.93;0.15;182.81;270.68;0.26;182.31;272.69;0.12;184.49;285.27;0.26;168.14;285.27;0.35;178.53;285.27;0.39;179.37;285.27;0.21;172.25;285.27;0.21;179.46;285.27;0.16;172.66;285.27;0.15;112.85;158.17;179.92;0.05;73.05;105.74;14.82;0.46;165.18;179.54;47.04;5593.41;5754.41;
49;0;196.14;169.54;0.82;197.96;167.42;0.79;194.32;167.42;0.81;200.23;167.72;0.76;191.74;168.02;0.8;205.84;177.12;0.76;185.83;177.27;0.73;210.09;188.79;0.75;182.64;189.1;0.7;212.06;201.23;0.75;182.95;200.32;0.7;200.53;204.56;0.69;191.29;204.56;0.7;203.87;222.61;0.72;190.07;222.61;0.72;202.2;238.22;0.74;189.16;239.29;0.69;169.03;163.38;163.43;179.28;158.58;164.84;30.93;26.38;149.07;153.62;69.22;83.23;79.42;
49;1;254.72;219.18;0.71;257.29;216.06;0.69;253.44;216.24;0.75;263.17;218.26;0.62;252.15;217.89;0.47;269.41;232.58;0.71;254.54;230.74;0.69;265.37;252.96;0.57;249.22;246.16;0.68;256.38;266.54;0.46;240.77;256.26;0.67;275.84;259.56;0.65;263.9;258.83;0.59;258.03;279.76;0.61;247.75;280.68;0.67;265.92;307.66;0.67;262.07;305.64;0.65;157.7;159.14;122.8;113.68;125.2;125.08;24.6;37.48;155.4;142.52;87.48;292.12;178.93;
49;2;79.81;144.1;0.25;82.0;144.35;0.22;96.51;143.73;0.19;76.75;142.79;0.32;76.62;142.67;0.32;83.06;146.23;0.46;74.0;146.29;0.47;83.88;151.42;0.41;72.18;151.11;0.41;86.07;156.8;0.24;70.56;156.05;0.36;79.44;160.11;0.3;75.31;159.86;0.33;75.31;168.18;0.26;73.93;167.18;0.27;73.81;173.56;0.34;71.74;173.06;0.32;166.76;177.58;168.5;170.23;167.55;163.82;23.54;26.17;156.46;153.83;29.21;42.3;56.98;
49;3;164.76;266.04;0.78;167.19;264.96;0.61;163.94;265.5;0.67;168.28;264.96;0.54;164.21;265.77;0.51;149.32;282.3;0.65;180.74;280.94;0.63;143.36;306.95;0.54;192.11;305.59;0.57;150.94;315.61;0.31;207.83;327.26;0.26;156.36;313.99;0.43;178.57;313.99;0.42;140.92;339.99;0.67;206.47;342.16;0.64;133.33;372.5;0.74;224.62;370.6;0.73;125.22;168.83;162.43;167.82;136.77;131.53;26.12;28.53;153.88;151.47;105.51;52.28;171.67;
49;4;194.66;237.9;0.57;195.09;235.48;0.46;194.31;235.83;0.58;184.04;233.41;0.5;192.07;236.17;0.58;176.79;242.65;0.37;186.8;250.85;0.45;166.6;257.84;0.2;184.47;269.5;0.31;181.88;272.69;0.15;187.23;285.55;0.4;165.82;285.55;0.37;178.69;285.55;0.39;176.53;285.55;0.19;155.29;285.55;0.2;176.7;285.55;0.13;204.93;285.55;0.12;100.34;163.11;179.94;0.0;75.67;103.16;19.51;6.04;160.49;173.96;47.65;5735.04;6277.5;
50;0;193.66;169.47;0.81;195.48;167.19;0.78;191.84;167.19;0.8;197.75;167.65;0.75;189.11;167.95;0.79;203.36;177.05;0.77;183.2;177.5;0.72;207.46;189.18;0.75;180.01;189.33;0.69;209.58;201.61;0.77;180.47;200.4;0.71;198.51;204.49;0.68;188.96;204.49;0.69;202.0;222.38;0.73;187.59;222.54;0.73;199.88;238.15;0.75;186.84;239.21;0.68;171.04;162.58;161.3;178.28;158.94;163.62;28.68;27.12;151.32;152.88;69.22;75.28;74.44;
50;1;254.16;216.12;0.74;255.48;214.04;0.75;252.46;214.42;0.78;258.69;216.49;0.55;258.31;216.12;0.4;252.84;231.22;0.6;267.57;228.77;0.64;247.74;247.65;0.49;272.29;244.63;0.51;235.84;252.56;0.56;238.11;251.05;0.4;268.32;260.69;0.68;274.18;259.74;0.61;248.3;280.33;0.62;244.34;281.84;0.59;262.84;309.97;0.66;263.41;308.84;0.66;129.67;84.06;108.33;91.29;106.73;114.47;44.97;4.53;135.03;175.47;93.29;746.11;175.68;
50;2;73.72;143.99;0.27;79.46;143.79;0.22;74.45;143.4;0.2;73.33;142.41;0.33;74.18;142.34;0.29;80.26;146.56;0.44;71.35;146.7;0.45;81.44;151.45;0.39;69.96;151.38;0.4;82.37;157.26;0.25;67.39;156.73;0.33;77.42;160.29;0.29;73.13;160.03;0.3;73.26;168.14;0.24;71.21;167.62;0.24;71.08;174.28;0.32;67.65;173.09;0.3;175.37;170.77;171.64;161.11;163.78;158.23;25.35;24.09;154.65;155.91;29.7;111.9;97.32;
50;3;186.54;265.78;0.5;185.44;231.43;0.54;185.99;232.53;0.55;173.08;264.95;0.45;187.64;235.28;0.4;167.86;245.72;0.5;182.42;252.04;0.48;160.71;269.07;0.48;187.36;299.3;0.39;179.12;277.86;0.31;196.98;290.78;0.35;156.87;286.66;0.48;176.65;290.23;0.46;140.38;336.39;0.66;203.57;337.49;0.67;131.31;369.63;0.73;223.36;368.26;0.73;98.52;54.44;176.92;176.94;176.69;141.74;1.98;14.57;178.02;165.43;103.17;1414.9;1143.19;
50;4;192.43;238.14;0.5;192.34;235.28;0.4;191.98;235.63;0.57;180.97;232.95;0.58;189.29;235.28;0.62;173.54;241.72;0.48;184.37;249.42;0.5;187.23;257.47;0.22;186.43;268.39;0.46;189.56;272.33;0.23;192.6;278.78;0.45;164.32;275.91;0.44;175.96;277.97;0.43;192.69;285.67;0.19;204.33;285.67;0.26;188.04;285.67;0.14;204.33;285.67;0.14;147.9;155.45;18.98;90.0;93.89;88.76;56.09;22.61;123.91;157.39;47.53;230.96;259.7;
51;0;191.02;169.45;0.81;192.82;167.19;0.77;189.21;167.19;0.79;195.24;167.64;0.74;186.5;167.94;0.78;200.81;177.13;0.77;180.62;177.28;0.73;204.73;189.04;0.75;177.46;189.19;0.69;206.84;201.54;0.77;177.91;200.49;0.71;195.84;204.1;0.68;186.19;204.26;0.68;199.91;222.64;0.74;184.69;222.64;0.73;197.19;237.86;0.75;183.63;239.36;0.68;171.36;162.82;157.51;178.92;157.17;163.64;28.66;26.57;151.34;153.43;69.16;82.43;76.97;
51;1;252.19;214.45;0.73;254.1;212.15;0.74;250.47;212.73;0.78;258.88;214.45;0.6;249.32;214.45;0.43;262.13;229.94;0.64;249.51;228.21;0.6;266.91;246.76;0.46;241.67;241.79;0.49;231.34;247.91;0.45;231.92;246.19;0.5;268.06;259.77;0.71;259.64;259.19;0.64;251.04;280.03;0.7;241.29;281.18;0.73;261.17;309.48;0.71;258.5;307.76;0.68;75.99;144.28;120.99;107.22;128.74;122.03;4.62;48.12;175.38;131.88;94.18;194.35;236.41;
51;2;70.01;142.78;0.28;70.9;143.73;0.19;91.58;143.41;0.2;71.47;142.14;0.34;72.55;142.14;0.31;78.13;146.4;0.48;69.31;146.27;0.48;79.21;151.09;0.44;67.54;150.96;0.42;80.41;156.16;0.29;65.57;156.16;0.38;75.15;160.03;0.32;70.84;159.84;0.33;70.2;167.9;0.28;69.19;167.46;0.27;68.68;173.8;0.37;67.73;173.04;0.33;179.58;179.98;162.3;177.58;160.16;161.38;25.27;27.12;154.73;152.88;30.64;67.22;57.14;
51;3;165.33;266.38;0.46;167.24;217.27;0.42;183.88;217.27;0.45;171.6;265.56;0.46;184.97;238.01;0.37;165.05;246.74;0.5;180.61;251.1;0.52;160.14;266.65;0.45;191.79;277.02;0.39;172.42;277.02;0.33;203.8;280.84;0.43;153.32;286.84;0.49;173.51;289.3;0.48;139.41;335.96;0.6;202.71;335.68;0.6;129.31;369.24;0.7;221.8;367.61;0.69;116.33;130.99;178.95;178.7;179.51;137.29;2.45;33.86;177.55;146.14;102.04;202.85;361.89;
52;0;191.02;169.46;0.81;192.83;167.2;0.77;189.21;167.2;0.79;195.24;167.65;0.74;186.49;167.95;0.78;200.82;177.16;0.77;180.61;177.31;0.72;204.74;189.07;0.75;177.44;189.22;0.69;206.86;201.44;0.76;177.9;200.38;0.71;195.85;204.15;0.68;186.19;204.15;0.69;199.92;222.56;0.74;184.68;222.56;0.73;197.2;237.79;0.75;183.63;239.3;0.68;171.47;162.79;157.42;178.92;157.08;163.57;28.66;26.63;151.34;153.37;69.08;3.17;3.16;
52;1;252.22;214.63;0.73;254.13;212.34;0.75;250.3;212.91;0.8;259.1;214.44;0.6;248.97;214.44;0.43;261.97;229.93;0.63;249.92;228.02;0.6;250.3;247.14;0.46;241.7;241.4;0.48;231.37;247.71;0.49;232.33;245.99;0.5;268.09;259.57;0.71;260.06;258.99;0.63;250.88;279.83;0.69;241.32;280.98;0.73;261.2;309.47;0.71;258.53;307.56;0.68;125.86;147.66;120.46;106.64;128.0;121.45;45.79;49.68;134.21;130.32;93.89;6.03;13.76;
52;2;70.29;143.13;0.28;77.97;143.77;0.21;91.61;143.45;0.21;71.49;142.24;0.34;72.57;142.12;0.31;78.16;146.43;0.49;69.33;146.37;0.49;79.04;151.19;0.45;67.56;151.06;0.45;80.44;156.59;0.29;65.53;156.27;0.39;74.98;160.01;0.33;70.79;159.76;0.34;70.29;168.13;0.28;69.27;167.44;0.28;68.7;173.78;0.37;67.88;172.96;0.34;176.06;179.41;165.66;177.03;163.12;162.56;23.72;26.95;156.28;153.05;30.24;12.67;3.37;
52;3;164.51;266.49;0.62;166.96;218.63;0.47;185.45;264.32;0.43;170.49;265.95;0.48;185.45;265.13;0.37;149.28;281.72;0.5;180.55;279.27;0.49;150.64;300.21;0.35;191.97;296.13;0.38;157.71;286.07;0.21;205.57;284.44;0.31;153.36;289.88;0.44;175.93;292.33;0.42;138.68;337.47;0.6;203.4;337.47;0.6;129.16;370.64;0.7;222.43;368.74;0.69;30.77;83.42;178.86;179.99;136.29;129.18;22.36;53.62;157.64;126.38;103.2;518.7;120.5;
52;4;164.41;267.14;0.22;165.01;263.88;0.11;161.5;263.82;0.11;157.88;268.27;0.24;169.04;267.91;0.18;147.97;282.33;0.31;182.1;281.92;0.28;160.55;275.09;0.06;182.1;271.77;0.14;182.1;261.03;0.13;182.1;260.73;0.16;182.1;245.48;0.13;182.1;245.48;0.17;168.92;291.0;0.07;182.1;291.0;0.09;162.69;291.0;0.15;162.57;291.0;0.16;176.78;179.99;106.14;90.0;26.65;0.0;17.28;0.0;162.72;180.0;23.86;406.88;627.21;
53;0;188.29;169.39;0.8;190.24;167.14;0.77;186.5;167.14;0.79;192.79;167.59;0.73;183.8;167.74;0.76;198.18;176.88;0.76;177.81;177.33;0.72;202.37;189.01;0.75;174.81;189.16;0.69;204.32;201.44;0.76;175.26;200.4;0.72;193.09;204.59;0.67;183.35;204.74;0.68;197.43;222.71;0.73;182.0;222.86;0.72;194.88;237.69;0.74;181.4;239.04;0.69;169.83;163.5;156.87;177.87;156.11;164.32;29.48;25.64;150.52;154.36;68.97;76.19;79.12;
53;1;248.44;213.05;0.74;250.93;210.76;0.75;247.87;210.95;0.79;256.3;213.82;0.61;246.34;213.44;0.44;257.45;228.76;0.68;247.68;225.89;0.65;248.63;243.51;0.61;240.59;237.19;0.55;230.06;242.74;0.63;227.95;239.68;0.54;265.3;259.02;0.7;258.02;258.06;0.63;247.1;279.71;0.69;238.48;280.86;0.73;258.4;308.44;0.71;254.57;305.95;0.67;118.49;133.24;117.19;106.73;124.12;121.58;45.4;49.91;134.6;130.09;94.14;154.42;230.8;
53;2;68.38;142.28;0.3;75.97;143.99;0.22;88.25;143.61;0.21;69.07;142.16;0.33;69.26;142.22;0.31;75.4;146.27;0.56;66.54;146.21;0.55;76.23;151.27;0.51;65.09;151.02;0.51;76.86;157.16;0.32;63.12;155.96;0.44;71.48;159.82;0.37;67.87;159.12;0.38;67.81;168.49;0.33;66.03;167.61;0.32;66.22;174.25;0.4;63.0;172.61;0.34;176.79;175.16;172.42;160.93;173.21;161.91;25.5;22.71;154.5;157.29;31.15;108.91;72.82;
53;3;186.85;234.24;0.52;187.2;231.88;0.24;186.24;232.66;0.49;174.32;230.74;0.52;183.96;233.01;0.6;168.89;240.9;0.41;181.5;248.61;0.48;198.85;263.76;0.15;192.02;264.29;0.47;198.85;267.62;0.27;198.85;269.98;0.34;159.95;282.42;0.47;171.17;282.42;0.43;198.85;282.42;0.28;198.85;282.42;0.34;198.85;282.42;0.19;198.85;282.42;0.2;127.35;163.64;90.0;90.0;77.86;73.0;64.79;50.84;115.21;129.16;48.18;1354.22;478.84;
53;4;163.42;266.48;0.67;165.34;264.56;0.52;161.77;265.38;0.48;166.71;265.93;0.49;160.95;265.66;0.41;149.42;281.85;0.52;179.06;281.57;0.5;139.55;302.15;0.34;190.04;299.96;0.38;146.68;309.29;0.21;208.97;284.87;0.3;154.36;297.49;0.4;174.95;303.25;0.39;136.8;340.3;0.58;202.39;339.47;0.57;127.2;370.48;0.68;221.6;369.11;0.68;109.06;82.28;175.34;175.8;140.17;132.1;43.47;41.59;136.53;138.41;103.32;1797.94;1084.9;
53;5;163.18;267.12;0.29;165.18;263.58;0.15;160.5;265.98;0.14;157.12;267.35;0.33;167.87;267.7;0.27;147.57;282.22;0.41;180.45;282.39;0.37;156.89;273.3;0.06;180.45;289.94;0.16;180.45;289.94;0.11;180.45;259.17;0.18;168.9;246.08;0.18;180.45;246.08;0.24;167.82;289.94;0.07;172.73;289.94;0.07;161.58;289.94;0.16;161.7;289.94;0.17;101.02;0.01;91.42;99.98;29.13;9.98;15.71;180.0;164.29;0.0;22.82;521.11;793.03;
54;0;185.86;169.08;0.79;187.79;166.86;0.75;184.08;166.86;0.78;190.32;167.45;0.75;181.41;167.6;0.79;195.81;177.1;0.76;175.47;177.55;0.72;199.82;189.13;0.75;172.35;189.28;0.7;201.9;201.45;0.77;172.8;200.56;0.73;190.76;204.42;0.66;180.96;204.57;0.67;195.22;222.09;0.73;179.48;222.09;0.72;192.4;236.49;0.74;178.44;237.98;0.69;171.14;162.85;154.77;178.9;155.38;163.66;28.9;26.38;151.1;153.62;68.15;72.67;74.18;
54;1;247.49;212.59;0.73;248.84;210.47;0.74;245.94;210.86;0.74;254.04;213.37;0.56;248.64;213.17;0.38;253.46;228.02;0.7;253.85;225.13;0.63;240.16;238.44;0.55;236.88;236.12;0.4;223.38;237.47;0.69;224.73;236.12;0.49;261.18;259.08;0.74;255.59;258.3;0.67;244.01;279.13;0.72;235.72;280.68;0.75;256.36;309.8;0.74;253.46;307.49;0.71;138.66;147.07;117.52;104.9;125.49;135.4;65.91;60.06;114.09;119.94;96.05;255.47;144.05;
54;2;72.01;138.02;0.31;73.53;144.53;0.22;85.19;143.92;0.22;66.72;142.58;0.3;66.91;142.64;0.27;73.29;146.53;0.56;64.54;146.35;0.56;73.89;151.15;0.51;62.9;150.6;0.52;73.83;156.49;0.31;60.95;155.22;0.47;68.61;159.84;0.38;65.21;159.05;0.38;65.33;168.22;0.36;62.84;167.37;0.33;63.93;174.24;0.42;60.95;172.9;0.35;171.85;178.26;171.71;177.08;178.0;161.1;26.87;24.11;153.13;155.89;35.54;93.1;68.87;
54;3;183.96;234.34;0.38;184.76;231.05;0.17;183.34;232.48;0.46;171.61;230.34;0.58;181.21;232.48;0.63;165.2;240.3;0.5;179.79;247.32;0.5;161.11;256.66;0.18;192.14;260.39;0.44;197.75;263.59;0.13;197.75;267.33;0.32;159.69;282.44;0.48;170.89;282.44;0.44;197.75;282.44;0.23;197.75;282.44;0.3;197.75;282.44;0.22;197.75;282.44;0.24;86.68;175.53;90.0;90.0;82.55;75.79;6.58;57.6;173.42;122.4;48.1;125.32;86.36;
54;4;162.35;267.18;0.74;164.58;265.52;0.57;160.69;267.46;0.54;165.13;266.35;0.49;158.74;266.91;0.41;148.45;282.75;0.53;177.37;282.2;0.51;142.89;303.05;0.33;188.49;303.61;0.41;153.73;308.33;0.19;209.9;323.07;0.25;155.12;305.28;0.4;176.26;310.56;0.4;136.22;340.31;0.56;202.95;340.31;0.58;124.54;371.45;0.7;221.02;370.06;0.68;100.65;159.72;172.2;169.38;135.14;135.86;31.83;29.7;148.17;150.3;103.57;213.8;1147.81;
55;0;185.92;169.12;0.8;187.69;167.05;0.76;184.14;167.05;0.79;190.21;167.49;0.76;181.33;167.49;0.8;195.84;177.11;0.77;175.41;177.56;0.73;199.83;189.4;0.76;172.45;189.11;0.71;201.91;201.69;0.78;172.74;200.5;0.74;190.95;204.5;0.67;181.03;204.65;0.68;195.24;222.42;0.73;179.26;222.12;0.72;192.43;236.78;0.75;178.22;238.11;0.69;171.55;164.13;155.44;177.9;156.41;162.46;28.13;26.11;151.87;153.89;68.32;7.15;2.38;
55;1;246.52;212.0;0.72;248.62;209.7;0.73;246.14;209.51;0.75;253.4;213.33;0.6;247.86;212.95;0.43;254.36;227.68;0.68;245.76;224.42;0.63;240.78;238.0;0.53;235.43;233.6;0.52;223.38;237.24;0.66;223.57;235.9;0.58;262.01;258.84;0.71;254.55;257.89;0.65;244.42;278.92;0.71;235.62;280.45;0.75;256.27;308.37;0.71;251.87;305.5;0.68;140.23;149.32;116.85;107.03;124.99;125.28;66.53;63.09;113.47;116.91;94.94;7.16;35.3;
55;2;184.44;233.78;0.39;185.24;230.51;0.17;183.38;232.1;0.45;171.64;230.16;0.55;181.18;232.28;0.62;165.11;240.31;0.48;179.94;247.37;0.48;161.14;256.38;0.17;197.51;260.62;0.41;197.51;238.55;0.13;197.51;243.75;0.29;159.28;282.16;0.49;170.49;282.16;0.43;197.51;282.16;0.22;197.51;282.16;0.24;197.51;282.16;0.22;197.51;282.16;0.21;49.99;52.99;90.0;90.0;82.07;74.81;5.96;68.19;174.04;111.81;48.38;4457.76;4888.08;
55;3;71.79;138.05;0.33;85.16;144.71;0.23;85.16;144.22;0.23;66.83;142.65;0.29;67.01;142.65;0.27;73.12;146.46;0.57;64.53;146.16;0.55;73.66;151.36;0.5;62.84;150.51;0.51;73.72;156.44;0.29;60.9;155.11;0.45;68.58;159.95;0.38;65.2;159.46;0.38;65.32;168.23;0.37;63.32;167.33;0.34;64.11;173.98;0.43;60.42;173.13;0.37;174.34;178.42;170.38;166.85;177.08;163.73;24.93;24.11;155.07;155.89;35.5;4922.73;5315.34;
55;4;161.97;267.36;0.75;164.19;265.7;0.59;160.31;267.64;0.57;164.74;266.53;0.49;158.93;267.09;0.44;148.12;282.88;0.54;177.21;282.32;0.52;141.19;303.94;0.36;188.02;304.21;0.43;152.55;308.65;0.21;210.18;323.05;0.25;155.05;308.65;0.42;175.83;310.86;0.41;135.93;341.06;0.58;202.7;340.51;0.58;124.29;372.09;0.7;221.27;370.15;0.68;94.31;156.64;170.03;169.86;134.42;135.03;33.25;29.05;146.75;150.95;103.76;36.71;8.54;
55;5;162.32;267.34;0.32;163.98;264.92;0.19;159.9;266.36;0.18;156.34;267.11;0.32;167.72;267.51;0.24;147.09;281.76;0.43;180.13;282.39;0.43;147.09;289.98;0.12;180.13;289.98;0.21;159.73;245.9;0.14;180.13;245.9;0.17;166.45;245.9;0.21;180.13;245.9;0.26;167.72;289.98;0.07;171.05;271.3;0.1;161.28;289.98;0.17;161.46;289.98;0.18;16.0;0.0;88.36;172.47;30.01;19.67;151.63;180.0;28.37;0.0;22.64;1461.84;398.8;
56;0;180.65;169.25;0.8;182.59;167.01;0.77;179.01;167.01;0.8;185.13;167.46;0.76;176.32;167.61;0.78;190.8;177.16;0.76;170.5;177.61;0.72;194.68;189.4;0.75;167.51;189.1;0.69;196.47;201.94;0.75;167.81;200.45;0.72;186.02;204.63;0.66;176.17;204.63;0.68;190.35;222.84;0.69;173.48;222.39;0.69;187.66;237.92;0.65;171.54;237.92;0.64;170.54;163.93;156.52;178.52;156.76;159.54;27.46;26.42;152.54;153.58;68.67;163.41;148.14;
56;1;67.45;137.33;0.28;67.51;144.63;0.19;80.99;144.01;0.16;62.08;142.32;0.29;62.14;142.45;0.29;68.07;146.75;0.52;59.21;146.63;0.53;69.01;151.43;0.47;57.9;151.06;0.47;70.69;157.3;0.29;55.53;155.99;0.38;64.14;160.17;0.34;60.15;159.8;0.35;60.21;168.47;0.29;58.96;167.1;0.28;58.9;174.34;0.36;56.78;173.59;0.33;175.28;170.79;167.25;170.62;170.99;166.71;27.64;20.54;152.36;159.46;36.63;5176.43;5588.78;
56;2;243.24;208.27;0.8;244.62;206.3;0.83;241.86;206.3;0.81;247.76;210.43;0.52;242.65;210.04;0.35;246.98;223.02;0.73;249.93;220.46;0.69;224.75;228.13;0.67;252.48;228.53;0.42;217.87;218.3;0.7;219.64;221.64;0.52;255.04;256.26;0.78;248.94;255.27;0.69;239.11;279.46;0.76;231.44;280.25;0.76;252.09;310.74;0.77;248.35;308.57;0.73;112.03;60.57;122.99;114.13;131.9;146.6;90.68;19.21;89.32;160.79;101.39;862.36;939.57;
56;3;178.53;231.88;0.34;181.34;227.11;0.19;177.97;229.07;0.38;166.64;228.04;0.59;175.91;229.82;0.59;161.49;238.9;0.51;176.75;243.02;0.51;170.57;249.39;0.22;186.3;247.61;0.53;179.18;237.59;0.4;183.96;237.5;0.56;156.53;274.95;0.45;168.23;275.23;0.41;158.77;284.22;0.26;177.12;284.22;0.24;143.61;284.22;0.28;143.61;284.22;0.2;77.03;51.31;76.37;45.3;158.53;120.48;48.73;79.16;131.27;100.84;52.34;3996.68;4447.85;
56;4;160.1;267.8;0.82;162.14;267.22;0.73;159.23;267.51;0.69;161.27;266.93;0.54;159.23;267.8;0.49;147.29;284.11;0.59;175.25;283.82;0.57;139.72;308.86;0.47;186.31;308.28;0.5;146.13;316.14;0.27;210.19;326.33;0.28;152.82;316.72;0.45;175.54;318.47;0.46;134.48;342.64;0.62;202.33;341.76;0.64;119.92;373.21;0.74;220.38;371.76;0.72;121.64;151.43;170.17;162.05;135.08;131.49;26.64;23.86;153.36;156.14;104.69;296.49;98.43;
57;0;180.46;168.7;0.8;182.26;166.6;0.77;178.81;166.45;0.8;184.95;167.05;0.75;175.96;167.05;0.78;190.79;176.79;0.76;170.27;177.24;0.72;194.54;189.07;0.75;167.13;188.77;0.7;196.33;201.8;0.75;167.43;200.15;0.72;186.15;204.65;0.65;175.96;204.79;0.67;190.34;223.67;0.68;172.67;223.22;0.68;187.5;240.29;0.63;170.72;239.99;0.64;171.08;163.24;157.85;176.48;158.1;158.19;26.42;26.92;153.58;153.08;71.44;5.89;14.49;
57;1;244.76;206.64;0.76;245.16;204.05;0.76;242.76;204.25;0.71;245.16;208.24;0.48;242.16;208.44;0.3;243.96;219.43;0.71;250.95;218.03;0.72;225.38;224.62;0.62;252.95;229.22;0.51;217.39;213.23;0.68;218.99;223.82;0.41;253.75;254.38;0.8;250.75;253.39;0.71;237.57;279.55;0.74;232.18;280.35;0.74;252.15;311.91;0.78;249.16;310.71;0.74;109.44;70.85;123.01;116.22;131.62;145.76;90.02;10.45;89.98;169.55;104.67;4715.53;5315.54;
57;2;66.9;142.94;0.26;66.52;143.76;0.23;63.6;143.38;0.2;60.19;142.11;0.36;61.2;142.18;0.32;66.77;145.79;0.45;58.29;145.91;0.45;67.78;150.91;0.39;56.51;150.98;0.36;69.81;156.42;0.26;54.36;155.53;0.35;63.73;159.84;0.27;60.12;159.65;0.28;59.17;167.94;0.26;58.54;167.25;0.26;57.46;173.26;0.32;56.83;172.88;0.3;170.98;174.01;168.46;174.89;162.84;160.62;23.37;26.9;156.63;153.1;30.13;4819.69;5346.41;
57;3;162.87;224.39;0.5;163.77;221.41;0.51;172.41;223.79;0.53;162.87;266.1;0.49;169.73;266.99;0.45;158.7;242.56;0.48;175.68;244.64;0.46;155.72;263.12;0.33;193.86;247.33;0.38;180.45;241.96;0.26;206.67;239.58;0.39;154.23;294.1;0.41;173.9;294.99;0.43;137.85;338.49;0.61;201.9;338.79;0.61;119.97;373.35;0.68;221.27;372.75;0.69;41.21;140.45;173.11;177.09;164.69;145.37;3.29;83.64;176.71;96.36;148.67;136.72;684.99;
58;0;244.92;203.64;0.78;245.12;201.19;0.79;243.08;201.19;0.74;247.57;205.07;0.52;243.9;205.68;0.28;241.86;216.28;0.68;250.42;216.08;0.69;223.3;217.3;0.6;251.24;225.05;0.47;216.78;206.5;0.61;217.39;223.01;0.4;252.87;252.78;0.75;248.79;251.96;0.66;238.19;279.08;0.7;232.89;280.31;0.71;252.05;310.89;0.72;248.99;310.28;0.69;117.98;81.36;127.28;122.45;134.05;153.3;103.64;7.8;76.36;172.2;106.94;630.03;1650.22;
58;1;180.22;168.02;0.76;182.16;165.94;0.75;178.55;165.94;0.78;184.79;166.63;0.68;175.37;166.49;0.7;190.47;176.47;0.75;169.82;177.16;0.69;194.35;189.08;0.73;166.64;188.8;0.69;196.01;201.97;0.74;166.92;200.3;0.69;186.31;204.74;0.64;175.37;205.01;0.66;190.47;222.06;0.67;172.32;222.33;0.67;189.92;238.68;0.65;170.1;238.96;0.62;170.25;163.31;164.6;177.61;158.14;158.76;25.47;26.57;154.53;153.43;70.8;725.93;1716.25;
58;2;66.65;135.75;0.33;66.59;143.06;0.26;79.09;142.36;0.25;58.64;140.82;0.3;59.79;140.88;0.29;65.82;145.18;0.52;57.42;144.92;0.5;65.95;150.31;0.44;55.3;150.05;0.42;67.04;156.08;0.29;52.93;154.93;0.38;61.52;159.35;0.32;57.23;159.03;0.33;57.36;168.01;0.29;53.83;166.72;0.27;55.88;173.14;0.33;48.19;171.98;0.37;170.74;176.46;170.33;156.81;171.16;156.95;18.3;21.63;161.7;158.37;36.81;83.81;46.67;
58;3;165.71;223.13;0.52;166.01;221.03;0.53;172.63;222.83;0.56;168.42;265.21;0.42;169.92;227.04;0.45;158.8;242.37;0.52;176.84;242.67;0.47;156.4;264.01;0.33;194.27;242.97;0.31;160.6;236.36;0.14;205.09;303.08;0.27;153.99;291.66;0.43;174.13;292.56;0.44;139.26;339.15;0.62;202.98;338.85;0.64;120.33;374.92;0.7;223.12;374.92;0.72;2.31;101.19;169.33;177.24;168.34;144.96;0.77;92.12;179.23;87.88;151.79;619.45;1907.89;
59;0;179.94;168.34;0.7;181.76;166.15;0.71;178.0;166.03;0.73;184.43;166.76;0.68;174.85;166.64;0.7;189.89;175.74;0.71;169.99;176.22;0.65;193.89;189.08;0.67;166.48;188.36;0.62;195.71;201.94;0.69;166.72;200.0;0.65;186.37;206.43;0.61;174.85;206.43;0.63;189.65;225.36;0.57;171.69;225.6;0.59;189.53;241.01;0.52;170.24;241.01;0.53;171.36;162.63;169.74;176.05;163.64;161.53;23.24;25.3;156.76;154.7;72.67;647.24;1671.44;
59;1;244.04;200.83;0.72;244.25;198.92;0.68;242.56;199.14;0.64;247.0;202.52;0.52;244.04;203.36;0.34;243.83;212.88;0.71;246.79;213.09;0.65;225.64;212.67;0.65;227.97;216.69;0.53;217.19;202.31;0.6;218.45;206.11;0.47;252.5;251.15;0.72;245.94;250.31;0.64;241.08;278.85;0.69;233.47;278.64;0.69;252.71;310.36;0.72;248.06;308.03;0.67;129.89;121.17;137.34;129.84;144.83;157.54;103.43;77.88;76.57;102.12;108.37;635.99;1557.77;
59;2;54.92;140.69;0.31;54.59;141.28;0.24;54.4;141.28;0.21;57.6;139.77;0.37;58.32;139.84;0.28;64.41;144.62;0.48;55.71;144.1;0.47;65.39;149.72;0.41;54.27;149.33;0.39;66.11;155.22;0.27;51.65;154.44;0.36;61.47;158.76;0.3;57.08;158.36;0.28;56.36;166.48;0.25;51.91;165.89;0.23;54.92;172.83;0.29;47.2;171.59;0.31;176.58;168.23;159.31;174.88;158.3;140.01;22.65;20.88;157.35;159.12;31.52;37.89;41.27;
59;3;165.5;266.58;0.49;166.4;221.37;0.47;174.84;222.58;0.49;166.4;264.77;0.42;170.32;234.63;0.41;158.27;242.77;0.45;176.05;277.12;0.41;155.25;263.86;0.27;194.43;233.42;0.31;197.44;234.93;0.27;206.49;226.49;0.37;157.66;294.6;0.38;178.76;296.11;0.41;142.29;342.22;0.6;205.28;341.92;0.65;119.69;377.78;0.69;224.87;378.08;0.72;47.43;142.71;165.45;178.37;162.78;158.06;7.46;149.05;172.54;30.95;111.36;1107.31;2300.74;
60;0;179.74;167.58;0.69;181.55;165.41;0.7;177.7;165.29;0.73;184.21;166.02;0.65;174.56;166.02;0.68;189.87;175.42;0.7;169.5;175.9;0.64;193.73;189.16;0.66;166.12;188.8;0.6;195.54;202.06;0.67;166.36;200.5;0.62;186.13;206.64;0.62;174.44;206.64;0.64;189.27;226.66;0.57;171.31;226.78;0.6;187.82;239.92;0.46;170.22;239.92;0.51;172.3;164.15;164.87;175.87;164.27;162.02;22.5;23.8;157.5;156.2;72.33;6.42;18.26;
60;1;241.71;198.99;0.66;242.58;197.25;0.62;240.4;197.68;0.61;244.11;199.86;0.54;243.67;200.52;0.38;245.42;209.03;0.7;244.33;209.47;0.62;227.53;209.03;0.65;227.53;215.36;0.53;219.45;198.77;0.59;220.33;209.03;0.49;252.4;249.18;0.71;244.98;248.74;0.64;243.02;278.64;0.69;234.95;278.2;0.7;253.06;310.28;0.72;248.26;308.32;0.67;128.21;119.37;144.73;137.34;152.47;160.23;99.87;71.63;80.13;108.37;110.31;126.1;104.07;
60;2;53.9;139.71;0.29;54.53;140.09;0.23;54.53;140.72;0.22;56.92;139.64;0.36;57.74;140.02;0.28;62.97;143.8;0.4;54.84;143.49;0.41;64.17;149.29;0.35;53.01;149.1;0.33;65.62;153.07;0.21;50.68;153.57;0.3;60.7;157.8;0.25;56.29;157.48;0.25;55.47;165.67;0.21;55.16;165.17;0.19;53.9;171.41;0.25;52.7;171.28;0.26;171.35;170.52;161.78;166.49;155.63;165.69;21.53;23.96;158.47;156.04;31.64;66.39;38.92;
60;3;166.21;268.15;0.58;167.12;269.37;0.46;165.9;268.15;0.46;165.6;266.32;0.45;168.95;266.01;0.47;156.44;275.77;0.47;174.14;277.6;0.44;150.95;295.3;0.3;193.67;298.66;0.3;148.81;310.86;0.17;199.46;315.74;0.27;160.71;304.45;0.36;180.55;304.15;0.39;144.24;345.95;0.64;206.48;344.12;0.67;119.83;379.51;0.7;225.7;380.43;0.72;172.11;155.89;165.63;174.92;149.87;160.59;24.18;29.28;155.82;150.72;111.82;2708.18;2688.91;
61;0;179.69;167.73;0.7;181.51;165.54;0.71;177.62;165.42;0.74;184.19;166.03;0.65;174.45;166.15;0.68;189.79;175.52;0.71;169.47;176.0;0.65;193.8;189.27;0.66;166.18;188.54;0.61;195.5;202.16;0.68;166.42;200.34;0.63;186.14;206.79;0.63;174.33;206.79;0.65;189.18;227.11;0.58;171.29;226.99;0.6;187.96;240.49;0.47;170.56;240.49;0.52;171.24;164.13;166.29;174.53;164.83;162.45;22.94;23.67;157.06;156.33;72.76;3.21;5.03;
61;1;241.52;198.87;0.66;242.4;196.89;0.61;240.85;197.55;0.59;243.94;199.53;0.53;243.72;200.42;0.37;245.26;209.01;0.71;244.16;209.46;0.62;227.18;208.79;0.66;226.96;215.19;0.54;218.59;197.33;0.61;219.69;208.35;0.5;252.54;249.14;0.72;244.82;248.48;0.65;243.06;278.69;0.69;234.9;278.24;0.7;252.98;309.99;0.72;248.13;308.23;0.68;127.57;118.35;144.63;137.76;151.93;160.59;100.98;72.54;79.02;107.46;110.24;50.6;27.91;
61;2;53.9;139.76;0.29;54.53;140.08;0.23;54.53;140.71;0.22;56.93;139.7;0.36;57.75;140.01;0.28;62.92;143.8;0.4;54.85;143.48;0.41;64.18;149.28;0.35;53.02;149.09;0.33;65.63;153.06;0.2;50.69;153.57;0.3;60.71;157.73;0.25;56.3;157.22;0.25;55.48;165.67;0.21;55.16;165.16;0.19;53.9;171.47;0.25;52.7;171.28;0.26;171.97;170.52;161.83;166.23;155.63;165.85;21.95;24.07;158.05;155.93;31.61;0.31;0.24;
61;3;166.21;268.13;0.58;167.13;269.35;0.47;165.91;268.44;0.46;165.6;266.91;0.45;168.65;266.3;0.47;156.46;276.06;0.47;174.75;278.19;0.44;151.27;295.58;0.3;194.57;298.62;0.3;150.36;311.43;0.17;199.45;315.7;0.27;161.03;304.11;0.36;180.55;303.81;0.39;143.95;346.2;0.64;206.47;344.37;0.67;119.56;379.74;0.69;225.68;380.35;0.72;168.43;151.81;166.06;175.52;148.65;160.16;24.14;31.39;155.86;148.61;111.91;49.39;1.3;
62;0;179.34;166.65;0.76;181.29;164.55;0.76;177.53;164.55;0.79;183.7;165.15;0.66;174.52;165.0;0.64;190.17;175.08;0.78;168.5;175.38;0.73;193.78;188.62;0.73;165.49;188.02;0.71;195.14;202.01;0.69;165.79;200.21;0.71;186.11;205.48;0.67;174.37;205.48;0.68;188.97;224.13;0.7;171.21;224.74;0.69;188.52;240.69;0.75;171.21;241.74;0.67;170.84;165.19;169.73;170.68;163.68;159.65;22.54;24.43;157.46;155.57;74.56;11.96;19.31;
62;1;51.7;140.61;0.26;57.85;140.01;0.23;53.16;139.95;0.22;55.67;139.09;0.34;52.96;138.82;0.27;61.29;142.92;0.32;52.83;142.79;0.33;62.54;148.61;0.29;51.77;148.61;0.28;61.88;152.05;0.16;49.52;152.64;0.21;60.23;157.53;0.24;55.07;157.6;0.25;53.95;165.27;0.16;53.95;164.6;0.17;52.23;172.07;0.24;50.78;172.54;0.27;156.66;161.17;155.09;167.31;145.07;162.26;16.6;18.94;163.4;161.06;31.7;4899.17;5377.91;
62;2;244.55;192.96;0.76;245.74;190.81;0.74;244.08;190.81;0.69;246.22;193.67;0.41;244.31;193.67;0.23;245.27;205.83;0.74;244.79;206.55;0.68;225.72;203.45;0.73;227.38;211.32;0.59;219.04;190.81;0.74;221.19;209.89;0.51;251.23;247.32;0.78;244.79;246.37;0.67;244.55;278.32;0.75;236.68;277.6;0.74;252.42;310.98;0.76;250.27;310.98;0.72;124.8;151.68;154.3;143.3;159.67;165.45;105.13;74.68;74.87;105.32;118.03;4745.18;5393.04;
62;3;167.0;267.48;0.82;168.84;267.79;0.73;165.77;267.48;0.71;167.92;267.17;0.5;168.84;267.17;0.54;153.78;284.08;0.61;185.14;284.08;0.6;148.56;311.13;0.54;197.74;310.21;0.55;152.55;324.35;0.34;211.57;335.42;0.5;162.39;321.58;0.45;185.44;321.89;0.47;142.72;351.1;0.72;210.96;349.56;0.73;118.43;382.76;0.76;227.87;384.3;0.79;152.24;176.99;176.2;163.27;133.38;137.78;23.86;25.28;156.14;154.72;116.05;393.57;695.14;
63;0;179.1;166.85;0.66;180.95;164.89;0.69;177.26;164.76;0.72;183.65;165.13;0.63;174.07;165.01;0.61;189.42;175.08;0.7;168.91;175.2;0.65;193.47;188.84;0.62;165.23;187.24;0.61;194.82;201.98;0.57;165.72;200.13;0.6;185.86;207.5;0.63;173.45;207.62;0.65;188.07;229.24;0.54;170.26;228.99;0.58;187.33;239.8;0.53;170.75;239.8;0.46;169.45;160.8;170.2;168.9;167.92;163.52;22.69;25.0;157.31;155.0;72.95;9.47;3.23;
63;1;244.61;187.36;0.72;245.57;184.25;0.67;243.65;184.72;0.65;246.04;188.32;0.43;236.23;188.79;0.3;246.04;201.72;0.72;240.78;201.72;0.66;226.65;200.53;0.68;225.45;206.27;0.62;220.19;186.88;0.66;221.38;191.19;0.54;249.64;244.1;0.74;241.5;243.86;0.66;246.52;276.9;0.72;237.19;275.46;0.71;252.51;310.42;0.73;249.4;310.18;0.71;118.88;88.57;164.45;152.86;169.74;171.26;98.38;74.44;81.62;105.56;122.94;4868.43;5290.15;
63;2;49.85;133.37;0.26;49.13;139.04;0.21;50.11;139.49;0.19;54.54;137.93;0.33;54.54;133.37;0.26;60.0;142.42;0.33;51.8;142.23;0.35;61.37;148.08;0.3;50.24;148.02;0.27;60.39;150.69;0.15;48.09;151.73;0.22;58.83;157.13;0.23;53.95;157.13;0.24;52.84;164.09;0.15;52.65;163.77;0.16;51.15;171.19;0.23;49.65;171.25;0.28;145.87;165.02;152.73;169.29;143.86;160.71;18.12;23.29;161.88;156.71;37.84;4915.0;5484.45;
63;3;169.26;271.26;0.86;170.81;271.26;0.77;168.03;270.95;0.73;167.72;272.5;0.55;171.11;271.57;0.59;155.98;288.56;0.67;188.72;286.4;0.67;152.89;315.75;0.6;200.46;313.58;0.61;158.76;332.12;0.36;214.36;334.59;0.61;164.94;325.63;0.55;189.96;324.4;0.59;143.93;353.43;0.73;212.82;351.58;0.74;117.98;385.25;0.78;228.57;387.11;0.8;153.79;169.86;177.87;163.86;129.34;141.8;20.07;21.49;159.93;158.51;114.92;298.61;87.38;
64;0;179.14;167.12;0.65;180.98;165.15;0.67;177.17;165.03;0.7;183.69;165.4;0.59;173.84;165.27;0.57;189.48;175.25;0.68;168.54;175.5;0.62;193.55;189.17;0.59;165.22;187.69;0.57;194.78;202.23;0.52;165.71;200.5;0.55;185.79;208.14;0.61;173.35;208.14;0.63;188.0;230.43;0.49;169.9;230.31;0.54;187.39;240.04;0.53;171.13;240.04;0.45;169.11;162.54;170.65;163.94;167.91;162.79;22.69;23.63;157.31;156.37;72.92;7.63;11.05;
64;1;244.66;188.26;0.73;245.37;185.15;0.69;243.22;185.86;0.66;246.09;188.74;0.4;236.52;189.45;0.27;246.09;201.89;0.73;241.31;202.37;0.66;226.95;200.46;0.68;225.99;207.16;0.61;219.77;186.82;0.66;221.45;207.16;0.52;249.44;244.24;0.75;241.78;243.77;0.66;246.81;276.78;0.72;237.48;275.35;0.72;252.79;310.52;0.73;249.68;310.52;0.71;122.05;162.65;165.32;153.1;170.85;171.57;98.81;73.31;81.19;106.69;122.26;12.58;479.66;
64;2;49.75;133.25;0.3;49.16;138.82;0.23;49.68;139.28;0.21;53.55;137.77;0.35;54.59;133.25;0.27;59.96;142.42;0.37;51.97;142.29;0.38;61.34;147.98;0.33;50.47;147.85;0.3;62.97;151.78;0.17;47.59;152.3;0.24;57.8;157.21;0.26;53.15;157.08;0.27;52.69;165.0;0.2;52.3;164.28;0.19;51.06;171.55;0.25;49.62;171.35;0.28;170.56;162.24;160.79;165.95;155.06;168.71;22.19;19.69;157.81;160.31;38.2;84.18;23.0;
64;3;169.26;271.32;0.87;171.1;271.01;0.77;168.02;270.7;0.74;168.95;272.55;0.56;171.1;271.32;0.6;156.33;288.56;0.66;189.26;285.79;0.68;153.87;315.95;0.59;200.96;312.87;0.62;159.41;335.34;0.37;214.19;334.72;0.6;165.25;324.87;0.55;190.49;323.64;0.59;144.02;353.19;0.74;212.65;351.03;0.75;117.86;385.5;0.79;228.96;387.66;0.8;158.92;172.16;177.88;165.03;129.32;142.89;18.94;21.49;161.06;158.51;115.26;98.57;6.54;
65;0;179.45;165.28;0.42;181.88;163.46;0.47;177.22;162.85;0.45;184.1;164.06;0.43;173.58;164.47;0.42;188.35;175.39;0.46;168.12;174.79;0.43;193.81;191.98;0.32;165.29;187.73;0.37;193.61;202.09;0.29;165.49;200.07;0.34;180.87;221.51;0.36;170.55;219.29;0.39;170.75;263.99;0.33;161.45;265.01;0.36;186.93;294.14;0.32;161.65;294.14;0.31;160.63;166.72;138.38;168.34;175.83;165.62;27.44;15.46;152.56;164.54;128.86;35.36;14.48;
65;1;242.16;181.97;0.74;244.2;179.41;0.72;240.88;179.41;0.73;250.33;183.24;0.63;238.33;183.24;0.49;246.5;199.07;0.69;241.14;198.82;0.67;226.84;197.03;0.62;225.05;200.35;0.58;220.2;182.73;0.62;220.46;185.03;0.56;248.29;239.67;0.7;241.14;239.41;0.66;248.54;271.58;0.69;238.33;270.82;0.69;252.88;306.56;0.72;248.03;305.29;0.69;120.84;101.26;173.38;159.17;177.94;174.89;98.45;84.56;81.55;95.44;123.96;123.5;665.3;
65;2;56.3;133.05;0.21;56.56;140.02;0.19;56.1;140.08;0.18;52.98;138.07;0.3;53.11;138.39;0.27;58.71;141.97;0.33;50.77;142.04;0.34;59.95;147.63;0.27;49.01;147.89;0.25;59.88;152.0;0.16;46.67;152.45;0.24;56.63;156.88;0.22;51.94;156.81;0.23;51.55;164.49;0.18;43.93;163.84;0.18;49.92;171.2;0.25;48.55;170.94;0.25;166.83;169.48;159.95;98.21;154.26;126.75;20.27;21.23;159.73;158.77;38.01;93.1;28.05;
66;0;168.95;202.63;0.31;179.95;205.07;0.38;176.9;162.3;0.35;181.17;205.88;0.44;173.84;204.05;0.37;187.08;174.31;0.35;168.14;173.91;0.37;193.19;195.09;0.3;164.88;190.2;0.34;190.34;196.92;0.26;165.29;196.92;0.28;181.58;218.51;0.31;169.77;217.9;0.35;173.23;261.28;0.35;161.62;264.95;0.4;178.53;293.87;0.34;162.84;293.87;0.34;106.35;165.22;159.72;167.76;176.05;168.05;23.48;13.43;156.52;166.57;91.25;183.78;94.78;
66;1;242.87;180.05;0.72;244.4;177.26;0.7;241.35;177.51;0.7;250.49;180.82;0.59;238.3;181.07;0.44;246.43;196.06;0.69;238.55;196.57;0.66;228.39;192.76;0.59;223.56;197.58;0.6;220.01;177.77;0.6;220.26;182.59;0.57;247.45;236.96;0.69;238.81;237.22;0.65;248.97;269.74;0.69;239.06;269.23;0.68;253.8;305.05;0.7;247.7;303.78;0.68;129.6;98.55;174.88;166.42;178.76;179.9;101.8;86.48;78.2;93.52;124.36;149.21;73.37;
66;2;53.99;136.22;0.33;53.92;137.79;0.21;53.99;137.51;0.2;51.87;135.81;0.32;52.76;135.94;0.29;57.88;140.93;0.54;49.27;140.93;0.56;58.49;146.8;0.52;47.29;147.35;0.47;58.35;152.33;0.3;44.49;152.53;0.41;54.67;156.22;0.42;49.96;156.15;0.45;49.96;165.71;0.34;49.14;165.03;0.37;47.36;171.24;0.34;46.47;171.04;0.4;172.61;168.8;178.73;161.37;165.45;172.16;17.82;19.71;162.18;160.29;34.92;46.9;65.27;
67;0;241.47;178.66;0.7;243.29;175.79;0.68;240.42;175.79;0.66;246.69;178.92;0.47;237.55;179.19;0.31;246.95;194.06;0.7;235.46;195.63;0.66;229.2;187.28;0.6;223.72;194.32;0.63;219.54;173.97;0.61;217.98;178.14;0.65;247.21;235.04;0.67;236.25;236.08;0.64;249.82;269.75;0.7;240.16;269.48;0.69;255.3;304.72;0.7;246.16;302.37;0.67;146.89;115.88;175.39;176.34;176.07;174.42;111.29;97.45;68.71;82.55;124.88;1115.67;1680.04;
67;1;47.78;136.5;0.33;46.3;136.36;0.25;46.52;136.15;0.2;49.75;135.16;0.4;51.23;134.95;0.29;56.23;140.65;0.46;48.56;140.51;0.45;57.22;146.71;0.39;46.45;147.27;0.39;55.81;151.42;0.21;43.42;152.27;0.37;54.19;155.79;0.34;49.4;155.79;0.35;48.56;164.8;0.27;48.06;164.24;0.28;46.8;170.78;0.32;46.45;170.57;0.33;154.13;166.15;164.38;174.66;155.68;167.84;16.93;20.52;163.07;159.48;34.18;4994.75;5388.99;
67;2;174.34;205.39;0.61;176.52;202.82;0.47;176.33;203.61;0.49;168.8;207.97;0.58;177.32;208.17;0.5;165.23;217.08;0.58;182.67;219.26;0.58;166.22;193.5;0.53;194.16;198.06;0.46;169.99;175.47;0.41;194.16;173.69;0.4;161.86;264.44;0.48;171.97;266.03;0.51;180.69;289.6;0.36;184.45;289.6;0.4;187.03;240.66;0.45;185.84;289.6;0.3;170.61;151.54;44.18;117.9;139.13;139.21;178.34;164.43;1.66;15.57;59.74;3424.11;4539.83;
67;3;175.07;206.18;0.51;175.89;204.11;0.47;175.89;205.35;0.47;168.87;202.05;0.55;177.96;207.0;0.53;164.74;216.1;0.51;181.68;218.16;0.5;172.18;195.02;0.5;198.62;197.5;0.53;176.31;176.84;0.45;200.69;178.08;0.47;163.91;264.86;0.52;173.42;266.1;0.51;158.95;353.29;0.36;218.05;355.77;0.44;122.59;388.83;0.4;230.03;334.7;0.41;173.36;146.72;137.55;56.08;177.76;143.76;161.53;150.43;18.47;29.57;155.58;4787.42;4722.15;
68;0;241.59;178.38;0.71;243.94;175.77;0.68;240.81;175.77;0.65;247.33;178.9;0.47;241.59;179.42;0.3;246.81;193.76;0.69;235.86;195.33;0.64;228.56;186.72;0.6;223.61;194.28;0.63;219.17;173.17;0.62;217.35;177.86;0.65;247.33;235.21;0.67;235.86;236.26;0.64;249.68;270.15;0.69;240.29;269.89;0.69;255.67;304.82;0.7;246.03;302.47;0.67;145.79;115.72;174.03;177.53;176.88;172.49;111.81;94.86;68.19;85.14;125.27;26.46;20.71;
68;1;50.88;135.63;0.31;49.76;136.67;0.22;52.2;136.46;0.19;50.25;135.21;0.37;51.23;135.0;0.3;56.58;140.5;0.5;48.24;140.43;0.49;57.27;145.92;0.46;46.29;147.24;0.44;56.65;151.2;0.24;43.44;152.11;0.4;54.15;155.44;0.37;49.07;155.51;0.38;48.44;164.69;0.28;47.75;164.07;0.3;46.78;170.74;0.34;46.08;170.32;0.36;165.94;165.59;163.77;173.85;157.59;168.05;16.55;19.11;163.45;160.89;34.9;26.09;4.91;
68;2;174.88;204.76;0.6;176.68;202.76;0.47;176.48;203.76;0.49;168.27;207.97;0.59;177.49;208.17;0.52;165.27;216.98;0.57;182.69;218.98;0.56;166.87;193.74;0.5;194.71;198.95;0.47;177.69;174.92;0.4;198.12;172.11;0.4;161.86;264.65;0.46;172.28;265.85;0.5;180.49;290.89;0.36;184.7;290.89;0.39;186.7;241.42;0.4;185.7;290.89;0.3;154.07;156.27;42.53;116.38;140.54;141.09;179.86;161.57;0.14;18.43;61.39;231.87;127.95;
68;3;175.65;205.72;0.51;176.06;203.66;0.46;176.47;205.31;0.47;168.64;200.77;0.55;178.95;206.96;0.53;165.34;215.62;0.52;181.83;218.09;0.51;171.52;194.59;0.49;198.74;197.06;0.53;176.06;176.85;0.44;199.98;177.68;0.47;164.1;264.69;0.53;173.59;265.52;0.52;160.39;352.94;0.36;218.54;355.41;0.43;122.45;389.23;0.39;230.08;334.8;0.4;177.96;144.86;136.14;55.81;179.04;143.57;165.05;151.07;14.95;28.93;156.29;7.46;24.49;
69;0;176.52;204.22;0.44;171.57;199.68;0.35;179.41;202.15;0.4;167.03;200.92;0.56;184.35;203.39;0.47;165.38;212.88;0.52;183.12;217.83;0.45;167.86;192.26;0.53;198.38;192.26;0.49;171.98;172.87;0.47;199.2;169.57;0.48;166.62;265.25;0.51;174.46;265.25;0.49;163.32;351.04;0.4;221.88;357.64;0.5;125.79;388.15;0.45;230.96;395.99;0.47;174.83;151.25;136.89;166.13;176.44;142.48;171.8;159.52;8.2;20.48;187.86;1417.43;599.19;
69;1;45.44;134.83;0.38;46.41;135.66;0.23;45.85;135.8;0.18;49.38;134.21;0.38;50.21;134.21;0.3;54.99;139.88;0.57;46.75;139.53;0.56;56.23;145.56;0.52;44.95;146.25;0.46;54.5;151.65;0.3;41.98;151.65;0.43;52.22;155.66;0.43;47.3;155.66;0.45;47.24;165.21;0.35;46.13;164.79;0.37;45.37;170.68;0.34;43.29;170.05;0.39;151.76;166.14;171.32;158.99;162.4;170.69;22.33;16.97;157.67;163.03;35.54;65.82;46.04;
69;2;241.11;176.21;0.72;243.18;173.87;0.67;240.33;173.61;0.64;247.86;177.77;0.55;241.63;177.77;0.37;245.26;191.55;0.65;237.21;193.88;0.61;227.07;183.75;0.58;225.51;192.33;0.58;217.98;169.72;0.6;217.98;176.99;0.58;246.04;234.68;0.6;235.91;235.46;0.59;249.68;267.17;0.64;240.07;267.43;0.64;256.96;302.77;0.66;247.08;299.91;0.63;146.15;123.77;174.84;175.22;174.64;170.8;114.23;95.8;65.77;84.2;125.13;1220.18;614.26;
70;0;182.45;252.39;0.42;185.48;246.34;0.39;183.75;247.64;0.41;172.93;260.18;0.49;182.88;254.56;0.48;167.74;275.76;0.47;188.51;281.38;0.44;193.27;190.96;0.39;207.11;312.97;0.41;195.0;172.79;0.31;211.87;340.66;0.38;169.9;331.14;0.46;200.19;332.0;0.44;157.79;354.07;0.49;222.26;358.39;0.56;127.94;390.41;0.57;232.21;396.04;0.59;168.69;159.25;168.45;154.91;149.92;153.1;161.01;17.51;18.99;162.49;140.83;691.33;5152.53;
70;1;44.17;133.71;0.33;47.95;134.26;0.22;49.53;133.92;0.22;48.02;133.57;0.37;48.91;134.05;0.32;54.14;139.0;0.51;44.93;138.8;0.5;55.1;145.12;0.49;43.21;145.05;0.41;57.78;150.41;0.25;40.67;150.75;0.32;50.49;155.49;0.39;45.68;155.49;0.41;45.82;164.57;0.31;44.58;163.88;0.32;43.35;170.0;0.32;41.7;169.24;0.37;162.08;171.34;177.24;159.17;165.2;169.94;21.39;17.95;158.61;162.05;35.91;105.15;47.62;
71;0;178.98;192.58;0.38;183.33;250.48;0.38;187.68;251.78;0.41;169.4;260.93;0.44;186.81;257.44;0.47;164.61;203.03;0.48;185.94;283.56;0.43;167.66;184.31;0.42;193.34;186.92;0.35;169.83;169.5;0.32;210.76;342.77;0.34;168.09;263.54;0.5;177.67;261.8;0.46;164.61;353.22;0.42;224.69;360.19;0.52;131.52;391.97;0.46;232.52;398.5;0.46;179.12;10.75;141.73;166.02;174.48;4.74;167.46;25.19;12.54;154.81;202.65;762.22;71.85;
71;1;47.48;133.74;0.36;48.09;135.17;0.2;46.25;135.11;0.18;47.07;133.61;0.33;46.86;133.81;0.28;52.79;138.51;0.61;43.59;137.97;0.61;53.54;144.78;0.57;41.48;144.3;0.5;51.7;149.75;0.31;39.64;149.75;0.44;48.36;154.25;0.48;43.73;153.57;0.5;44.68;163.72;0.47;40.87;162.22;0.4;42.09;169.91;0.48;39.64;168.62;0.46;152.88;179.79;178.57;172.54;174.49;161.2;22.53;18.94;157.47;161.06;35.52;183.63;43.02;cocking_backswing
71;2;236.87;174.3;0.68;237.65;170.95;0.62;236.1;172.24;0.57;243.07;174.3;0.51;235.07;175.59;0.32;246.16;187.2;0.65;235.84;189.53;0.6;228.1;178.17;0.59;228.1;185.14;0.51;217.52;166.3;0.55;217.27;171.46;0.48;245.65;231.32;0.57;233.26;231.84;0.57;249.26;262.8;0.62;238.42;263.83;0.62;260.87;296.86;0.64;247.97;294.28;0.59;158.28;157.93;167.72;171.75;172.78;167.35;115.89;116.05;64.11;63.95;121.26;103.37;167.4;
72;0;175.55;193.41;0.49;170.3;192.98;0.38;181.23;255.92;0.36;165.5;263.79;0.49;187.79;261.6;0.51;164.18;202.59;0.5;188.66;284.33;0.45;165.06;180.74;0.48;192.16;184.23;0.39;170.3;161.07;0.39;196.53;342.03;0.39;170.3;329.79;0.48;203.53;330.23;0.48;159.38;354.71;0.47;225.82;361.7;0.58;134.9;392.74;0.55;233.69;400.61;0.55;167.36;3.59;170.91;156.12;153.56;162.63;174.96;160.06;5.04;19.94;203.26;253.78;427.84;
72;1;240.24;171.7;0.72;242.29;169.14;0.68;239.73;169.39;0.67;245.61;172.72;0.48;240.24;172.97;0.27;245.1;184.48;0.68;235.64;186.01;0.62;226.18;175.27;0.63;225.92;181.92;0.57;214.93;163.0;0.63;214.42;168.88;0.53;244.84;229.48;0.6;232.06;229.99;0.6;249.19;261.44;0.65;236.66;262.72;0.64;262.23;294.42;0.66;249.7;293.14;0.61;158.45;154.26;166.17;164.81;171.93;167.34;115.62;108.18;64.38;71.82;122.08;4918.77;5280.77;
72;2;48.55;128.12;0.32;46.67;128.12;0.23;47.08;128.12;0.24;45.34;132.3;0.34;46.04;128.12;0.32;51.47;137.52;0.5;42.21;137.17;0.5;52.24;144.41;0.47;40.68;144.21;0.42;54.53;148.45;0.26;38.1;149.71;0.34;47.92;154.3;0.38;43.04;154.09;0.39;43.18;163.7;0.29;41.86;161.89;0.28;40.75;169.14;0.33;38.59;168.72;0.36;156.7;167.19;177.43;163.01;165.21;168.54;18.29;15.12;161.71;164.88;40.81;4924.63;5420.73;
73;0;175.98;195.14;0.49;171.15;193.38;0.38;179.49;257.86;0.36;165.89;265.32;0.51;187.82;263.12;0.52;165.01;203.03;0.5;190.01;285.05;0.47;165.45;181.54;0.48;192.21;185.05;0.41;171.15;160.49;0.39;197.47;342.51;0.42;170.28;330.23;0.48;203.61;330.67;0.49;158.43;355.23;0.48;225.98;361.81;0.6;134.75;392.96;0.57;233.88;400.85;0.57;166.02;3.17;173.22;155.74;152.28;160.91;176.46;162.15;3.54;17.85;201.77;30.9;31.69;
73;1;240.41;171.22;0.73;242.72;168.4;0.69;239.39;168.91;0.69;246.31;171.99;0.46;240.16;171.99;0.28;245.8;184.55;0.69;236.06;185.58;0.63;226.31;175.32;0.64;225.29;181.47;0.59;214.77;162.76;0.63;213.24;167.88;0.54;245.03;229.93;0.62;231.95;230.45;0.61;249.13;262.24;0.65;236.82;263.01;0.64;262.21;294.04;0.67;249.65;292.75;0.64;157.91;152.42;164.88;165.19;171.79;166.27;114.38;105.63;65.62;74.37;122.18;8.8;46.54;
73;2;41.12;128.29;0.34;41.74;128.29;0.25;44.99;128.29;0.22;45.13;132.3;0.37;46.24;128.29;0.32;51.35;137.63;0.51;42.3;137.07;0.51;52.46;143.85;0.48;40.64;143.92;0.42;54.6;148.48;0.28;38.15;149.52;0.37;47.83;154.43;0.37;43.13;154.22;0.39;43.19;163.35;0.29;41.4;161.76;0.28;41.19;169.02;0.33;38.84;168.54;0.36;165.25;169.66;172.03;172.23;164.41;164.31;21.93;16.4;158.07;163.6;40.49;2.32;5.73;
74;0;240.43;168.17;0.75;243.31;165.56;0.69;240.17;165.56;0.68;247.23;167.65;0.52;239.64;168.44;0.34;245.14;181.0;0.71;236.76;181.79;0.66;226.29;173.93;0.67;224.2;177.07;0.56;214.51;161.89;0.69;212.16;164.51;0.52;244.09;227.86;0.64;231.53;228.12;0.62;248.54;259.01;0.68;234.93;259.79;0.67;262.68;290.42;0.71;250.64;288.59;0.68;154.93;154.34;163.9;157.52;170.59;167.42;109.28;104.11;70.72;75.89;121.33;1302.96;5364.53;
74;1;174.93;193.1;0.57;174.93;194.99;0.48;173.98;196.41;0.49;164.52;191.2;0.6;183.45;195.46;0.55;163.57;199.25;0.57;184.87;276.4;0.49;165.94;179.37;0.58;191.02;181.26;0.47;170.67;159.49;0.55;192.92;163.75;0.47;169.72;254.15;0.6;180.14;254.15;0.56;165.46;357.81;0.44;228.89;362.07;0.54;140.85;396.62;0.38;235.51;404.19;0.42;173.4;177.53;149.97;164.63;171.25;12.3;166.82;15.71;13.18;164.29;207.31;1328.25;622.77;
74;2;39.84;127.66;0.37;40.05;127.66;0.28;39.98;127.66;0.22;43.92;131.8;0.42;45.02;127.66;0.33;49.58;137.4;0.48;41.57;137.12;0.47;51.44;143.27;0.42;39.56;143.62;0.39;53.38;147.76;0.23;36.73;149.28;0.38;47.78;154.18;0.33;42.67;154.18;0.35;42.05;163.16;0.23;39.77;163.16;0.26;40.19;169.03;0.27;37.77;168.9;0.33;174.32;170.58;165.07;178.65;153.55;158.39;23.73;20.85;156.27;159.15;41.3;42.79;43.09;
74;3;174.41;191.69;0.71;174.64;186.63;0.45;179.01;187.55;0.5;165.67;194.45;0.76;181.77;193.3;0.69;164.06;204.11;0.72;182.69;205.03;0.68;164.98;177.66;0.7;191.43;179.27;0.67;168.89;158.11;0.72;192.58;157.42;0.7;167.51;251.27;0.65;180.39;253.8;0.66;167.05;297.05;0.5;188.67;297.05;0.44;190.05;297.05;0.32;188.44;297.05;0.38;170.68;164.27;89.42;79.16;175.24;166.46;173.82;163.96;6.18;16.04;105.36;602.82;647.81;
75;0;240.17;166.59;0.74;242.65;164.11;0.73;239.17;164.35;0.72;247.61;167.83;0.51;238.43;167.33;0.3;244.88;179.75;0.7;236.94;180.0;0.64;225.27;172.05;0.68;228.99;175.03;0.48;211.86;160.38;0.69;213.35;161.87;0.41;245.13;225.69;0.61;230.48;225.69;0.61;248.36;256.72;0.66;231.97;257.47;0.69;264.75;287.27;0.69;251.84;286.02;0.65;160.39;171.93;157.72;147.86;174.37;169.27;111.73;113.96;68.27;66.04;120.06;91.7;86.94;
75;1;174.08;187.6;0.45;169.63;185.38;0.37;192.33;184.93;0.33;166.07;263.71;0.44;190.1;262.38;0.43;166.07;197.4;0.48;194.11;286.41;0.46;167.4;178.26;0.45;210.13;318.46;0.37;166.96;152.44;0.4;191.44;341.16;0.4;170.96;331.37;0.46;206.13;331.37;0.51;159.39;357.18;0.51;230.16;362.52;0.61;141.59;397.69;0.57;235.5;403.03;0.57;175.02;113.96;179.58;149.86;153.76;157.32;173.92;11.6;6.08;168.4;212.75;239.32;5328.63;take_off
75;2;38.9;130.76;0.38;39.11;127.08;0.25;39.31;127.08;0.19;42.86;131.46;0.41;43.76;127.08;0.32;48.27;136.8;0.56;40.36;136.18;0.54;49.73;142.91;0.47;38.27;142.77;0.44;48.48;147.7;0.27;35.36;148.67;0.41;44.8;153.19;0.37;40.43;152.98;0.38;40.5;162.49;0.31;37.16;160.68;0.31;38.34;168.67;0.31;36.26;168.11;0.36;151.96;171.23;174.37;163.98;167.13;156.81;25.38;17.76;154.62;162.24;37.63;147.18;45.12;
76;0;240.61;164.84;0.72;243.09;162.61;0.67;240.36;162.61;0.63;247.8;165.83;0.53;248.79;166.58;0.31;244.33;177.49;0.69;239.12;178.48;0.62;224.25;170.54;0.65;226.97;172.28;0.47;210.61;159.39;0.68;212.84;162.36;0.46;244.82;223.85;0.59;230.69;223.85;0.58;247.55;254.84;0.64;230.94;254.84;0.65;265.15;283.84;0.69;252.01;281.12;0.66;159.78;171.97;153.78;141.73;175.58;169.02;109.68;106.51;70.32;73.49;117.64;47.92;21.22;
76;1;38.18;129.97;0.4;37.91;126.5;0.22;37.84;126.5;0.17;41.38;130.59;0.38;41.93;126.5;0.31;46.79;136.42;0.6;38.53;136.0;0.57;48.32;142.67;0.53;36.59;142.46;0.46;50.19;147.87;0.26;33.54;148.91;0.41;43.81;153.28;0.4;39.02;152.59;0.42;38.95;163.07;0.34;36.1;162.65;0.33;36.8;168.41;0.33;34.92;167.37;0.37;173.94;171.44;175.53;177.88;163.63;162.17;23.77;18.43;156.23;161.57;37.92;3509.8;7472.16;peak_hand_velocity
76;2;175.2;181.71;0.49;176.18;177.79;0.42;173.72;182.2;0.41;168.33;179.75;0.48;181.57;183.67;0.46;164.9;191.52;0.5;183.53;271.43;0.48;167.35;167.01;0.48;187.94;171.91;0.4;161.96;144.94;0.45;190.39;152.79;0.44;170.29;248.38;0.59;180.59;248.38;0.57;162.94;359.18;0.48;234.02;361.14;0.54;147.25;399.87;0.42;237.95;404.77;0.47;160.55;175.23;162.71;159.78;170.79;18.08;168.87;9.81;11.13;170.19;220.61;3409.37;4658.1;
77;0;240.96;163.35;0.65;243.13;160.94;0.61;240.96;161.19;0.56;248.18;164.32;0.52;251.07;165.76;0.31;245.05;175.88;0.68;238.79;176.6;0.62;225.06;169.62;0.66;226.02;170.82;0.5;211.09;159.98;0.69;212.77;165.76;0.52;244.81;222.37;0.6;230.84;222.37;0.57;247.22;252.72;0.62;227.95;252.24;0.62;266.25;279.7;0.66;251.56;276.33;0.64;162.8;176.54;149.34;130.05;175.17;175.67;107.1;104.51;72.9;75.49;114.66;22.85;102.11;
77;1;43.89;125.8;0.36;43.96;125.8;0.27;43.12;125.8;0.28;36.1;125.8;0.33;41.01;125.8;0.33;46.06;135.13;0.51;37.22;134.71;0.52;46.91;142.0;0.49;35.47;141.72;0.38;45.85;146.14;0.26;32.38;146.35;0.22;41.43;152.18;0.38;36.38;151.4;0.4;37.37;162.42;0.31;28.6;159.68;0.32;34.77;167.82;0.33;22.07;166.56;0.37;158.75;160.35;176.0;179.75;173.53;139.64;22.18;11.15;157.82;168.85;41.39;140.16;84.25;
77;2;173.79;182.8;0.61;175.59;178.61;0.46;174.99;178.41;0.48;164.0;187.6;0.66;181.98;186.2;0.64;163.01;197.78;0.63;184.18;196.78;0.64;161.61;172.02;0.65;189.97;172.61;0.66;162.01;151.44;0.63;190.97;153.84;0.62;168.0;245.52;0.55;181.18;246.32;0.58;170.6;285.27;0.48;187.17;284.67;0.46;170.2;295.46;0.29;189.57;295.46;0.37;175.78;169.57;174.02;176.35;177.77;167.66;177.13;169.98;2.87;10.02;112.66;195.16;35.99;
77;3;183.99;277.39;0.63;174.03;276.53;0.41;185.72;275.23;0.42;175.76;276.09;0.39;189.62;275.66;0.43;175.76;294.72;0.6;200.02;290.82;0.6;167.1;318.55;0.44;217.78;318.12;0.51;168.4;339.34;0.34;218.65;340.21;0.42;186.59;334.14;0.59;209.12;333.71;0.61;160.6;360.57;0.8;234.24;362.3;0.84;150.2;399.99;0.79;239.01;403.46;0.87;156.44;149.19;150.25;145.3;120.11;150.67;35.34;21.08;144.66;158.92;124.33;5443.36;5545.62;
78;0;240.44;163.79;0.68;242.84;161.39;0.64;239.96;161.63;0.6;248.35;164.5;0.52;250.03;165.22;0.29;245.47;175.78;0.69;239.0;176.74;0.63;224.85;169.78;0.68;226.29;171.46;0.5;210.94;159.71;0.69;213.34;165.7;0.5;244.51;222.31;0.61;230.6;222.31;0.6;246.91;252.76;0.64;228.45;253.0;0.65;266.1;279.87;0.68;252.19;276.51;0.66;160.3;178.58;149.21;130.69;174.32;173.58;105.03;102.11;74.97;77.89;114.4;9.34;16.99;
78;1;44.35;126.15;0.38;44.14;126.15;0.31;43.31;126.15;0.32;36.43;126.15;0.32;41.08;126.15;0.32;46.02;135.12;0.53;37.26;134.63;0.53;46.92;141.72;0.51;35.52;141.51;0.43;45.6;146.24;0.27;39.69;146.45;0.23;41.22;152.22;0.4;35.66;151.52;0.42;37.4;162.58;0.34;28.92;159.93;0.34;35.03;167.79;0.34;22.52;166.68;0.39;155.91;125.63;175.87;175.23;175.41;146.69;23.46;8.77;156.54;171.23;41.09;8.13;219.53;
78;2;173.67;181.6;0.61;175.44;179.04;0.47;172.49;178.65;0.49;164.03;187.7;0.65;181.74;185.93;0.63;163.05;198.32;0.59;184.1;197.14;0.61;161.87;171.76;0.63;190.0;171.76;0.64;161.87;151.89;0.59;190.99;153.26;0.58;167.97;245.15;0.53;181.15;245.74;0.56;170.52;284.3;0.46;187.05;284.3;0.45;189.02;294.93;0.29;189.81;294.93;0.37;177.46;169.95;123.61;174.17;177.74;167.82;176.55;170.38;3.45;9.62;113.33;14.01;17.26;take_off
78;3;184.12;275.02;0.65;174.23;274.59;0.42;185.41;273.3;0.43;179.82;273.73;0.39;189.27;272.44;0.42;176.81;295.22;0.61;201.31;291.35;0.6;166.92;319.72;0.44;218.94;317.57;0.51;166.49;341.65;0.32;218.51;340.79;0.39;186.7;335.2;0.62;209.48;334.77;0.65;160.04;360.56;0.83;234.84;363.14;0.86;150.16;399.68;0.8;239.14;403.12;0.88;159.15;145.03;147.76;144.34;119.69;148.86;35.87;23.25;144.13;156.75;126.38;89.8;17.91;
79;0;174.15;182.45;0.62;173.52;177.84;0.38;178.97;177.0;0.46;163.88;184.96;0.68;182.11;184.75;0.68;162.83;195.44;0.69;184.2;195.02;0.69;160.53;170.09;0.72;189.86;171.35;0.73;159.27;148.09;0.74;190.49;151.44;0.76;168.91;241.11;0.64;182.53;241.52;0.66;171.84;281.75;0.58;186.93;281.54;0.57;171.42;294.94;0.33;189.65;294.94;0.4;178.08;168.37;174.05;174.79;176.55;171.66;177.62;168.63;2.38;11.37;112.5;1590.46;808.94;
79;1;239.89;161.51;0.67;241.5;159.9;0.61;240.12;159.9;0.59;245.42;162.89;0.5;244.04;161.74;0.35;245.65;173.94;0.7;240.12;175.55;0.64;224.71;168.87;0.67;228.62;168.18;0.47;209.06;160.59;0.68;211.59;162.43;0.41;243.12;221.57;0.59;230.0;221.11;0.6;246.34;251.49;0.63;225.63;250.34;0.67;266.59;276.34;0.68;251.17;271.05;0.64;165.69;166.05;146.97;120.53;170.81;175.98;100.55;110.09;79.45;69.91;112.19;4928.21;5185.11;
79;2;41.85;128.85;0.34;41.92;124.88;0.16;41.71;124.88;0.14;34.9;129.56;0.3;38.94;124.88;0.29;44.54;134.52;0.58;36.18;134.16;0.58;45.82;140.75;0.54;34.05;140.68;0.44;47.59;145.65;0.3;31.01;146.78;0.32;40.93;151.17;0.4;35.9;150.68;0.42;36.39;161.17;0.35;32.49;159.89;0.34;34.2;167.33;0.35;29.52;166.13;0.38;171.64;171.5;175.2;174.75;167.83;160.72;23.8;17.08;156.2;162.92;37.88;3437.38;4808.95;
79;3;188.49;278.58;0.81;189.5;277.57;0.65;186.22;276.81;0.61;183.44;279.59;0.61;193.54;278.32;0.51;175.86;298.78;0.61;208.45;295.75;0.63;171.57;324.04;0.35;214.51;315.46;0.39;169.29;353.6;0.33;266.79;248.77;0.23;187.48;338.95;0.62;210.97;335.66;0.65;160.2;361.17;0.76;236.23;361.93;0.72;153.38;402.85;0.76;241.79;403.1;0.79;174.75;55.2;138.47;143.81;113.04;139.74;25.78;13.48;154.22;166.52;124.4;368.63;3121.11;
80;0;175.1;178.37;0.64;174.85;172.43;0.48;178.56;172.92;0.55;164.2;181.59;0.73;183.52;180.6;0.74;162.71;192.24;0.72;185.0;192.99;0.71;159.74;166.24;0.71;189.96;168.22;0.72;157.26;144.93;0.74;190.45;148.9;0.74;169.4;238.81;0.65;182.53;239.06;0.68;173.36;280.92;0.61;182.53;282.16;0.59;174.11;299.0;0.38;183.27;299.0;0.41;179.89;170.16;176.98;177.47;177.2;176.92;178.35;171.77;1.65;8.23;120.63;112.44;76.5;
80;1;40.41;127.47;0.35;34.3;123.25;0.2;39.54;123.25;0.18;33.64;127.62;0.33;33.72;123.25;0.3;43.32;133.8;0.58;34.59;133.44;0.58;44.56;140.65;0.56;32.99;140.28;0.45;43.69;146.32;0.31;30.08;145.89;0.28;39.17;151.13;0.41;34.22;150.47;0.44;34.95;161.54;0.36;31.31;160.44;0.35;32.48;167.29;0.36;28.04;166.12;0.39;161.0;165.72;178.79;166.29;171.39;164.95;23.72;11.95;156.28;168.05;39.23;4985.3;5474.27;
80;2;236.16;160.82;0.62;238.19;159.25;0.55;236.38;159.02;0.47;242.69;161.28;0.44;242.92;160.82;0.29;244.95;172.09;0.67;238.41;173.45;0.6;223.76;167.81;0.6;229.85;167.13;0.4;207.76;161.28;0.63;210.46;163.3;0.34;243.14;219.87;0.55;229.4;219.42;0.58;246.3;249.85;0.62;224.21;249.4;0.67;267.48;272.38;0.68;251.26;268.1;0.63;169.21;154.8;142.78;114.86;171.83;178.72;99.27;115.29;80.73;64.71;109.42;4833.48;5412.79;
80;3;188.21;284.29;0.24;126.45;284.29;0.12;212.77;284.29;0.14;163.41;284.29;0.31;177.05;284.29;0.26;175.81;284.29;0.41;209.05;284.29;0.42;158.45;284.29;0.34;218.72;284.29;0.33;168.37;284.29;0.27;269.07;284.29;0.29;189.95;339.1;0.53;212.77;336.13;0.57;159.94;362.42;0.75;239.06;360.93;0.68;157.46;404.83;0.68;244.77;402.85;0.7;0.01;180.0;131.19;141.08;113.38;137.44;104.46;85.89;75.54;94.11;119.55;2081.8;1068.95;
81;0;174.67;178.87;0.64;175.17;172.18;0.48;178.39;173.18;0.53;163.77;181.6;0.71;183.35;180.61;0.73;162.53;192.26;0.72;184.83;193.0;0.71;159.56;166.48;0.72;190.04;168.47;0.72;157.33;145.17;0.75;190.53;149.14;0.74;169.47;238.85;0.65;182.6;239.09;0.68;171.7;281.22;0.61;182.35;282.46;0.58;171.7;299.31;0.39;181.86;299.31;0.41;179.39;169.49;176.99;178.64;174.54;177.56;178.11;170.79;1.89;9.21;120.44;7.41;7.6;
81;1;41.29;127.84;0.37;41.65;127.84;0.21;40.04;128.06;0.21;33.81;127.62;0.32;37.92;128.06;0.29;43.7;133.77;0.57;34.69;133.26;0.59;44.66;140.51;0.55;33.15;139.92;0.46;44.0;146.3;0.3;30.66;145.57;0.29;39.31;150.99;0.43;34.4;150.18;0.45;34.99;161.24;0.4;31.25;159.49;0.38;32.57;167.25;0.39;27.29;165.86;0.41;165.46;169.17;179.07;166.88;171.47;162.29;22.37;12.0;157.63;168.0;38.72;9.37;20.11;jump_peak
81;2;235.66;161.26;0.63;237.01;159.46;0.54;235.66;159.68;0.48;241.98;161.94;0.42;240.4;161.94;0.27;244.46;172.32;0.68;237.47;174.13;0.59;223.93;168.03;0.6;228.44;167.58;0.38;209.71;161.94;0.63;210.39;163.52;0.33;242.88;219.48;0.58;229.34;219.26;0.6;246.27;249.95;0.65;224.15;249.49;0.68;267.03;272.74;0.69;250.1;267.55;0.64;168.59;156.74;144.01;115.09;171.74;179.54;99.88;115.74;80.12;64.26;108.88;61.88;6.88;
81;3;181.78;284.14;0.24;126.51;284.14;0.12;212.76;284.14;0.15;163.69;284.14;0.32;177.07;284.14;0.27;175.83;284.14;0.41;209.79;284.14;0.42;158.48;284.14;0.35;219.21;284.14;0.34;168.15;284.14;0.29;269.03;284.14;0.32;189.96;339.91;0.53;213.01;336.2;0.58;159.97;362.47;0.76;239.04;360.73;0.69;157.49;405.1;0.69;244.98;402.87;0.7;0.01;180.0;130.27;141.35;112.73;136.86;104.22;86.46;75.78;93.54;119.84;8.06;4.58;
82;0;241.2;156.97;0.65;242.55;155.62;0.58;239.18;155.17;0.54;248.4;156.97;0.49;241.88;157.42;0.36;242.55;169.56;0.68;238.95;170.23;0.62;218.5;166.64;0.58;242.1;165.74;0.39;213.55;163.49;0.58;229.06;166.19;0.4;240.98;217.67;0.62;228.16;217.22;0.66;246.82;249.37;0.69;222.32;248.24;0.74;267.5;269.6;0.74;250.19;264.2;0.67;154.46;53.03;144.82;109.12;167.68;177.74;95.05;157.94;84.95;22.06;109.93;1776.07;1265.49;
82;1;174.8;176.53;0.58;167.5;170.99;0.4;179.58;171.5;0.47;163.22;179.55;0.73;183.1;178.54;0.74;162.46;190.12;0.75;185.37;189.87;0.75;158.69;164.2;0.76;189.65;165.46;0.76;155.67;142.3;0.8;190.15;146.07;0.8;169.76;233.67;0.69;183.1;233.67;0.7;171.02;276.21;0.71;180.84;277.21;0.69;170.02;299.62;0.51;178.57;299.62;0.51;179.57;171.55;175.84;177.2;172.18;179.98;178.77;173.02;1.23;6.98;123.08;3356.15;4790.23;
82;2;40.24;124.01;0.31;59.26;124.01;0.27;59.26;124.01;0.26;32.64;124.01;0.34;32.85;124.01;0.34;42.44;133.1;0.41;32.57;132.6;0.4;43.85;139.06;0.35;31.72;138.63;0.33;46.55;144.6;0.18;28.95;144.17;0.18;37.75;150.49;0.27;31.79;149.78;0.3;34.06;159.57;0.22;24.91;158.22;0.25;31.29;166.67;0.29;18.45;165.39;0.36;167.42;161.47;179.2;177.17;172.97;143.42;28.47;5.43;151.53;174.57;42.02;4928.05;5480.32;jump_peak
82;3;191.68;279.96;0.79;192.19;278.96;0.63;189.42;278.21;0.61;184.65;280.47;0.59;197.71;279.71;0.53;178.37;300.82;0.58;209.27;298.81;0.58;170.83;325.69;0.3;234.4;252.83;0.3;186.41;356.6;0.35;251.48;252.83;0.32;189.67;341.77;0.62;212.04;338.76;0.63;162.54;363.63;0.76;241.18;360.87;0.75;161.28;407.1;0.77;248.47;404.84;0.79;136.39;118.65;130.51;136.59;113.42;131.14;32.29;147.39;147.71;32.61;126.01;2244.23;1078.09;take_off
83;0;238.4;154.13;0.56;240.61;152.37;0.46;239.95;152.15;0.39;244.59;152.81;0.44;245.03;155.02;0.33;241.5;167.17;0.69;241.5;169.38;0.62;223.6;168.27;0.7;240.83;185.72;0.42;208.36;165.4;0.73;233.1;205.16;0.34;240.17;216.2;0.62;227.58;216.2;0.67;247.02;248.01;0.7;220.95;246.46;0.74;268.66;267.67;0.74;252.32;262.81;0.66;165.8;160.63;144.39;105.17;166.3;175.8;84.92;14.23;95.08;165.77;111.1;166.06;1176.76;
83;1;192.78;280.8;0.83;193.31;279.75;0.75;191.21;279.22;0.73;189.1;281.59;0.63;194.62;280.8;0.54;180.7;301.28;0.62;210.38;298.92;0.63;174.4;324.13;0.37;212.48;318.62;0.41;189.1;357.75;0.38;193.31;247.18;0.19;192.52;343.83;0.66;215.11;339.89;0.67;164.15;364.84;0.79;243.21;361.69;0.75;164.94;409.23;0.78;252.14;405.55;0.79;140.95;8.93;125.51;139.31;111.0;134.38;30.95;0.49;149.05;179.51;126.59;6548.54;3038.2;landing
83;2;175.17;174.35;0.56;171.31;169.98;0.4;178.77;169.98;0.46;163.34;178.21;0.75;182.11;177.18;0.74;162.32;188.23;0.74;185.7;187.71;0.76;157.95;162.27;0.77;189.82;164.07;0.79;154.61;140.68;0.81;189.82;143.77;0.81;170.28;232.18;0.68;183.91;232.43;0.7;171.06;274.58;0.7;182.62;275.61;0.7;170.54;300.28;0.57;179.54;300.28;0.53;179.24;170.13;177.81;174.58;170.77;179.4;179.28;172.44;0.72;7.56;125.93;3247.54;4831.6;landing
83;3;38.58;123.11;0.32;57.72;123.11;0.23;57.72;123.11;0.24;30.84;123.11;0.33;31.13;123.11;0.31;40.8;132.28;0.47;31.34;131.99;0.46;41.88;138.8;0.42;30.48;138.73;0.36;43.38;143.96;0.24;27.11;144.47;0.22;36.22;149.98;0.32;31.27;149.84;0.34;32.85;160.02;0.24;24.1;158.59;0.26;30.48;166.18;0.27;21.31;165.47;0.34;173.1;156.84;177.56;162.77;175.97;140.89;23.89;7.04;156.11;172.96;42.72;7696.77;7483.75;
84;0;239.52;151.82;0.67;241.92;149.42;0.55;239.52;149.2;0.5;244.32;150.94;0.44;239.52;152.69;0.34;239.95;164.91;0.7;242.57;166.43;0.63;224.68;169.05;0.72;242.79;182.15;0.46;209.41;168.62;0.79;229.92;204.4;0.39;239.08;214.66;0.68;226.21;214.66;0.73;246.5;245.42;0.7;219.66;244.77;0.78;269.41;267.02;0.77;251.52;258.95;0.66;163.18;149.16;146.87;101.73;165.44;173.52;73.81;19.54;106.19;160.46;111.17;101.59;98.31;
84;1;194.71;282.32;0.77;195.24;280.73;0.67;193.39;280.47;0.62;190.49;282.84;0.58;197.09;282.32;0.48;183.37;301.84;0.58;212.13;299.73;0.6;164.89;317.15;0.38;211.34;317.42;0.4;179.67;357.79;0.26;194.71;246.95;0.22;193.66;345.39;0.66;216.88;341.96;0.65;165.16;365.98;0.78;245.12;363.07;0.74;168.59;411.1;0.77;255.94;405.83;0.79;109.66;15.84;121.49;140.99;112.54;133.2;63.65;8.98;116.35;171.02;126.15;283.33;42.83;
84;2;173.99;172.21;0.62;168.92;168.75;0.42;179.05;168.21;0.45;163.05;176.75;0.72;182.25;174.61;0.73;161.99;185.55;0.75;186.52;185.28;0.77;157.19;161.01;0.78;189.72;161.28;0.8;152.65;138.08;0.82;189.45;141.01;0.81;170.79;230.61;0.71;184.39;230.88;0.73;171.59;271.68;0.76;183.32;274.08;0.77;168.65;300.74;0.58;177.99;300.74;0.55;179.89;171.65;173.12;170.1;170.07;178.74;179.98;175.08;0.02;4.92;128.53;97.72;83.39;
84;3;36.98;122.54;0.3;36.91;122.54;0.23;56.33;122.54;0.24;29.42;122.54;0.33;29.64;122.54;0.32;39.71;131.9;0.43;29.42;131.9;0.42;40.72;138.01;0.38;29.21;138.52;0.33;40.94;143.98;0.22;25.46;144.2;0.2;34.6;149.02;0.28;28.56;148.73;0.31;31.58;159.31;0.2;22.59;158.09;0.24;28.99;166.0;0.25;19.49;165.28;0.34;172.72;148.51;175.21;170.71;179.76;150.38;25.96;1.07;154.04;178.93;43.1;73.52;50.14;
85;0;239.46;149.33;0.62;242.51;146.93;0.57;238.59;145.84;0.51;244.25;149.33;0.48;236.19;150.63;0.37;240.11;163.7;0.68;237.06;164.35;0.61;222.91;170.01;0.68;237.72;174.15;0.41;207.45;171.54;0.74;229.22;169.58;0.41;238.59;213.57;0.67;225.3;213.57;0.71;247.52;244.27;0.69;218.99;243.4;0.77;270.82;266.27;0.75;250.78;256.9;0.62;165.47;57.89;149.56;101.06;162.04;178.51;68.09;17.25;111.91;162.75;112.26;105.69;1046.07;
85;1;197.84;281.97;0.9;197.84;281.4;0.79;196.69;280.82;0.73;193.23;282.55;0.68;200.14;282.55;0.56;185.16;301.85;0.68;216.85;299.83;0.76;173.35;327.2;0.45;220.6;322.88;0.54;190.06;361.19;0.61;194.96;359.75;0.4;194.96;345.35;0.76;217.72;342.75;0.74;167.3;368.39;0.83;246.52;365.22;0.79;171.34;415.06;0.83;260.93;409.01;0.83;128.84;135.96;124.87;146.16;117.12;129.11;37.67;8.08;142.33;171.92;130.06;328.31;3387.89;
85;2;174.01;169.62;0.64;168.39;165.06;0.39;179.37;164.26;0.45;163.3;174.71;0.69;182.59;172.03;0.7;162.23;183.81;0.76;187.14;183.01;0.79;156.34;159.44;0.78;189.55;158.9;0.8;151.25;136.67;0.83;189.28;138.81;0.82;171.07;228.54;0.72;185.0;229.08;0.73;171.87;269.26;0.75;183.93;272.2;0.77;168.93;300.33;0.59;179.37;300.33;0.56;179.01;173.53;173.45;172.23;169.95;178.76;177.59;176.95;2.41;3.05;130.71;59.81;66.31;
86;0;239.62;149.58;0.63;242.45;146.97;0.57;238.74;146.1;0.51;244.4;149.36;0.49;236.13;150.67;0.37;240.27;163.73;0.68;237.0;164.38;0.61;223.07;169.83;0.68;238.74;174.18;0.41;207.61;171.35;0.75;229.38;169.61;0.41;238.74;213.58;0.67;225.25;213.58;0.71;247.45;244.28;0.69;218.93;243.63;0.77;270.75;266.05;0.75;251.15;256.9;0.62;166.11;53.89;148.9;100.53;162.41;178.43;68.73;23.52;111.27;156.48;111.89;7.58;4.91;
86;1;197.92;281.87;0.89;197.63;281.3;0.78;196.77;281.01;0.72;193.04;282.73;0.67;200.22;282.73;0.55;185.28;301.69;0.68;216.59;299.97;0.76;172.93;326.39;0.45;220.32;322.37;0.54;190.16;361.15;0.6;195.05;360.0;0.4;195.05;345.35;0.76;217.74;342.48;0.74;167.19;368.33;0.83;246.46;365.17;0.78;171.21;415.15;0.83;260.82;408.83;0.82;127.06;136.65;124.6;146.52;116.91;129.86;39.17;7.91;140.83;172.09;130.12;3.33;7.98;
86;2;173.99;169.63;0.64;168.37;165.08;0.39;179.61;164.54;0.44;163.01;174.72;0.69;182.56;172.04;0.7;162.21;183.82;0.76;187.11;183.02;0.79;156.32;159.72;0.78;189.52;158.92;0.8;151.23;136.69;0.83;189.25;138.57;0.82;171.04;228.54;0.72;184.97;229.07;0.73;171.85;269.24;0.75;183.9;272.45;0.77;168.9;300.3;0.59;179.34;300.3;0.56;178.72;173.54;173.45;172.13;169.95;178.75;177.44;176.95;2.56;3.05;130.67;0.89;7.41;
87;0;200.07;282.27;0.84;196.79;281.37;0.66;197.98;280.78;0.64;194.41;283.75;0.7;205.13;284.35;0.55;186.97;301.61;0.74;219.11;298.63;0.82;175.96;321.25;0.48;223.28;323.34;0.67;192.63;361.43;0.46;208.4;315.3;0.4;198.88;348.04;0.79;220.9;345.36;0.79;171.2;374.52;0.88;252.15;372.74;0.83;174.77;420.06;0.86;270.9;414.11;0.86;128.2;52.06;129.26;155.61;119.36;133.41;43.66;7.39;136.34;172.61;134.82;5726.71;4420.97;landing
87;1;238.25;144.34;0.68;241.23;142.96;0.7;238.71;141.82;0.59;242.6;144.34;0.6;236.88;145.25;0.43;236.65;160.59;0.74;239.4;162.65;0.63;226.81;172.49;0.73;239.63;173.86;0.47;210.79;177.06;0.75;225.44;177.98;0.41;237.8;210.47;0.69;223.38;210.47;0.72;249.01;242.97;0.68;216.74;240.45;0.76;273.72;267.23;0.75;244.43;245.49;0.63;145.53;105.02;153.5;87.82;162.28;173.97;40.9;19.69;139.1;160.31;112.02;5563.6;5542.68;
87;2;173.87;166.25;0.59;163.76;163.73;0.43;182.86;161.48;0.44;163.48;171.59;0.73;183.15;168.5;0.73;162.64;180.58;0.76;187.92;179.18;0.77;154.77;154.45;0.79;190.17;154.17;0.78;147.18;131.42;0.8;189.05;134.51;0.79;171.91;226.1;0.73;185.96;226.38;0.75;172.19;266.84;0.77;185.11;268.24;0.79;168.54;302.24;0.6;181.46;302.24;0.55;178.53;171.59;173.71;175.02;168.88;178.77;174.76;177.25;5.24;2.75;135.98;199.73;122.15;
88;0;202.34;283.7;0.85;198.56;281.95;0.7;200.88;281.66;0.67;195.08;284.57;0.69;206.4;285.15;0.61;187.53;304.3;0.79;219.17;299.08;0.84;188.11;333.9;0.67;224.97;324.62;0.71;195.95;363.51;0.57;211.62;323.17;0.43;199.14;350.16;0.82;222.07;347.84;0.8;172.73;375.99;0.87;254.58;375.12;0.82;175.92;420.68;0.85;276.05;416.33;0.83;166.3;70.99;130.28;157.53;120.16;133.41;13.08;9.4;166.92;170.6;134.81;117.75;255.31;
88;1;238.63;143.82;0.72;240.71;141.48;0.75;238.11;141.22;0.74;243.31;143.3;0.68;236.81;144.6;0.54;236.29;159.42;0.75;241.75;160.72;0.61;225.89;173.72;0.73;249.55;171.64;0.46;209.78;182.29;0.77;221.48;184.37;0.38;237.07;209.07;0.69;222.51;208.55;0.71;249.55;241.82;0.71;216.8;239.22;0.78;275.8;268.85;0.76;245.91;243.9;0.6;154.05;78.87;156.69;88.57;160.05;168.65;36.93;57.45;143.07;122.55;112.55;160.03;225.97;
88;2;173.23;164.07;0.69;166.8;160.53;0.51;179.02;160.21;0.47;162.94;166.32;0.75;183.53;165.36;0.8;161.97;177.58;0.79;188.67;176.3;0.82;154.25;153.78;0.81;190.28;152.49;0.82;146.53;130.61;0.83;188.35;131.58;0.85;172.27;226.48;0.77;186.74;226.48;0.81;172.91;267.98;0.77;185.78;270.56;0.79;168.08;304.66;0.67;184.81;306.91;0.62;179.53;170.86;171.62;179.73;169.0;179.05;173.92;178.34;6.08;1.66;141.71;31.08;90.37;
89;0;202.75;282.78;1.0;202.19;282.22;0.78;201.63;281.94;0.81;195.76;284.46;0.7;207.79;285.29;0.64;186.81;305.16;0.86;220.94;300.12;0.87;188.49;332.85;0.65;226.25;328.1;0.73;199.68;365.31;0.58;213.66;325.02;0.5;200.52;350.76;0.84;223.46;347.68;0.81;173.66;377.06;0.89;256.47;377.62;0.83;176.46;418.46;0.86;278.57;414.27;0.82;164.44;65.51;130.53;163.29;117.67;135.23;13.26;7.73;166.74;172.27;133.59;124.29;82.87;
89;1;237.76;143.67;0.71;239.85;141.05;0.73;237.49;141.05;0.71;243.52;143.14;0.64;236.45;143.67;0.47;234.61;159.65;0.71;243.0;159.13;0.58;223.87;176.16;0.64;254.79;168.3;0.48;210.24;186.12;0.65;218.37;186.9;0.36;235.92;207.34;0.69;221.25;206.82;0.7;250.6;241.4;0.72;216.79;238.78;0.78;275.75;269.44;0.78;245.88;245.07;0.61;159.21;64.93;161.41;94.27;158.27;163.42;34.63;76.64;145.37;103.36;113.59;115.67;120.4;
89;2;173.3;161.53;0.64;166.21;158.7;0.55;182.51;156.22;0.54;162.67;165.08;0.8;183.22;162.24;0.81;161.26;174.99;0.8;188.53;173.22;0.81;153.46;150.91;0.8;190.3;149.84;0.82;145.32;128.24;0.82;187.47;129.65;0.82;171.53;223.88;0.76;186.41;224.23;0.8;172.94;263.9;0.8;185.34;268.15;0.77;169.4;306.06;0.73;167.28;295.78;0.71;178.16;167.68;173.17;148.21;170.16;179.0;173.94;178.05;6.06;1.95;139.39;80.21;63.67;
90;0;204.38;284.15;1.0;204.1;283.6;0.78;203.28;283.05;0.81;196.92;285.54;0.69;209.36;286.36;0.66;187.24;306.82;0.87;222.35;301.29;0.87;189.45;335.85;0.64;228.15;328.93;0.71;201.62;368.74;0.59;217.1;325.89;0.5;201.89;352.43;0.83;225.67;349.11;0.8;174.8;378.69;0.89;258.56;379.52;0.8;175.91;420.16;0.86;283.72;415.18;0.8;164.07;62.76;132.58;167.95;116.3;136.72;13.45;7.89;166.55;172.11;133.52;118.44;106.37;
90;1;238.56;140.93;0.72;241.46;138.02;0.77;238.29;138.55;0.77;246.22;140.66;0.66;235.38;141.45;0.52;243.32;157.58;0.6;230.89;155.46;0.64;256.0;166.83;0.52;224.02;171.32;0.42;249.66;144.89;0.4;216.35;186.39;0.59;236.44;203.05;0.64;219.52;201.99;0.68;250.45;239.0;0.72;216.35;236.62;0.8;275.3;269.92;0.78;247.81;246.4;0.61;37.77;176.46;162.51;102.04;150.11;171.5;62.5;9.7;117.5;170.3;117.24;1713.1;62.38;
90;2;173.25;159.13;0.67;166.89;156.3;0.56;181.02;154.18;0.54;163.0;162.66;0.8;183.85;159.13;0.83;161.59;171.85;0.8;189.15;171.14;0.81;152.41;147.82;0.8;190.21;147.12;0.83;143.93;125.57;0.83;186.67;126.63;0.81;172.19;222.37;0.77;187.03;222.72;0.81;173.25;261.93;0.8;187.38;265.11;0.79;169.72;303.62;0.72;168.3;294.08;0.71;179.93;167.69;173.62;146.16;169.69;177.17;170.92;179.83;9.08;0.17;139.72;90.34;93.94;
91;0;203.97;284.28;1.0;203.97;283.73;0.79;202.86;283.45;0.81;197.36;285.66;0.72;209.47;286.21;0.69;187.45;307.13;0.87;222.41;301.62;0.88;189.93;337.13;0.66;227.91;329.42;0.72;202.31;369.34;0.61;217.73;366.31;0.5;201.76;352.55;0.84;225.44;349.24;0.8;174.79;378.7;0.9;258.19;378.7;0.8;176.16;420.54;0.87;283.52;414.76;0.79;163.68;153.36;132.23;167.04;116.62;135.6;12.77;7.56;167.23;172.44;133.37;27.61;1214.08;
91;1;237.59;140.34;0.71;240.76;137.43;0.76;237.33;137.96;0.77;246.05;140.34;0.67;235.21;140.87;0.53;241.03;158.31;0.6;231.77;155.67;0.64;255.57;169.68;0.47;226.22;172.06;0.45;250.81;145.1;0.39;216.44;187.13;0.57;236.27;202.99;0.64;219.61;202.2;0.67;250.54;238.68;0.7;216.18;236.57;0.79;275.39;269.61;0.77;248.43;246.88;0.62;41.03;165.72;163.02;102.02;152.12;171.06;58.06;4.06;121.94;175.94;117.91;35.06;22.32;
91;2;173.78;159.75;0.69;167.09;156.23;0.55;181.18;154.47;0.54;163.92;162.92;0.76;183.64;159.05;0.8;161.45;171.73;0.8;188.93;170.32;0.82;152.65;148.13;0.8;190.34;146.72;0.83;144.19;126.29;0.82;186.81;125.94;0.82;172.02;222.46;0.78;187.17;222.81;0.82;173.08;261.91;0.81;187.87;264.02;0.81;169.91;303.47;0.74;169.2;293.26;0.72;179.3;166.96;174.1;146.46;169.77;177.1;171.31;178.51;8.69;1.49;138.61;23.14;21.11;
91;3;29.6;116.87;0.18;29.22;116.87;0.2;25.91;116.87;0.17;24.67;116.87;0.15;19.21;116.87;0.17;30.37;128.12;0.19;14.89;130.5;0.19;34.38;139.21;0.15;14.35;146.52;0.26;30.84;140.21;0.11;19.98;138.74;0.25;35.07;147.99;0.11;24.52;148.29;0.14;37.61;175.94;0.12;21.52;175.94;0.11;51.79;164.01;0.19;19.9;164.01;0.12;85.93;33.93;55.08;13.92;171.89;145.38;6.55;30.35;173.45;149.65;47.14;323.86;232.44;
92;0;205.81;285.1;0.99;206.08;284.83;0.8;204.47;284.29;0.82;199.35;286.45;0.7;210.92;286.72;0.65;188.85;307.98;0.88;224.11;302.86;0.88;191.28;337.58;0.69;229.5;329.51;0.74;205.0;371.23;0.6;219.27;328.97;0.49;203.12;353.73;0.83;227.61;350.23;0.79;176.2;380.11;0.9;259.64;380.38;0.82;176.2;420.75;0.87;285.21;413.48;0.81;162.48;75.57;134.42;170.95;117.11;137.49;12.64;7.2;167.36;172.8;132.02;98.69;1122.45;
92;1;234.8;138.1;0.67;237.69;135.99;0.7;235.85;136.26;0.7;243.22;139.94;0.63;235.59;139.42;0.49;235.59;157.58;0.69;232.43;156.79;0.63;230.32;176.8;0.69;229.27;175.48;0.53;215.85;189.7;0.71;220.32;189.96;0.51;235.59;202.33;0.65;220.32;202.6;0.65;250.33;237.34;0.67;217.16;235.77;0.76;274.81;268.94;0.74;249.8;247.35;0.64;147.02;157.87;165.06;104.1;157.17;170.63;15.32;5.22;164.68;174.78;120.04;1702.12;144.23;
92;2;173.12;159.09;0.67;166.37;155.18;0.55;182.37;153.76;0.55;163.88;161.58;0.79;183.79;157.67;0.81;161.39;170.47;0.81;189.48;168.69;0.82;152.5;147.0;0.81;190.2;144.51;0.81;143.96;125.3;0.82;186.28;124.95;0.82;172.06;220.98;0.77;187.35;221.69;0.81;173.12;261.52;0.81;187.35;262.94;0.8;169.57;302.42;0.75;170.63;292.11;0.73;179.27;167.01;173.52;150.18;169.58;177.69;171.18;179.38;8.82;0.62;138.17;30.43;33.74;
92;3;29.35;117.76;0.22;29.42;136.36;0.18;26.76;117.76;0.17;23.63;117.76;0.13;7.39;117.76;0.2;27.82;128.59;0.12;7.39;128.28;0.23;35.6;149.71;0.19;12.5;147.8;0.28;29.73;142.01;0.13;19.13;138.42;0.3;7.39;176.24;0.14;7.39;176.24;0.21;36.82;176.24;0.1;7.39;176.24;0.09;51.23;163.51;0.19;51.23;176.24;0.14;17.11;49.94;138.54;90.0;66.79;90.0;43.42;14.67;136.58;165.33;52.11;63.43;27.15;
93;0;207.93;286.89;1.0;207.93;286.35;0.78;207.12;286.09;0.81;200.44;288.23;0.68;212.47;288.76;0.64;190.27;309.62;0.88;226.12;304.28;0.89;193.48;338.78;0.73;230.93;330.22;0.74;206.32;373.29;0.62;221.3;330.76;0.54;204.98;355.36;0.83;229.06;351.89;0.79;177.43;380.78;0.91;260.35;381.85;0.82;176.36;421.97;0.9;286.3;413.68;0.85;165.87;82.67;134.17;172.93;114.86;137.29;11.55;6.98;168.45;173.02;130.93;73.42;81.25;
93;1;232.87;133.97;0.52;236.65;133.97;0.52;235.1;133.97;0.44;241.1;133.97;0.49;237.99;133.97;0.35;236.43;159.55;0.67;230.2;158.66;0.65;232.87;180.46;0.65;226.42;176.67;0.55;216.41;194.03;0.67;217.97;193.14;0.53;234.88;202.7;0.63;219.53;203.15;0.65;250.22;236.73;0.63;216.63;235.4;0.75;273.36;268.54;0.72;247.11;246.74;0.63;139.16;164.67;168.25;105.3;153.66;171.63;7.59;1.64;172.41;178.36;123.68;131.12;118.67;
93;2;174.09;155.89;0.66;168.01;152.68;0.53;183.03;151.6;0.54;164.08;160.18;0.79;184.46;156.25;0.83;161.93;168.77;0.81;189.83;167.34;0.82;151.92;144.81;0.81;190.18;142.66;0.81;142.98;123.35;0.82;185.54;122.64;0.82;172.66;218.83;0.77;188.04;219.55;0.81;172.66;259.24;0.79;187.68;261.03;0.8;168.01;294.64;0.75;173.02;292.85;0.75;179.94;166.1;172.52;155.76;167.91;178.53;169.41;178.87;10.59;1.13;137.85;65.59;72.98;
93;3;18.36;118.74;0.26;18.81;118.74;0.2;16.21;118.74;0.16;20.44;118.74;0.24;6.8;118.74;0.21;26.96;127.05;0.32;13.03;127.71;0.28;31.26;134.61;0.19;13.54;144.25;0.25;28.15;139.72;0.12;18.73;137.65;0.2;24.37;147.58;0.12;20.66;147.66;0.15;37.19;152.62;0.14;18.51;153.81;0.11;49.43;162.71;0.27;49.43;161.15;0.15;119.05;39.98;161.96;84.1;104.26;139.79;36.83;19.15;143.17;160.85;43.18;83.39;26.17;
94;0;208.29;287.49;0.99;208.02;286.95;0.75;207.49;286.42;0.79;200.81;288.83;0.66;212.84;289.63;0.62;191.18;310.48;0.87;226.47;304.86;0.88;194.39;340.42;0.72;231.28;331.06;0.74;206.95;373.3;0.64;221.66;331.86;0.56;205.08;356.19;0.83;229.41;352.98;0.8;177.28;380.52;0.9;260.42;383.19;0.82;175.41;422.75;0.88;286.88;414.2;0.85;165.2;84.36;133.72;174.73;114.27;137.75;10.8;6.91;169.2;173.09;130.99;19.0;34.97;
94;1;233.09;143.05;0.48;238.09;135.88;0.49;238.31;135.88;0.45;242.0;143.05;0.5;236.35;135.88;0.38;235.92;159.79;0.67;227.44;158.48;0.66;232.66;181.3;0.67;223.31;175.87;0.55;215.05;195.43;0.65;215.71;192.82;0.54;233.96;202.82;0.64;219.4;203.47;0.64;248.96;236.07;0.61;217.01;234.55;0.71;270.47;268.23;0.71;244.83;247.15;0.62;137.36;169.19;170.5;109.98;153.12;174.26;6.01;3.23;173.99;176.77;114.64;58.64;68.61;
94;2;173.81;154.93;0.73;168.81;151.72;0.57;179.87;151.01;0.58;164.17;158.85;0.82;184.15;154.93;0.85;161.32;168.13;0.81;189.51;165.99;0.81;151.33;144.23;0.81;189.15;141.73;0.81;141.34;122.46;0.83;184.51;121.39;0.84;172.38;217.01;0.77;187.37;218.08;0.8;171.67;258.75;0.8;186.65;260.54;0.79;166.67;295.15;0.76;172.38;293.72;0.73;178.02;167.99;173.16;157.69;166.27;178.61;170.07;176.8;9.93;3.2;139.5;56.06;48.41;
95;0;208.28;287.5;0.99;208.02;286.96;0.76;207.48;286.43;0.79;200.8;288.84;0.66;212.83;289.64;0.61;191.17;310.49;0.87;226.73;304.88;0.88;194.38;340.44;0.73;231.28;331.08;0.74;206.95;373.59;0.64;221.65;331.88;0.56;205.08;356.21;0.83;229.41;353.0;0.8;177.27;380.54;0.9;260.42;383.22;0.82;175.4;422.79;0.89;287.16;414.23;0.85;165.36;84.92;133.72;175.01;114.27;137.43;10.8;6.66;169.2;173.34;131.01;8.74;0.53;
95;1;232.38;135.84;0.49;237.15;135.84;0.5;237.37;135.84;0.45;241.72;143.01;0.49;236.29;135.84;0.37;235.85;159.52;0.67;227.6;158.43;0.66;232.59;181.24;0.68;223.25;175.81;0.55;215.21;195.36;0.67;215.65;192.75;0.53;234.11;202.53;0.64;219.34;203.18;0.64;248.67;235.77;0.61;216.95;234.46;0.72;270.39;268.14;0.71;244.76;247.06;0.62;137.62;169.87;169.78;110.01;154.04;173.92;6.22;3.58;173.78;176.42;121.76;5.18;2.65;
95;2;173.89;154.97;0.73;168.53;151.41;0.57;179.95;150.69;0.57;164.25;158.9;0.81;184.24;154.62;0.85;161.39;167.82;0.81;189.59;166.04;0.81;151.05;143.91;0.81;189.23;141.77;0.81;141.41;122.5;0.83;184.24;121.43;0.84;172.46;217.07;0.77;187.09;218.14;0.8;171.74;258.83;0.8;187.09;260.61;0.79;167.11;295.94;0.76;172.46;293.45;0.73;179.18;167.04;173.85;155.98;166.36;177.26;169.26;176.41;10.74;3.59;139.72;2.31;8.34;
96;0;208.93;288.24;1.0;208.66;287.7;0.76;208.39;287.16;0.81;201.7;289.57;0.64;212.94;290.38;0.61;191.79;311.26;0.87;227.14;305.64;0.89;195.81;341.79;0.75;231.69;332.68;0.74;209.73;374.45;0.64;221.78;333.22;0.55;205.98;357.05;0.84;230.88;353.57;0.81;176.53;380.08;0.9;261.14;383.29;0.81;174.92;423.45;0.89;287.65;414.89;0.86;164.41;83.54;130.14;174.48;110.8;138.96;9.72;5.08;170.28;174.92;130.93;87.54;40.35;
96;1;172.58;153.83;0.73;167.63;150.65;0.55;178.59;149.59;0.56;163.74;158.07;0.82;183.9;154.18;0.86;160.55;167.27;0.81;188.85;165.15;0.82;150.3;142.87;0.82;188.14;140.74;0.82;139.69;120.94;0.88;183.19;119.88;0.86;172.58;215.37;0.78;187.08;216.08;0.82;170.81;256.05;0.81;186.37;257.46;0.81;166.57;294.25;0.78;173.99;290.71;0.73;176.98;168.31;176.15;160.56;163.47;178.99;171.24;176.35;8.76;3.65;138.65;3184.75;2396.17;
96;2;232.6;137.62;0.59;236.27;135.56;0.59;234.44;134.18;0.58;241.78;140.15;0.45;233.98;138.08;0.27;237.42;158.49;0.7;225.26;155.05;0.68;231.69;182.58;0.69;221.82;173.86;0.52;216.09;197.94;0.71;214.03;192.44;0.48;232.83;199.78;0.65;218.38;200.24;0.61;247.05;233.72;0.61;216.78;232.35;0.68;266.09;266.06;0.7;242.69;247.48;0.69;147.97;167.6;172.25;117.43;150.93;174.2;7.05;1.71;172.95;178.29;119.15;3188.4;2312.9;
96;3;25.71;138.96;0.2;26.84;135.56;0.18;24.36;134.81;0.19;17.72;117.48;0.15;5.59;137.37;0.17;24.58;127.73;0.14;5.59;127.88;0.17;32.72;149.74;0.16;12.07;144.69;0.19;26.84;138.13;0.11;16.37;136.92;0.24;5.59;175.29;0.11;5.59;175.29;0.17;34.68;153.05;0.1;5.59;153.2;0.07;48.93;162.7;0.26;48.93;163.0;0.19;6.56;50.05;108.5;77.26;30.84;0.0;42.07;21.09;137.93;158.91;23.89;61.89;74.33;
97;0;209.5;289.1;1.0;209.23;288.56;0.73;208.69;287.75;0.82;202.21;290.44;0.59;212.47;290.98;0.58;192.5;312.03;0.87;227.85;306.37;0.9;196.28;342.53;0.78;232.44;333.35;0.75;210.04;375.99;0.65;222.18;333.89;0.54;206.53;358.18;0.84;231.63;354.67;0.82;176.3;380.31;0.91;261.85;385.17;0.81;173.88;422.95;0.89;287.49;416.2;0.87;164.71;83.36;129.47;174.81;109.3;139.73;9.85;5.18;170.15;174.82;130.48;47.15;23.59;
97;1;222.99;137.15;0.69;228.07;134.61;0.69;225.02;133.85;0.69;237.73;138.43;0.49;227.31;136.65;0.36;237.22;157.74;0.74;222.23;153.93;0.68;232.14;183.66;0.7;220.95;172.22;0.48;215.36;199.67;0.72;210.54;194.33;0.41;231.37;199.41;0.66;216.89;199.16;0.6;244.33;231.69;0.64;217.91;232.71;0.73;262.63;264.72;0.7;242.05;250.24;0.72;144.76;158.74;172.9;127.73;150.14;171.54;3.11;2.76;176.89;177.24;120.33;3279.98;2382.34;
97;2;171.52;152.93;0.71;166.55;149.38;0.57;179.67;147.96;0.58;162.3;156.83;0.81;182.51;153.28;0.86;159.81;164.99;0.82;187.83;162.5;0.84;149.17;142.29;0.83;187.12;138.74;0.84;138.89;120.66;0.86;181.09;118.53;0.86;172.58;214.63;0.79;187.12;214.99;0.82;170.1;254.71;0.82;185.7;256.48;0.83;166.91;291.59;0.79;174.0;289.81;0.76;179.69;165.1;178.6;162.61;162.03;178.82;169.31;177.52;10.69;2.48;137.77;3280.92;2430.26;
97;3;25.31;138.5;0.22;26.52;135.7;0.22;24.4;134.79;0.22;4.99;151.69;0.14;4.99;136.68;0.17;22.35;128.12;0.24;4.99;128.42;0.16;32.81;149.95;0.21;12.57;143.13;0.14;25.99;142.67;0.16;17.12;136.23;0.21;4.99;160.94;0.17;4.99;175.12;0.19;33.95;175.12;0.11;17.27;175.12;0.08;48.58;162.53;0.19;48.58;163.29;0.16;17.55;60.67;113.22;159.31;88.21;90.0;53.48;27.27;126.52;152.73;24.41;138.92;30.71;
98;0;209.51;289.1;1.0;209.24;288.56;0.73;208.7;287.75;0.82;202.22;290.45;0.58;212.48;290.99;0.58;192.51;312.04;0.86;227.86;306.37;0.9;196.29;342.8;0.78;232.44;333.35;0.75;210.32;375.72;0.65;222.19;333.89;0.54;206.54;358.18;0.84;231.63;354.67;0.82;176.32;380.3;0.9;261.85;385.16;0.81;173.89;423.2;0.89;287.49;416.19;0.86;163.92;83.36;129.45;174.81;109.3;139.73;9.91;5.18;170.09;174.82;130.59;11.84;0.22;
98;1;222.7;137.29;0.69;227.53;134.49;0.7;224.73;133.98;0.7;237.45;138.3;0.49;226.26;136.78;0.36;237.19;157.63;0.74;222.19;154.07;0.68;232.11;183.57;0.7;220.92;172.13;0.48;215.32;199.59;0.72;210.49;194.25;0.41;231.34;199.34;0.66;216.85;199.08;0.6;244.31;231.64;0.64;217.87;232.4;0.72;262.63;264.95;0.71;242.03;250.2;0.72;144.76;158.8;173.09;128.13;150.14;171.48;3.11;2.74;176.89;177.26;120.29;2.59;2.75;
98;2;171.7;152.9;0.71;166.73;149.35;0.56;179.85;147.93;0.58;162.12;157.15;0.81;182.34;153.25;0.86;159.64;164.95;0.82;188.01;162.82;0.85;149.0;142.26;0.83;186.95;138.71;0.84;138.72;120.63;0.87;180.92;118.5;0.86;172.76;214.6;0.79;187.3;215.31;0.82;169.93;254.67;0.82;185.53;256.44;0.83;166.73;291.9;0.79;174.18;289.77;0.76;179.69;165.92;179.15;163.67;161.15;178.31;169.69;176.7;10.31;3.3;137.94;5.18;5.24;
98;3;25.09;138.33;0.23;26.31;135.22;0.24;24.03;134.62;0.23;4.95;151.58;0.16;4.95;136.74;0.18;22.6;127.95;0.24;4.95;128.26;0.16;32.9;149.99;0.23;12.22;143.1;0.17;26.0;142.87;0.19;16.38;136.28;0.25;14.42;160.37;0.18;4.95;175.06;0.18;14.95;164.23;0.12;17.07;175.06;0.09;48.5;162.34;0.19;48.5;163.17;0.17;19.02;57.52;94.59;159.28;158.02;90.0;39.21;26.1;140.79;153.9;24.43;6.04;22.16;
99;0;209.73;289.85;1.01;209.73;289.04;0.73;208.92;288.5;0.84;202.69;291.21;0.59;212.71;291.48;0.59;193.21;312.88;0.86;228.42;307.46;0.91;196.73;343.49;0.79;232.76;334.82;0.79;211.09;376.8;0.65;222.74;335.36;0.54;206.75;358.65;0.85;231.95;355.13;0.83;176.42;380.32;0.91;262.28;386.82;0.83;173.17;423.66;0.91;287.74;417.97;0.88;163.25;84.09;129.83;175.51;109.06;140.48;9.92;4.78;170.08;175.22;130.96;40.02;47.01;
99;1;235.12;137.06;0.64;239.4;135.05;0.71;235.62;135.05;0.7;242.67;140.58;0.55;233.36;138.07;0.46;237.39;158.96;0.73;223.54;146.63;0.72;231.09;184.89;0.74;221.53;131.77;0.72;213.98;199.99;0.74;242.42;125.73;0.61;229.08;197.22;0.66;211.96;196.97;0.62;241.16;229.7;0.66;217.75;231.96;0.73;258.53;262.42;0.71;238.65;252.61;0.72;145.07;98.41;172.45;144.05;147.34;157.65;1.39;159.33;178.61;20.67;120.46;42.24;2270.47;
99;2;168.81;150.56;0.67;163.87;147.38;0.57;179.42;145.97;0.59;161.39;154.8;0.79;182.24;151.98;0.87;158.92;163.28;0.82;187.19;160.81;0.85;147.96;140.67;0.83;185.78;136.78;0.86;137.36;119.82;0.88;179.42;116.99;0.87;172.35;214.53;0.8;187.19;214.17;0.83;168.81;254.11;0.83;185.07;255.17;0.85;166.34;291.57;0.8;174.11;289.45;0.79;178.89;165.55;178.68;165.24;160.21;177.04;168.84;176.63;11.16;3.37;139.95;47.57;64.01;
99;3;24.34;138.3;0.2;25.98;136.36;0.19;23.52;135.77;0.19;4.56;151.07;0.16;4.56;136.36;0.19;21.51;128.08;0.25;4.56;129.2;0.17;30.99;149.5;0.23;14.19;145.99;0.08;25.16;141.81;0.17;20.61;135.24;0.15;4.56;160.33;0.2;4.56;158.39;0.18;4.56;174.14;0.18;4.56;174.14;0.11;47.48;162.42;0.17;47.48;162.64;0.16;13.27;60.67;74.73;75.01;152.28;180.0;51.59;29.83;128.41;150.17;24.22;40.64;130.71;
100;0;210.11;290.69;1.01;210.39;289.87;0.7;209.57;289.05;0.82;203.01;292.33;0.58;212.85;292.6;0.59;193.71;313.38;0.85;228.71;308.19;0.91;197.54;343.73;0.77;232.53;335.26;0.76;211.76;377.09;0.67;221.87;335.26;0.51;207.11;359.59;0.83;232.26;356.03;0.82;176.21;380.09;0.9;262.88;388.02;0.81;171.56;423.57;0.89;287.76;418.37;0.88;164.1;81.95;129.68;175.6;107.4;140.5;8.98;3.8;171.02;176.2;130.28;21.77;26.15;
100;1;233.67;135.15;0.65;238.47;132.87;0.68;233.92;132.62;0.65;241.51;139.7;0.51;231.89;138.18;0.43;236.45;159.44;0.73;221.27;144.0;0.75;230.12;185.25;0.74;217.72;128.32;0.78;213.67;200.43;0.75;238.47;124.52;0.61;226.83;194.87;0.66;208.87;194.11;0.65;237.46;225.23;0.66;216.46;229.03;0.66;253.91;259.9;0.71;235.94;254.33;0.73;146.48;87.64;173.91;154.67;145.52;153.84;1.41;153.38;178.59;26.62;121.97;16.02;124.03;
100;2;168.53;149.5;0.67;163.24;146.68;0.54;178.76;145.26;0.57;160.77;153.73;0.82;182.29;151.26;0.91;159.01;162.9;0.82;186.88;160.43;0.86;147.01;140.33;0.84;184.76;135.39;0.86;136.43;118.81;0.89;177.7;115.98;0.87;171.71;212.65;0.82;186.52;212.65;0.85;168.53;253.22;0.83;184.05;254.63;0.86;165.36;288.85;0.83;173.47;291.67;0.81;178.21;164.85;179.38;167.42;161.2;177.02;166.34;174.78;13.66;5.22;140.76;41.31;59.61;
100;3;23.36;138.47;0.21;24.84;136.56;0.19;22.48;135.82;0.19;3.89;150.94;0.17;3.89;150.86;0.19;20.63;128.15;0.29;17.68;129.26;0.15;30.37;149.9;0.23;27.2;144.96;0.09;24.03;142.16;0.2;19.68;136.04;0.14;13.04;160.01;0.2;3.89;173.72;0.18;13.41;173.72;0.18;15.55;173.72;0.11;46.3;161.63;0.17;46.3;162.22;0.16;15.21;8.93;71.35;159.49;165.05;72.77;37.52;48.43;142.48;131.57;23.45;35.72;36.89;
101;0;210.45;291.63;1.02;211.28;290.52;0.68;209.63;289.97;0.81;203.83;293.28;0.58;212.66;293.28;0.57;194.46;314.24;0.87;229.48;308.73;0.92;198.59;344.86;0.78;233.35;336.86;0.78;212.38;378.23;0.74;221.49;376.03;0.56;207.42;360.31;0.86;232.52;356.44;0.84;175.7;380.72;0.92;262.58;388.71;0.84;170.74;424.02;0.9;287.68;419.05;0.92;165.24;155.34;129.3;176.63;107.04;140.67;8.02;4.18;171.98;175.82;129.91;39.27;1224.6;
101;1;231.44;134.83;0.7;236.49;131.64;0.72;231.7;131.11;0.7;239.67;139.08;0.53;228.78;135.1;0.41;235.95;159.81;0.76;217.88;141.48;0.78;229.31;185.59;0.75;213.37;122.87;0.84;212.57;200.2;0.76;236.22;122.61;0.72;224.79;195.95;0.69;206.46;196.75;0.7;236.22;226.25;0.68;217.62;230.76;0.7;250.04;258.67;0.74;233.56;256.54;0.75;145.57;77.02;177.58;166.43;142.17;150.15;2.71;154.67;177.29;25.33;122.77;33.94;88.77;
101;2;168.34;149.05;0.65;164.06;146.2;0.51;179.74;144.06;0.52;160.5;153.32;0.85;181.16;149.4;0.91;158.01;162.22;0.83;186.5;157.59;0.86;145.9;139.07;0.84;183.3;134.8;0.85;135.92;118.41;0.89;175.82;115.21;0.88;171.9;211.74;0.81;187.22;211.74;0.84;167.27;252.34;0.84;182.94;254.84;0.86;164.77;290.1;0.84;173.32;294.37;0.84;178.16;167.11;177.27;171.99;157.82;173.58;168.06;172.75;11.94;7.25;143.19;19.18;61.27;
101;3;20.17;137.64;0.28;22.41;136.22;0.25;20.17;135.17;0.26;3.21;142.94;0.11;3.21;136.67;0.16;16.36;149.59;0.12;15.69;130.77;0.11;30.48;150.11;0.25;26.07;148.92;0.09;24.2;141.82;0.19;23.75;138.16;0.15;3.21;173.79;0.16;3.21;173.79;0.19;13.07;173.79;0.11;15.31;173.79;0.06;46.16;162.14;0.14;46.16;162.29;0.12;50.76;17.62;160.6;159.55;61.49;73.83;116.39;45.94;63.61;134.06;24.57;11.53;138.06;
102;0;210.69;292.42;1.0;211.79;291.32;0.71;209.58;290.77;0.83;204.32;294.36;0.57;213.17;294.36;0.56;194.64;314.83;0.87;229.77;309.85;0.91;198.52;345.53;0.78;234.19;337.78;0.77;212.07;378.72;0.73;221.47;376.51;0.54;207.37;361.02;0.85;232.81;357.42;0.83;175.28;380.38;0.91;262.96;388.68;0.83;169.75;424.08;0.88;287.57;419.65;0.9;164.98;152.81;128.32;174.5;105.71;139.69;8.21;5.34;171.79;174.66;129.44;17.4;14.4;
102;1;230.09;133.79;0.7;235.06;130.19;0.69;230.36;129.92;0.71;238.37;137.1;0.5;226.22;133.51;0.44;235.33;160.58;0.75;214.9;140.14;0.77;228.15;184.6;0.74;210.48;119.7;0.84;211.31;199.79;0.74;233.95;119.98;0.74;224.29;195.93;0.68;205.51;197.58;0.7;233.68;226.86;0.68;216.83;232.11;0.71;246.66;259.17;0.75;231.47;259.73;0.75;148.68;77.13;175.0;170.24;145.76;152.56;0.72;158.52;179.28;21.48;125.66;39.86;104.31;
102;2;168.67;147.74;0.68;163.07;143.9;0.49;176.35;143.9;0.47;159.23;151.58;0.77;180.48;148.92;0.79;157.46;161.9;0.77;185.49;158.07;0.79;146.25;140.07;0.78;181.66;134.17;0.78;134.74;117.35;0.73;173.98;111.15;0.64;171.62;210.3;0.76;186.38;210.0;0.77;166.31;251.61;0.75;182.84;254.26;0.72;163.66;289.67;0.8;174.28;296.46;0.76;179.68;170.68;176.66;173.11;156.36;174.45;169.13;171.86;10.87;8.14;145.32;47.79;133.65;
102;3;19.82;137.66;0.38;21.85;136.23;0.3;19.59;135.25;0.3;24.87;138.34;0.15;18.84;136.91;0.19;29.69;149.72;0.08;15.45;136.53;0.1;29.69;149.64;0.17;25.47;145.88;0.08;23.66;141.81;0.14;22.83;137.51;0.13;13.87;174.05;0.12;2.64;174.05;0.15;26.6;151.83;0.08;21.33;149.79;0.07;32.78;162.38;0.13;20.8;162.38;0.08;142.43;29.5;60.17;35.2;3.22;18.75;146.97;65.85;33.03;114.15;24.71;16.22;33.81;
103;0;210.7;292.45;1.0;211.81;291.35;0.71;209.59;290.8;0.83;204.34;294.39;0.57;213.19;294.39;0.56;194.67;315.12;0.87;229.78;309.87;0.91;198.54;345.54;0.78;234.2;337.79;0.77;212.08;378.71;0.74;221.48;376.5;0.55;207.38;361.02;0.85;232.82;357.42;0.83;175.31;380.65;0.91;262.68;388.39;0.83;169.51;423.77;0.88;287.28;419.63;0.9;165.04;152.81;129.14;174.27;105.98;139.7;8.24;5.34;171.76;174.66;129.25;0.5;0.38;
103;1;229.91;133.81;0.7;234.87;130.23;0.7;230.19;129.96;0.71;238.17;137.12;0.49;225.78;133.54;0.44;235.14;160.52;0.75;215.05;139.87;0.77;227.99;184.47;0.73;210.37;119.77;0.84;211.47;199.61;0.74;234.04;120.05;0.74;224.13;196.03;0.68;205.41;197.68;0.7;233.49;226.59;0.69;216.98;232.09;0.72;246.43;258.79;0.76;231.29;259.34;0.76;149.15;76.22;175.14;170.86;145.74;151.97;0.59;157.43;179.41;22.57;125.26;7.44;3.46;
103;2;168.57;147.69;0.71;162.94;145.02;0.5;174.51;144.42;0.48;159.67;151.54;0.77;180.74;149.17;0.79;157.3;161.93;0.76;185.48;158.37;0.79;146.62;140.27;0.78;181.92;134.04;0.78;134.75;117.72;0.74;174.21;110.01;0.64;171.84;210.58;0.76;186.37;210.29;0.77;166.5;251.52;0.76;182.81;254.49;0.72;163.53;289.5;0.8;174.21;296.32;0.77;178.49;170.53;177.04;172.98;155.93;174.41;170.38;172.66;9.62;7.34;145.22;11.28;34.96;
103;3;19.82;137.66;0.36;21.7;136.22;0.3;19.36;135.32;0.29;24.41;138.33;0.16;18.69;137.66;0.18;29.84;149.64;0.09;14.84;136.68;0.09;29.46;149.57;0.17;24.41;146.4;0.09;23.74;140.97;0.12;23.43;137.58;0.13;2.7;174.06;0.11;2.7;174.06;0.15;26.68;150.7;0.07;21.25;149.64;0.07;32.86;162.38;0.12;20.72;162.38;0.07;135.0;38.21;73.61;34.84;2.28;19.22;53.3;62.54;126.7;117.46;24.72;25.16;18.14;
104;0;211.1;293.46;1.0;212.21;292.07;0.71;209.71;291.51;0.82;204.44;295.4;0.57;214.15;295.12;0.57;195.01;315.37;0.87;230.24;310.37;0.91;198.62;345.88;0.78;234.4;338.11;0.77;212.48;379.71;0.72;220.81;378.61;0.57;207.22;361.69;0.86;233.01;358.36;0.84;175.6;380.82;0.91;263.24;389.42;0.85;168.66;423.54;0.89;287.09;419.65;0.9;164.45;152.92;130.41;174.05;106.42;139.09;8.02;5.22;171.98;174.78;128.14;32.49;66.45;
104;1;229.67;133.39;0.72;234.25;131.39;0.74;229.39;130.25;0.75;237.68;139.11;0.58;224.53;134.25;0.49;233.96;160.55;0.77;212.52;137.97;0.77;226.81;183.99;0.74;207.09;115.67;0.85;210.23;199.14;0.73;229.39;117.38;0.75;222.81;195.71;0.68;204.23;197.14;0.69;230.24;224.87;0.67;214.81;231.44;0.71;241.39;256.6;0.74;228.82;259.46;0.75;149.38;71.91;174.94;170.57;148.11;154.89;0.64;158.33;179.36;21.67;124.63;39.66;161.12;
104;2;167.68;146.88;0.64;162.2;143.45;0.53;173.84;143.11;0.5;160.83;150.3;0.85;179.32;146.88;0.91;156.03;160.58;0.82;185.14;156.12;0.83;144.73;137.97;0.84;180.35;132.15;0.82;133.77;117.42;0.93;172.13;113.66;0.9;171.44;210.92;0.8;186.17;211.27;0.83;165.96;250.99;0.84;182.4;253.39;0.86;162.2;289.7;0.84;174.18;294.83;0.84;178.49;167.35;177.77;173.89;155.19;173.82;170.46;169.76;9.54;10.24;145.39;30.89;126.07;
104;3;20.47;137.68;0.48;18.92;134.36;0.5;17.23;134.06;0.49;20.18;136.64;0.3;13.83;136.72;0.31;27.55;149.92;0.24;12.06;149.85;0.1;29.84;149.99;0.18;29.99;149.18;0.08;21.58;150.07;0.15;14.42;142.1;0.12;14.13;173.52;0.18;13.61;173.52;0.18;14.2;150.73;0.11;14.57;149.85;0.1;28.14;162.98;0.16;18.63;162.98;0.14;2.36;26.59;48.89;19.49;29.44;6.06;117.78;88.38;62.22;91.62;25.3;280.76;302.79;
105;0;211.1;294.13;0.99;212.8;292.71;0.67;209.41;292.15;0.82;207.43;296.11;0.58;214.5;295.54;0.57;195.55;316.18;0.87;230.61;311.09;0.89;198.66;346.43;0.79;234.57;337.95;0.78;213.65;379.79;0.72;219.87;378.94;0.56;207.15;361.69;0.85;232.87;358.87;0.84;175.48;380.92;0.9;262.84;389.12;0.85;167.28;422.47;0.91;286.3;419.93;0.89;161.68;151.89;132.42;172.56;106.98;137.98;8.42;5.67;171.58;174.33;127.08;34.98;29.92;
105;1;165.93;146.77;0.63;162.06;144.31;0.54;176.83;142.55;0.51;159.25;150.98;0.86;178.93;147.12;0.92;157.14;160.47;0.83;185.26;155.55;0.86;144.14;137.98;0.85;179.99;132.0;0.84;133.24;117.95;0.9;170.5;113.03;0.87;170.5;210.03;0.81;185.61;210.03;0.84;164.88;250.09;0.84;182.8;251.85;0.9;161.71;288.4;0.87;176.12;291.57;0.84;178.51;166.05;176.73;174.3;156.93;175.78;165.05;167.75;14.95;12.25;143.22;3360.66;1773.54;
105;2;226.64;132.98;0.71;231.96;130.91;0.74;226.34;129.14;0.71;236.68;137.71;0.69;221.91;132.1;0.55;232.84;160.75;0.77;209.8;136.82;0.77;225.46;184.09;0.73;204.48;112.6;0.84;208.91;197.08;0.74;220.43;111.42;0.71;221.03;194.43;0.67;203.01;196.2;0.69;226.93;223.08;0.68;213.05;230.17;0.7;236.98;255.28;0.75;226.05;258.53;0.73;145.72;81.86;174.33;171.85;149.01;157.0;1.77;161.09;178.23;18.91;123.92;3289.12;1452.41;
105;3;15.61;137.18;0.45;17.37;133.89;0.49;14.81;133.75;0.45;18.24;136.88;0.27;12.48;136.96;0.26;26.34;149.8;0.19;2.33;149.8;0.1;28.82;150.82;0.2;29.41;149.8;0.1;21.82;142.5;0.19;18.9;136.88;0.12;13.21;173.37;0.21;2.33;173.37;0.24;15.25;173.37;0.09;15.61;127.76;0.09;27.88;162.86;0.14;18.83;173.37;0.11;27.52;50.87;140.23;20.26;60.87;16.24;96.75;90.0;83.25;90.0;30.94;227.32;206.47;
106;0;211.86;294.34;1.0;213.56;292.93;0.7;209.88;292.64;0.84;209.03;296.32;0.6;214.97;296.04;0.58;196.58;316.13;0.86;231.39;311.88;0.88;199.13;346.69;0.79;235.63;337.92;0.77;214.12;380.65;0.73;219.78;380.08;0.57;207.62;362.25;0.85;233.08;359.71;0.84;175.64;380.65;0.9;263.64;389.42;0.84;167.15;422.81;0.91;286.85;420.55;0.9;160.93;150.14;131.29;170.9;106.45;136.23;8.69;7.23;171.31;172.77;127.34;29.58;34.45;
106;1;165.62;146.21;0.67;161.75;143.74;0.56;175.11;142.34;0.51;159.28;150.43;0.82;178.98;146.56;0.89;156.82;159.93;0.82;184.96;155.0;0.86;144.16;138.11;0.83;178.98;131.78;0.84;133.6;118.06;0.89;169.13;113.14;0.87;170.19;209.18;0.8;185.67;209.18;0.83;164.91;248.93;0.82;183.56;251.04;0.88;161.39;286.92;0.85;177.22;289.74;0.85;177.62;166.6;177.73;173.59;157.25;176.37;165.04;166.3;14.96;13.7;142.12;11.3;41.16;
106;2;225.85;132.35;0.72;230.74;129.9;0.74;225.55;128.68;0.7;235.33;137.24;0.66;221.57;132.35;0.57;232.27;160.48;0.78;208.73;136.32;0.77;224.63;184.33;0.72;202.31;112.17;0.8;206.59;196.26;0.73;211.17;105.13;0.74;220.04;193.81;0.68;202.0;195.64;0.7;224.63;222.25;0.68;211.48;229.59;0.68;234.72;256.49;0.76;224.93;259.55;0.72;141.24;113.53;172.75;171.42;150.69;157.93;2.38;158.64;177.62;21.36;125.67;74.15;336.09;
106;3;16.07;137.76;0.33;17.35;135.49;0.33;14.8;133.86;0.34;18.2;137.76;0.21;13.03;136.27;0.24;20.47;148.75;0.18;11.04;141.09;0.15;28.77;151.44;0.37;28.77;151.87;0.13;21.61;140.52;0.19;18.2;133.15;0.24;2.25;171.72;0.31;2.25;171.72;0.31;2.25;171.72;0.15;2.25;171.72;0.1;43.02;161.58;0.1;17.42;171.72;0.12;38.75;29.26;90.0;90.0;90.0;90.0;110.43;74.72;69.57;105.28;28.9;59.82;114.13;
107;0;213.11;294.88;0.99;214.81;293.47;0.63;211.41;292.9;0.76;210.0;297.14;0.59;215.65;296.58;0.55;197.85;316.92;0.87;232.89;312.68;0.89;200.39;346.88;0.8;236.57;338.4;0.78;215.37;381.08;0.75;220.46;381.08;0.56;208.87;362.43;0.84;234.31;359.88;0.84;176.37;380.8;0.91;264.26;389.27;0.84;167.04;422.34;0.92;286.87;420.36;0.9;161.2;151.19;132.13;170.48;105.86;136.17;8.76;6.42;171.24;173.58;126.47;39.64;36.14;
107;1;166.6;145.36;0.65;162.75;143.26;0.52;175.7;141.51;0.48;159.95;149.56;0.8;179.55;145.36;0.86;157.85;159.36;0.81;185.15;153.41;0.85;144.9;138.01;0.82;179.2;131.36;0.83;134.05;117.71;0.89;169.05;113.16;0.87;171.15;208.71;0.79;186.55;208.36;0.82;165.55;247.9;0.82;185.15;250.0;0.87;161.7;286.4;0.85;178.85;289.55;0.86;176.88;165.95;177.58;172.87;156.79;176.62;163.84;166.36;16.16;13.64;142.61;17.17;2.56;
107;2;225.72;134.12;0.75;230.0;132.15;0.73;224.73;130.5;0.7;233.94;138.07;0.77;221.44;132.48;0.65;231.64;160.12;0.76;208.28;136.43;0.76;224.07;185.13;0.74;202.35;118.98;0.74;205.31;195.0;0.76;204.99;101.21;0.74;219.47;192.37;0.67;201.69;194.34;0.7;223.08;220.67;0.69;209.92;228.57;0.7;231.97;257.53;0.73;223.41;259.5;0.71;134.6;152.81;173.74;169.95;152.03;160.0;3.85;154.76;176.15;25.24;124.39;53.69;220.04;
107;3;15.22;136.86;0.5;16.63;134.18;0.52;13.43;134.41;0.47;18.27;135.97;0.39;11.13;137.01;0.29;24.52;150.55;0.21;26.53;150.62;0.13;29.43;152.63;0.35;29.5;152.78;0.23;21.69;143.26;0.24;19.53;142.52;0.17;11.65;174.43;0.3;1.9;174.43;0.32;15.22;153.38;0.16;15.0;153.15;0.15;28.83;163.64;0.22;15.52;174.43;0.19;27.48;9.9;62.61;33.01;18.7;14.36;95.33;100.03;84.67;79.97;32.17;82.26;284.2;
108;0;213.1;294.86;0.99;214.8;293.45;0.64;211.4;292.89;0.77;209.71;297.13;0.59;215.93;296.56;0.55;197.84;316.91;0.87;232.89;312.67;0.89;200.1;346.87;0.79;236.56;338.11;0.78;215.36;381.08;0.75;220.45;381.36;0.55;208.86;362.42;0.83;234.3;359.88;0.84;176.35;380.51;0.91;263.98;389.27;0.84;167.03;422.34;0.92;287.16;420.36;0.9;160.27;151.35;131.67;171.43;105.48;136.44;9.3;6.5;170.7;173.5;126.49;0.35;8.41;
108;1;166.58;145.16;0.64;162.73;143.06;0.52;175.67;141.31;0.47;159.93;149.35;0.8;179.51;145.16;0.86;157.83;159.14;0.82;185.45;153.2;0.85;144.55;137.82;0.82;179.16;131.17;0.83;134.06;117.54;0.88;169.02;113.34;0.87;171.12;208.79;0.79;186.5;208.09;0.83;165.53;248.3;0.82;185.11;250.05;0.87;161.68;286.76;0.85;178.81;289.9;0.86;175.43;166.32;177.65;172.94;156.96;177.0;163.06;165.15;16.94;14.85;143.17;5.28;5.43;
108;2;226.01;134.08;0.75;229.96;132.11;0.73;224.69;130.46;0.7;234.23;138.03;0.77;221.41;132.43;0.66;231.6;160.39;0.76;208.25;136.05;0.76;224.04;185.06;0.74;202.33;118.29;0.75;205.29;194.93;0.75;204.96;101.19;0.74;219.76;192.3;0.67;201.67;194.6;0.7;223.38;220.92;0.69;210.22;228.48;0.7;231.93;257.43;0.72;223.38;259.73;0.7;134.81;152.82;174.02;171.33;152.43;159.42;3.31;155.15;176.69;24.85;124.5;2.3;1.18;
108;3;15.17;136.7;0.58;16.81;134.03;0.56;13.25;134.32;0.52;18.73;135.81;0.44;11.24;136.92;0.28;26.15;151.01;0.26;26.82;151.24;0.17;29.19;152.57;0.3;28.82;164.14;0.24;21.7;143.6;0.23;19.62;142.7;0.17;12.87;174.3;0.27;1.97;174.3;0.29;14.95;154.13;0.2;14.58;153.09;0.17;28.53;164.74;0.29;26.89;174.3;0.2;23.03;14.4;57.87;60.86;23.81;16.4;92.56;55.95;87.44;124.05;32.82;10.07;6.28;
109;0;213.15;294.79;0.99;214.85;293.38;0.62;211.45;292.81;0.75;210.04;297.05;0.59;215.98;296.49;0.55;197.88;317.13;0.87;232.66;312.61;0.89;200.43;347.1;0.79;236.62;338.33;0.78;215.41;381.31;0.75;220.5;381.59;0.54;208.91;362.65;0.84;234.07;359.82;0.84;176.39;380.46;0.91;263.76;389.23;0.84;167.35;422.87;0.92;287.23;420.33;0.9;161.2;150.82;130.76;171.76;105.1;136.44;8.76;7.03;171.24;172.97;126.81;7.23;7.24;
109;1;166.44;144.93;0.64;162.6;142.84;0.52;175.53;141.09;0.47;159.81;149.12;0.79;179.72;145.28;0.86;157.71;159.25;0.81;185.3;153.31;0.85;144.44;137.6;0.82;179.02;130.61;0.83;134.31;117.34;0.88;169.24;113.15;0.86;170.98;209.2;0.79;186.7;208.5;0.82;165.75;248.31;0.81;184.96;250.06;0.87;161.9;287.08;0.85;178.67;290.22;0.85;175.06;166.23;178.03;173.51;157.49;176.14;163.38;165.97;16.62;14.03;143.72;9.61;8.67;
109;2;226.3;133.96;0.75;230.54;132.0;0.73;224.99;130.04;0.7;234.46;138.21;0.77;221.4;132.0;0.66;231.85;160.74;0.76;208.34;135.6;0.76;224.01;185.23;0.74;202.46;116.98;0.75;205.4;195.02;0.75;205.4;100.98;0.74;219.44;192.74;0.67;201.48;195.02;0.7;223.68;221.47;0.68;210.3;229.31;0.69;231.85;257.72;0.72;223.36;260.0;0.7;135.5;152.07;175.71;171.37;150.4;159.0;3.45;155.89;176.55;24.11;124.9;4.32;14.5;
109;3;15.42;136.6;0.48;16.76;134.08;0.49;13.42;134.15;0.44;18.47;135.86;0.38;11.19;136.6;0.32;24.48;150.41;0.2;19.43;150.49;0.12;29.75;153.01;0.28;29.75;153.01;0.17;21.66;143.21;0.19;18.99;142.32;0.15;12.97;174.25;0.25;1.91;174.25;0.27;15.42;153.68;0.17;15.13;153.16;0.15;28.56;164.07;0.19;15.42;174.25;0.17;24.21;31.06;58.45;32.88;18.98;4.33;89.53;112.66;90.47;67.34;32.56;11.59;22.37;
110;0;212.46;294.84;1.0;213.39;294.22;0.62;210.93;293.91;0.81;206.31;296.07;0.62;218.31;296.07;0.66;196.15;316.39;0.87;230.94;313.0;0.87;198.3;345.95;0.81;234.33;339.18;0.76;212.77;379.82;0.74;218.31;380.13;0.54;205.69;362.27;0.82;230.02;360.73;0.84;171.51;378.59;0.9;260.19;387.83;0.88;159.2;420.77;0.93;283.9;421.7;0.92;161.03;151.27;131.8;166.91;103.77;130.81;7.58;8.48;172.42;171.52;126.4;91.05;79.06;
110;1;164.08;145.61;0.67;160.1;143.95;0.51;169.72;141.63;0.51;156.12;149.26;0.77;175.68;144.28;0.76;153.47;159.87;0.77;180.66;153.9;0.79;143.2;138.65;0.79;171.71;131.36;0.73;135.57;118.1;0.83;162.75;114.78;0.8;171.04;208.6;0.74;185.63;207.6;0.76;162.09;247.71;0.75;183.31;248.71;0.8;156.79;287.82;0.79;177.34;287.16;0.79;174.51;173.29;174.64;174.41;147.29;171.48;173.98;163.63;6.02;16.37;141.88;44.09;200.81;
110;2;209.31;133.39;0.57;213.94;131.85;0.6;209.0;130.0;0.56;217.34;139.56;0.62;207.15;135.86;0.53;221.35;158.08;0.66;197.58;141.11;0.62;213.94;181.54;0.59;187.4;124.44;0.54;191.1;184.94;0.51;165.48;111.79;0.44;209.62;194.51;0.61;193.57;194.51;0.58;210.85;225.06;0.59;199.74;229.07;0.56;214.87;264.57;0.69;209.0;263.95;0.65;115.98;151.43;176.51;175.26;159.84;165.58;0.32;144.27;179.68;35.73;130.87;525.51;1241.97;
110;3;14.9;140.63;0.17;14.75;139.82;0.16;14.67;139.82;0.17;17.1;145.93;0.12;17.03;139.67;0.1;13.64;153.81;0.13;13.94;152.56;0.11;30.07;154.25;0.17;23.14;154.33;0.09;15.48;152.49;0.13;16.81;138.64;0.15;2.01;144.6;0.12;2.01;144.68;0.14;30.66;154.47;0.1;13.79;154.47;0.1;44.36;154.62;0.16;13.94;154.84;0.12;5.37;57.14;161.61;151.54;19.34;6.29;143.19;157.42;36.81;22.58;14.1;334.65;128.45;
111;0;212.15;294.82;1.0;213.38;294.21;0.62;210.92;293.9;0.81;206.3;296.05;0.62;218.31;296.05;0.67;196.14;316.38;0.87;230.94;312.99;0.87;198.29;345.94;0.82;234.33;339.17;0.76;212.77;379.82;0.74;218.31;380.13;0.54;205.68;362.27;0.82;230.01;360.73;0.84;171.5;378.59;0.9;260.19;387.83;0.88;159.18;420.78;0.93;283.91;421.7;0.92;161.03;151.27;131.8;166.91;103.77;130.81;7.58;8.48;172.42;171.52;126.42;0.14;0.11;
111;1;163.08;145.54;0.68;159.77;143.89;0.53;168.69;141.58;0.54;156.47;149.17;0.76;175.62;144.55;0.78;153.17;159.74;0.77;180.25;153.8;0.78;143.27;138.94;0.77;171.66;131.67;0.72;135.67;118.14;0.83;162.75;114.83;0.79;171.0;208.27;0.73;185.53;207.28;0.76;162.09;247.9;0.74;183.22;248.56;0.79;157.13;288.18;0.79;177.27;287.19;0.78;174.59;173.31;174.33;174.46;147.15;171.15;174.71;164.43;5.29;15.57;142.14;3.23;1.61;
111;2;209.37;133.29;0.58;214.01;131.43;0.6;208.75;129.88;0.56;217.73;139.79;0.62;206.89;134.83;0.53;221.13;158.05;0.66;197.61;141.02;0.63;213.7;182.19;0.59;187.39;124.62;0.55;190.8;185.29;0.53;165.11;112.24;0.46;209.68;194.57;0.6;193.27;194.57;0.57;210.92;225.22;0.58;200.08;229.55;0.55;214.94;264.53;0.69;208.75;265.15;0.64;114.8;150.96;176.47;177.33;160.28;164.36;0.31;143.47;179.69;36.53;131.55;13.9;17.63;
111;3;14.77;140.0;0.16;14.7;139.48;0.16;14.62;139.78;0.18;17.05;145.73;0.11;16.98;143.08;0.09;13.82;153.89;0.13;14.99;152.71;0.11;30.79;154.84;0.2;25.5;155.21;0.09;15.43;152.49;0.13;16.75;139.41;0.17;12.93;144.55;0.1;2.06;144.48;0.11;33.36;154.92;0.13;13.67;154.62;0.12;44.32;154.55;0.15;14.04;154.62;0.12;5.48;47.66;151.18;138.87;57.71;8.66;98.62;160.9;81.38;19.1;14.59;1.59;23.21;jump_peak
112;0;209.86;294.37;1.0;211.12;294.06;0.59;209.23;293.74;0.77;203.27;295.63;0.61;214.57;295.94;0.67;193.23;315.71;0.87;227.12;313.2;0.87;195.11;344.26;0.8;229.32;338.3;0.76;208.29;378.47;0.76;213.63;378.15;0.55;201.7;361.84;0.82;225.55;361.21;0.84;166.87;376.9;0.91;255.67;386.0;0.88;154.01;419.57;0.93;277.95;420.83;0.93;162.7;153.51;130.16;162.06;102.98;127.58;6.64;6.87;173.36;173.13;125.83;140.43;152.69;
112;1;160.13;146.05;0.46;201.03;144.92;0.54;186.83;144.63;0.48;151.61;150.88;0.67;170.07;146.62;0.61;149.34;162.24;0.67;176.6;156.84;0.64;142.24;144.35;0.62;167.52;134.12;0.6;136.56;123.9;0.61;158.71;115.66;0.52;167.8;211.09;0.6;182.28;209.67;0.6;160.13;249.15;0.64;180.3;249.72;0.6;155.3;288.63;0.61;174.05;288.35;0.57;173.88;176.3;175.58;173.65;147.91;171.02;179.06;164.34;0.94;15.66;142.44;175.09;123.73;
112;2;198.91;133.49;0.55;203.0;131.92;0.57;198.6;130.97;0.52;207.09;137.89;0.68;197.34;135.69;0.6;212.75;158.33;0.7;186.65;142.61;0.62;203.32;180.35;0.61;172.81;142.92;0.49;187.91;175.32;0.46;159.92;118.71;0.47;200.8;193.56;0.62;183.5;192.61;0.56;200.17;228.15;0.66;186.65;227.83;0.56;206.15;272.81;0.68;198.28;271.23;0.65;95.12;116.73;171.34;170.09;162.3;171.3;4.46;85.1;175.54;94.9;138.53;311.84;249.15;
112;3;199.96;133.89;0.58;204.19;132.48;0.61;199.11;131.35;0.6;209.26;138.68;0.76;196.57;135.02;0.67;212.37;157.86;0.67;188.11;142.07;0.64;202.5;180.42;0.61;173.73;146.86;0.45;185.57;174.5;0.5;159.63;163.22;0.36;201.09;192.27;0.57;184.16;191.98;0.55;199.96;225.83;0.61;187.83;226.95;0.6;206.16;273.77;0.66;199.11;272.36;0.66;94.34;149.2;170.7;172.03;163.77;169.49;5.48;67.04;174.52;112.96;139.18;5152.75;4350.33;
113;0;206.56;293.92;0.98;206.88;293.28;0.57;206.56;293.28;0.73;198.88;294.88;0.64;210.72;295.52;0.67;188.96;314.72;0.87;223.52;312.8;0.87;190.24;340.97;0.76;223.84;337.44;0.74;203.36;376.17;0.72;208.48;375.53;0.55;197.28;361.45;0.81;220.96;361.13;0.84;162.07;374.89;0.9;250.73;384.49;0.86;148.95;417.14;0.93;272.82;420.34;0.89;162.35;157.29;128.15;159.77;100.8;125.1;7.3;3.78;172.7;176.22;124.83;163.36;173.41;
113;1;185.55;147.98;0.36;191.4;140.45;0.46;184.99;140.45;0.39;149.3;150.77;0.62;165.2;147.98;0.56;145.96;165.82;0.68;172.17;158.58;0.63;140.1;149.1;0.58;163.8;140.45;0.58;137.31;129.3;0.56;157.39;117.03;0.51;165.47;214.34;0.58;179.69;212.39;0.55;157.67;253.09;0.57;178.86;254.49;0.54;154.04;290.17;0.56;173.56;291.01;0.53;168.73;170.54;174.19;172.89;146.7;170.9;177.38;163.19;2.62;16.81;142.61;163.84;57.21;
113;2;153.58;151.04;0.59;151.02;149.25;0.51;151.53;147.45;0.47;147.94;154.63;0.64;164.85;148.99;0.6;146.41;165.9;0.62;171.0;157.7;0.66;139.49;149.76;0.57;164.08;140.02;0.61;137.44;129.52;0.65;156.91;121.83;0.64;165.37;214.58;0.63;179.97;213.56;0.65;157.94;250.2;0.62;178.95;249.94;0.65;154.86;281.2;0.54;176.64;281.2;0.56;162.58;179.85;173.88;177.39;146.94;169.27;178.08;167.75;1.92;12.25;130.16;2046.89;130.2;
113;3;191.81;138.7;0.49;195.59;136.82;0.56;190.47;136.28;0.53;199.1;141.4;0.65;189.12;140.32;0.61;204.49;158.13;0.59;179.14;150.03;0.57;193.43;177.82;0.51;172.66;165.41;0.33;178.6;177.01;0.38;179.41;177.82;0.31;193.7;196.7;0.5;178.06;197.78;0.48;193.43;230.97;0.54;180.21;231.78;0.49;199.1;272.51;0.58;190.47;271.7;0.54;116.2;128.64;171.78;169.23;164.82;175.07;13.69;21.54;166.31;158.46;133.4;222.76;738.39;
114;0;203.6;293.83;0.95;203.6;293.18;0.6;203.6;293.18;0.71;195.81;294.81;0.62;208.15;295.46;0.68;187.05;314.61;0.84;219.83;312.33;0.85;187.05;340.25;0.71;216.58;337.65;0.69;198.73;374.98;0.73;202.3;374.33;0.64;193.86;361.02;0.8;217.23;360.7;0.83;158.48;373.68;0.89;246.12;382.77;0.87;145.18;415.55;0.89;268.19;418.8;0.84;161.4;166.03;127.32;158.87;101.33;124.31;8.35;4.23;171.65;175.77;123.34;143.55;189.06;
114;1;151.76;156.17;0.64;148.04;155.16;0.51;159.55;151.1;0.53;144.66;160.57;0.78;163.94;156.51;0.73;143.98;171.74;0.74;169.02;164.97;0.75;136.54;152.45;0.72;161.91;142.98;0.7;134.84;132.83;0.76;156.84;123.69;0.78;162.93;217.08;0.69;177.48;214.71;0.71;155.82;256.0;0.7;178.16;257.01;0.75;151.76;294.23;0.72;176.8;294.23;0.74;163.82;176.84;175.71;177.0;146.97;171.26;178.42;171.75;1.58;8.25;138.06;129.29;200.61;
114;2;151.41;159.9;0.37;145.78;156.15;0.46;145.61;155.81;0.42;148.85;159.39;0.5;162.16;155.47;0.43;144.08;169.29;0.45;170.01;167.41;0.49;138.28;157.69;0.38;164.72;152.74;0.39;135.89;140.8;0.34;134.18;140.8;0.29;163.7;219.62;0.38;178.54;218.25;0.4;161.65;253.57;0.29;138.79;225.25;0.3;156.7;271.65;0.38;137.93;271.65;0.42;161.48;131.18;168.15;101.03;155.25;90.46;174.73;169.7;5.27;10.3;111.75;341.97;889.12;
115;0;205.3;293.08;0.94;204.64;292.42;0.65;204.31;292.09;0.74;198.05;294.73;0.67;209.25;295.39;0.7;186.84;313.51;0.85;221.78;312.19;0.84;188.49;337.9;0.69;230.35;330.32;0.69;199.7;375.47;0.68;228.37;312.85;0.44;195.08;360.64;0.8;217.82;360.64;0.83;158.83;374.15;0.88;245.84;383.38;0.87;144.99;416.34;0.88;268.25;420.29;0.83;167.26;18.84;128.61;160.33;100.53;124.4;6.05;29.97;173.95;150.03;125.23;32.51;2005.53;
115;1;152.48;161.59;0.7;149.76;161.25;0.57;161.32;157.85;0.51;146.7;164.99;0.78;165.74;160.91;0.71;146.02;177.23;0.74;171.18;168.39;0.74;135.48;157.51;0.74;165.4;146.97;0.71;134.46;136.43;0.76;160.98;126.57;0.77;164.04;221.08;0.69;178.66;219.04;0.71;156.56;261.54;0.69;182.4;261.2;0.73;153.16;300.98;0.73;185.8;298.6;0.68;154.65;177.12;174.45;179.87;147.19;176.67;174.21;173.3;5.79;6.7;138.2;108.82;151.56;
115;2;148.99;162.4;0.4;150.96;161.33;0.46;146.31;160.07;0.46;154.19;164.73;0.43;152.94;163.3;0.36;164.94;168.67;0.39;139.32;168.85;0.45;166.55;155.06;0.39;134.3;183.9;0.47;134.66;135.35;0.38;134.3;135.35;0.39;162.25;205.39;0.33;144.34;204.5;0.34;161.35;224.38;0.25;140.57;224.92;0.32;163.68;249.28;0.37;138.25;247.49;0.54;114.96;18.43;171.96;175.45;178.52;161.55;177.43;26.44;2.57;153.56;85.99;167.66;163.63;
116;0;205.48;293.0;0.93;204.49;292.34;0.64;204.49;292.01;0.73;197.57;294.98;0.67;209.11;295.64;0.7;187.01;313.45;0.85;221.65;312.46;0.84;188.33;338.52;0.69;229.9;330.61;0.68;199.55;375.14;0.69;227.59;313.45;0.42;194.93;360.63;0.81;218.02;360.63;0.84;158.97;374.15;0.88;246.06;383.72;0.87;145.12;416.38;0.89;268.16;420.01;0.84;165.98;16.78;128.78;160.82;101.09;125.16;6.51;28.75;173.49;151.25;125.19;10.88;29.62;
116;1;151.9;161.79;0.7;149.53;161.45;0.57;160.36;157.73;0.51;147.16;165.17;0.77;165.77;161.45;0.7;146.48;177.69;0.73;171.18;168.89;0.74;135.66;157.73;0.73;165.43;147.24;0.71;134.64;136.75;0.75;161.03;126.94;0.77;164.08;221.0;0.69;178.29;218.97;0.71;156.63;261.94;0.69;182.35;260.93;0.73;153.25;300.85;0.73;185.73;298.49;0.68;154.3;177.35;174.66;179.62;147.59;177.45;173.64;173.2;6.36;6.8;137.88;10.96;11.1;
116;2;150.5;163.5;0.4;152.74;161.43;0.45;146.53;160.05;0.44;154.47;165.75;0.45;153.09;161.43;0.39;164.47;170.58;0.38;138.43;168.33;0.46;167.23;153.15;0.36;134.46;183.86;0.46;134.11;139.87;0.34;134.29;198.69;0.37;162.06;204.73;0.31;144.12;203.35;0.32;160.85;224.57;0.27;140.67;224.57;0.33;161.37;248.55;0.39;138.25;247.51;0.54;102.85;166.33;175.28;176.77;179.44;161.53;175.04;23.57;4.96;156.43;84.53;136.72;1902.51;
117;0;205.74;293.12;0.94;205.74;292.47;0.64;204.76;292.47;0.75;197.92;294.1;0.62;208.34;295.07;0.67;188.8;312.66;0.84;220.07;312.01;0.86;187.82;339.69;0.71;220.07;338.39;0.71;198.9;374.21;0.68;205.41;374.21;0.63;194.34;361.84;0.82;217.13;361.51;0.84;158.51;374.21;0.89;245.79;383.33;0.89;144.51;417.53;0.89;268.92;420.78;0.87;160.15;157.75;126.97;158.98;102.63;123.9;8.49;3.39;171.51;176.61;126.04;34.06;1942.63;
117;1;152.48;170.11;0.65;150.86;169.46;0.57;151.18;164.9;0.47;153.46;172.72;0.69;170.4;169.14;0.57;148.9;185.09;0.68;173.98;176.95;0.7;136.2;165.23;0.66;170.07;153.18;0.7;134.25;142.43;0.71;165.51;131.03;0.71;164.86;229.38;0.67;179.51;228.4;0.7;156.72;270.41;0.64;186.35;267.16;0.63;154.44;309.17;0.68;196.12;302.65;0.59;152.31;177.7;172.14;174.62;148.96;176.13;167.22;176.81;12.78;3.19;135.8;171.11;182.31;
117;2;153.03;172.38;0.31;153.03;164.29;0.33;177.63;163.26;0.22;153.03;171.69;0.26;180.14;164.29;0.14;187.54;174.65;0.32;153.03;174.43;0.23;188.79;193.45;0.18;187.43;195.04;0.11;187.77;237.98;0.15;170.12;150.62;0.15;182.99;237.98;0.23;162.03;237.98;0.25;188.68;207.23;0.21;153.03;206.43;0.13;188.57;237.98;0.35;170.12;237.98;0.22;174.87;37.77;10.28;12.52;6.38;7.86;7.93;51.01;172.07;128.99;65.6;3358.53;1800.74;
118;0;204.12;292.97;0.97;205.1;292.97;0.65;203.46;292.31;0.73;197.92;294.27;0.6;207.38;295.25;0.72;187.15;312.87;0.86;219.45;310.91;0.86;187.48;340.61;0.74;225.0;341.91;0.79;195.31;368.67;0.51;226.63;366.06;0.64;194.65;361.49;0.82;217.5;360.84;0.84;156.15;372.91;0.9;244.9;384.66;0.89;144.41;416.31;0.92;267.42;419.57;0.84;165.08;173.72;121.67;163.81;97.75;128.75;8.1;12.39;171.9;167.61;124.97;198.4;682.85;
118;1;32.47;211.29;0.85;31.35;208.48;0.69;31.07;209.04;0.79;26.57;207.63;0.38;27.41;209.32;0.54;9.97;219.44;0.86;28.25;227.88;0.81;15.32;202.29;0.45;54.13;235.75;0.76;60.31;200.04;0.54;63.69;214.94;0.82;10.54;271.47;0.66;14.75;273.44;0.81;24.03;305.5;0.68;26.0;308.03;0.82;27.97;352.18;0.61;27.13;351.06;0.82;110.16;97.75;163.18;163.48;158.98;145.48;162.08;89.58;17.92;90.42;140.33;2815.13;3962.9;
118;2;160.07;188.05;0.69;158.78;186.13;0.55;156.54;184.52;0.51;158.78;188.37;0.7;172.57;184.2;0.69;154.94;203.76;0.7;179.63;198.31;0.71;136.66;187.73;0.69;180.91;173.3;0.64;139.22;166.89;0.68;176.1;154.7;0.55;165.2;249.62;0.65;181.55;248.34;0.66;159.1;288.1;0.66;194.7;285.85;0.58;159.75;327.54;0.67;197.58;323.37;0.45;124.24;162.56;170.07;165.09;158.39;162.89;143.87;174.86;36.13;5.14;137.4;2585.48;217.53;
119;0;203.39;291.55;0.92;203.72;291.55;0.54;203.72;290.9;0.66;194.89;293.19;0.64;208.29;294.17;0.71;185.73;312.48;0.86;219.41;310.52;0.84;187.36;337.99;0.59;226.61;340.94;0.81;191.61;337.99;0.33;232.5;361.54;0.63;195.21;361.54;0.81;218.11;360.89;0.83;155.97;371.68;0.9;244.92;384.44;0.87;144.85;415.83;0.92;267.16;419.1;0.84;93.67;177.36;118.62;163.97;93.54;129.8;7.27;14.8;172.73;165.2;125.92;927.9;222.29;
119;1;40.29;216.83;0.83;38.94;212.78;0.67;38.4;213.05;0.78;29.49;208.73;0.48;33.0;212.51;0.6;14.63;217.91;0.85;34.08;231.42;0.81;21.65;207.65;0.56;53.25;248.16;0.78;61.08;230.61;0.52;65.13;233.31;0.77;16.25;272.46;0.62;20.57;275.17;0.79;25.98;307.3;0.6;29.22;308.11;0.78;27.87;351.05;0.52;27.33;351.05;0.79;94.17;87.53;166.88;162.78;166.11;148.15;143.92;66.02;36.08;113.98;134.22;918.35;553.22;
119;2;163.45;199.5;0.69;160.95;197.0;0.56;161.51;195.62;0.51;158.73;200.88;0.63;176.21;196.72;0.58;156.51;215.31;0.71;182.03;211.15;0.7;135.71;203.1;0.77;186.47;190.35;0.64;139.04;184.24;0.7;181.2;165.94;0.52;165.67;258.57;0.64;181.75;256.35;0.64;160.12;303.5;0.59;195.06;303.5;0.57;163.17;339.0;0.63;196.45;337.89;0.52;110.39;155.77;168.05;166.54;161.02;163.88;132.34;168.31;47.66;11.69;138.95;521.33;370.62;
119;3;151.05;161.74;0.61;153.43;159.2;0.67;148.98;160.31;0.7;156.44;160.47;0.57;145.18;162.06;0.48;163.26;171.1;0.59;183.1;170.94;0.45;167.07;203.15;0.38;136.45;187.44;0.37;163.11;189.19;0.21;137.72;186.33;0.26;162.15;202.2;0.36;145.81;207.12;0.37;177.86;227.11;0.32;139.46;225.21;0.49;165.33;250.27;0.3;138.35;251.07;0.59;9.08;21.71;119.35;163.12;145.72;153.47;8.82;24.65;171.18;155.35;88.93;591.79;1277.88;
120;0;203.83;290.8;0.9;203.5;290.14;0.51;204.16;290.14;0.63;195.33;293.09;0.65;208.08;293.41;0.69;185.19;312.38;0.86;219.53;310.42;0.84;185.84;337.9;0.54;229.67;339.86;0.78;201.87;334.63;0.36;232.29;352.29;0.55;196.31;360.79;0.8;218.22;360.14;0.82;155.75;372.24;0.89;245.37;385.32;0.86;144.96;415.74;0.9;267.61;419.34;0.82;79.93;172.88;119.7;166.03;92.82;131.34;11.47;20.51;168.53;159.49;126.74;324.13;278.04;
120;1;45.98;217.22;0.86;46.52;213.22;0.81;44.38;213.22;0.85;31.85;210.55;0.66;36.92;212.95;0.77;19.32;217.75;0.85;38.25;230.81;0.78;24.12;241.21;0.46;49.45;253.74;0.78;54.78;248.41;0.45;61.71;251.88;0.77;13.72;267.34;0.7;21.99;271.34;0.78;23.32;308.4;0.5;29.72;308.93;0.75;25.19;349.72;0.51;27.05;350.79;0.75;114.77;107.38;169.43;164.73;160.4;146.51;18.0;47.9;162.0;132.1;133.04;567.25;567.12;
120;2;150.52;163.94;0.62;152.85;161.95;0.61;148.37;161.95;0.6;156.33;162.45;0.54;144.38;162.28;0.49;162.81;172.58;0.62;138.08;172.58;0.55;166.96;190.17;0.57;134.59;186.52;0.57;168.28;203.12;0.44;135.25;199.8;0.5;156.17;203.78;0.45;142.06;202.95;0.48;156.83;227.85;0.4;138.08;227.85;0.53;156.67;249.92;0.48;138.74;248.93;0.67;172.59;163.1;177.99;169.11;166.41;163.44;25.28;21.51;154.72;158.49;85.48;1045.28;1714.09;
120;3;165.87;210.92;0.7;164.68;208.95;0.7;162.32;208.56;0.6;164.49;211.32;0.67;175.94;209.15;0.55;156.79;227.7;0.69;184.23;224.94;0.64;140.6;206.58;0.49;187.19;204.61;0.42;163.3;183.88;0.43;184.62;183.88;0.42;166.46;272.31;0.59;182.65;270.14;0.62;161.13;310.41;0.61;198.44;310.01;0.52;164.88;335.28;0.5;207.12;335.28;0.39;97.54;164.66;163.46;177.36;159.8;156.39;154.77;173.71;25.23;6.29;124.36;159.47;1410.63;
121;0;203.82;290.53;0.91;203.82;290.2;0.51;204.14;289.87;0.64;195.6;292.83;0.64;208.09;293.16;0.68;185.08;312.55;0.87;219.26;310.25;0.84;186.07;336.87;0.52;229.78;340.48;0.76;204.47;333.91;0.38;232.08;350.01;0.52;196.26;360.53;0.81;218.28;360.2;0.83;155.51;372.36;0.89;244.9;385.18;0.86;144.66;415.74;0.9;267.57;419.03;0.83;83.19;174.39;120.23;166.99;93.08;132.05;10.79;20.31;169.21;159.69;126.85;81.19;68.63;
121;1;46.34;217.28;0.87;46.6;213.28;0.81;44.74;213.01;0.85;32.2;210.34;0.67;37.0;212.75;0.78;19.66;217.55;0.85;38.33;230.62;0.78;25.53;241.03;0.44;50.07;254.37;0.78;53.27;247.96;0.48;62.35;251.17;0.76;13.52;267.44;0.69;22.06;271.44;0.78;25.26;308.0;0.49;30.06;308.53;0.75;25.53;349.88;0.51;27.13;350.68;0.75;118.07;101.69;164.22;163.84;156.84;146.08;21.05;48.04;158.95;131.96;133.0;47.21;28.56;
121;2;150.31;163.36;0.61;152.79;161.21;0.59;148.16;161.21;0.58;156.1;162.04;0.54;144.35;162.04;0.48;162.72;172.3;0.61;138.39;172.14;0.55;166.86;189.68;0.57;134.58;185.71;0.59;168.35;202.6;0.43;135.08;199.28;0.52;155.61;203.75;0.44;141.7;203.09;0.48;155.77;228.25;0.4;138.06;228.25;0.54;156.27;250.27;0.48;138.89;248.95;0.67;173.19;162.24;179.09;169.47;166.86;165.66;26.14;21.77;153.86;158.23;86.25;15.75;16.24;
121;3;166.19;211.1;0.7;165.0;209.71;0.69;162.22;208.91;0.59;164.8;211.5;0.66;175.94;209.51;0.55;157.24;227.81;0.69;184.09;225.22;0.64;142.92;207.12;0.52;188.47;206.13;0.43;142.13;183.26;0.42;184.89;183.26;0.42;166.39;272.56;0.6;182.5;270.37;0.62;161.22;310.54;0.61;198.81;310.74;0.54;164.8;335.8;0.5;207.96;335.8;0.41;147.21;158.2;164.18;178.06;160.69;155.99;156.86;169.11;23.14;10.89;124.7;636.24;20.4;
122;0;50.55;215.54;0.92;51.35;212.07;0.85;48.42;211.8;0.9;35.62;208.87;0.73;40.15;210.74;0.78;24.95;216.07;0.86;40.42;228.87;0.77;23.89;243.0;0.57;47.09;257.14;0.77;40.42;259.0;0.58;59.09;262.21;0.81;15.35;264.34;0.72;23.89;268.34;0.76;30.02;305.41;0.56;31.62;307.01;0.76;24.95;347.28;0.61;25.75;348.61;0.76;131.79;126.16;153.45;160.66;149.1;145.96;8.98;36.0;171.02;144.0;132.41;5416.61;5826.75;
122;1;201.2;288.97;0.86;200.55;287.35;0.52;202.18;287.67;0.62;193.09;290.92;0.67;205.42;291.89;0.72;182.06;311.68;0.84;217.75;309.74;0.85;181.73;336.67;0.57;224.89;336.02;0.79;197.31;333.1;0.4;231.7;345.11;0.64;194.06;358.74;0.8;215.8;358.09;0.82;153.5;371.39;0.89;242.74;383.72;0.86;143.12;413.9;0.89;263.83;418.12;0.84;76.35;158.33;121.06;165.1;93.01;131.28;15.06;17.5;164.94;162.5;127.04;5025.26;5816.79;
122;2;147.74;163.97;0.76;149.95;161.61;0.76;145.38;161.61;0.8;153.42;162.55;0.59;141.91;162.39;0.6;160.35;172.16;0.76;136.4;172.32;0.73;164.6;187.92;0.73;132.46;186.98;0.75;166.49;201.47;0.65;132.77;201.0;0.71;154.2;205.1;0.63;141.75;205.1;0.65;156.72;226.05;0.61;136.55;225.11;0.65;159.72;248.9;0.55;137.34;248.59;0.7;172.83;163.67;179.39;163.51;162.57;156.15;25.68;24.33;154.32;155.67;84.77;65.2;86.32;
122;3;161.03;218.54;0.52;162.0;216.36;0.62;158.37;215.88;0.57;168.77;219.75;0.54;173.86;217.09;0.48;152.56;237.9;0.44;184.26;232.81;0.44;134.9;241.04;0.49;137.8;215.88;0.38;136.11;224.59;0.52;185.71;212.97;0.41;156.68;276.86;0.41;182.08;277.58;0.44;122.56;288.23;0.45;189.34;315.33;0.35;164.42;321.14;0.49;192.25;342.68;0.4;75.7;23.5;56.61;175.18;102.41;166.33;85.93;107.25;94.07;72.75;113.37;1254.43;892.8;
123;0;191.52;285.75;0.9;190.86;284.77;0.53;192.51;285.1;0.64;183.63;288.05;0.68;195.8;288.05;0.7;173.11;307.78;0.85;207.3;305.48;0.86;173.11;333.76;0.63;214.21;332.44;0.85;185.27;329.48;0.45;221.77;338.03;0.74;184.62;351.18;0.81;204.67;351.84;0.84;146.15;366.97;0.91;231.96;379.13;0.85;135.3;408.07;0.91;252.35;413.66;0.83;70.64;140.83;127.09;165.56;97.46;131.75;14.85;17.61;165.15;162.39;125.11;4838.3;5390.86;
123;1;50.06;214.87;0.94;50.58;210.96;0.86;47.97;210.43;0.94;33.88;208.08;0.72;39.1;209.65;0.79;24.49;215.39;0.88;38.58;227.14;0.82;21.35;238.88;0.63;42.23;256.89;0.8;31.01;257.41;0.57;52.93;269.94;0.82;13.78;262.11;0.72;21.88;264.98;0.8;11.44;298.91;0.61;29.7;302.3;0.82;19.79;343.28;0.5;23.18;343.28;0.82;144.88;147.65;165.69;159.1;170.75;144.34;5.31;30.82;174.69;149.18;128.4;5487.77;5824.72;
123;2;138.5;165.71;0.69;140.47;163.39;0.7;136.41;163.62;0.74;143.84;163.74;0.65;133.16;163.85;0.7;150.92;173.84;0.67;127.24;173.6;0.67;154.87;188.93;0.65;123.75;187.31;0.67;157.19;201.94;0.67;123.4;199.85;0.65;145.0;207.28;0.6;132.46;207.39;0.62;148.02;228.76;0.53;130.14;229.11;0.48;148.37;239.33;0.43;129.91;239.33;0.39;175.47;167.33;173.89;175.2;161.96;165.1;24.7;23.06;155.3;156.94;73.62;279.69;283.52;
123;3;154.4;221.48;0.88;154.85;218.99;0.85;154.4;218.99;0.78;159.84;221.94;0.68;168.44;219.67;0.57;152.36;242.09;0.77;177.27;233.26;0.76;134.7;257.94;0.78;195.39;226.69;0.81;125.19;243.45;0.73;184.52;217.86;0.7;161.87;279.91;0.75;177.73;278.32;0.77;151.23;309.8;0.71;182.03;314.55;0.69;155.99;345.35;0.77;186.56;343.31;0.64;81.37;59.02;152.78;177.82;146.28;173.8;62.21;109.35;117.79;70.65;122.84;654.56;151.18;
123;4;120.93;226.25;0.7;122.45;223.86;0.65;120.27;223.86;0.63;128.31;225.17;0.42;119.19;224.52;0.26;139.16;242.32;0.64;127.87;241.88;0.56;137.64;260.77;0.52;138.29;256.87;0.5;141.12;287.91;0.47;137.64;280.1;0.3;147.63;274.02;0.61;138.08;273.15;0.59;160.01;312.88;0.62;112.46;297.25;0.69;186.28;331.12;0.51;111.16;329.81;0.69;168.0;143.57;142.43;135.54;177.29;115.17;19.66;16.75;160.34;163.25;104.21;861.03;2583.8;
124;0;191.56;285.5;0.92;191.24;284.52;0.55;192.22;284.85;0.66;184.05;288.11;0.67;195.48;288.11;0.7;172.94;307.72;0.85;207.57;305.43;0.86;173.27;334.18;0.66;214.43;332.22;0.85;185.03;329.93;0.47;221.95;338.1;0.73;184.38;351.17;0.81;204.96;351.49;0.84;146.15;367.18;0.91;232.07;378.94;0.85;135.05;407.69;0.91;252.33;413.89;0.83;70.85;142.41;128.06;165.43;97.98;132.1;14.04;17.61;165.96;162.39;125.29;15.33;5.66;
124;1;50.07;214.59;0.94;50.59;210.93;0.85;47.98;210.41;0.94;33.88;208.32;0.72;39.1;209.89;0.79;24.48;215.37;0.88;38.58;227.12;0.82;21.08;238.87;0.64;41.98;256.63;0.81;30.49;257.15;0.56;52.94;269.95;0.83;13.77;262.12;0.73;21.87;264.99;0.8;11.68;298.68;0.62;29.7;302.33;0.82;19.26;343.07;0.5;23.17;343.07;0.82;144.56;147.09;167.05;159.05;170.37;144.34;4.68;30.38;175.32;149.62;128.49;17.52;0.52;
124;2;138.53;165.99;0.7;140.4;163.65;0.71;136.42;164.0;0.75;143.79;163.76;0.65;133.15;163.88;0.7;150.92;173.82;0.68;127.19;173.7;0.67;154.9;188.78;0.66;123.68;187.15;0.67;157.12;201.99;0.68;123.33;199.54;0.67;145.08;206.67;0.6;132.45;206.79;0.62;148.11;228.53;0.54;130.81;228.65;0.5;148.7;239.64;0.46;131.05;239.64;0.42;174.67;167.0;175.1;174.5;162.0;166.68;24.97;23.66;155.03;156.34;73.65;2.85;9.54;
124;3;154.91;221.3;0.88;155.14;218.8;0.85;154.91;219.03;0.75;158.32;221.98;0.62;168.54;220.16;0.53;151.96;242.18;0.78;177.84;233.33;0.77;134.71;257.85;0.8;196.0;226.75;0.82;124.95;243.09;0.74;184.43;218.12;0.72;161.5;280.78;0.78;176.93;279.41;0.78;151.28;309.83;0.75;182.38;314.15;0.7;155.82;345.25;0.79;184.65;343.2;0.65;81.25;56.62;153.32;175.55;146.75;169.96;61.64;111.05;118.36;68.95;122.93;12.94;8.29;
124;4;120.8;225.59;0.72;122.12;223.18;0.66;119.92;223.4;0.65;128.26;224.72;0.42;118.61;223.84;0.26;139.66;241.82;0.65;127.82;240.73;0.56;137.25;261.12;0.53;137.91;256.74;0.5;141.42;287.66;0.49;137.03;279.33;0.28;147.34;273.41;0.61;138.13;272.97;0.59;160.06;312.66;0.59;112.69;297.09;0.68;186.16;331.31;0.51;111.15;329.99;0.68;163.95;145.56;143.49;136.15;175.71;115.75;20.79;14.49;159.21;165.51;105.05;11.73;29.51;
125;0;183.22;282.05;0.93;183.22;281.09;0.58;183.54;281.09;0.68;174.88;284.62;0.65;186.43;284.62;0.69;163.97;302.9;0.83;197.33;301.3;0.86;163.65;329.21;0.69;204.39;327.93;0.83;172.63;326.32;0.49;212.09;334.34;0.75;174.23;345.25;0.8;194.45;346.21;0.83;138.3;362.58;0.9;220.43;372.2;0.85;126.75;402.04;0.92;239.68;406.21;0.83;71.48;144.65;132.05;164.51;102.11;131.32;14.33;18.52;165.67;161.48;122.07;387.86;316.74;
125;1;48.52;214.76;0.96;49.53;210.97;0.89;46.75;210.46;0.98;31.83;208.94;0.64;38.15;209.7;0.78;23.74;215.77;0.89;36.38;225.38;0.85;19.19;239.28;0.6;36.38;255.46;0.88;35.62;257.99;0.56;45.74;271.14;0.88;13.12;262.04;0.78;20.45;263.55;0.84;14.64;298.44;0.83;30.82;299.71;0.88;11.86;335.86;0.54;22.98;339.4;0.84;127.75;149.17;173.36;152.83;164.69;141.35;1.97;22.65;178.03;157.35;122.87;156.35;219.41;
125;2;147.26;222.54;0.9;147.7;220.12;0.89;146.82;220.34;0.76;151.44;222.76;0.7;161.54;221.88;0.55;146.82;242.3;0.83;170.98;235.27;0.81;136.72;264.91;0.85;191.62;238.35;0.9;120.26;262.72;0.77;181.52;224.51;0.84;155.39;280.94;0.8;170.54;280.06;0.81;144.63;307.07;0.78;169.88;309.49;0.65;147.04;341.33;0.79;170.98;337.15;0.59;106.47;45.39;153.59;176.45;145.13;179.28;36.56;82.09;143.44;97.91;116.7;2133.6;1901.81;
125;3;129.61;167.12;0.79;131.62;164.64;0.78;127.28;164.48;0.81;134.72;165.41;0.58;124.02;165.26;0.6;141.54;175.18;0.76;118.6;175.18;0.73;145.27;190.22;0.73;115.34;188.98;0.71;147.28;204.02;0.69;114.41;201.7;0.69;135.81;206.97;0.64;123.09;207.12;0.67;140.15;229.76;0.66;119.37;229.45;0.68;142.48;250.54;0.65;117.51;249.14;0.65;174.41;170.91;175.6;175.94;158.98;162.52;24.13;21.29;155.87;158.71;82.72;1351.66;2160.03;
125;4;102.35;226.42;0.81;103.38;224.35;0.8;100.7;224.35;0.82;110.61;225.18;0.64;100.29;225.59;0.43;119.07;242.31;0.72;111.02;240.45;0.63;126.08;265.01;0.69;123.81;257.37;0.46;119.07;282.55;0.67;119.07;273.88;0.38;134.96;276.15;0.64;122.37;276.15;0.61;147.13;310.2;0.62;98.43;296.17;0.72;174.58;331.46;0.54;101.11;328.98;0.7;141.02;126.87;147.43;125.23;174.53;112.27;7.97;19.46;172.03;160.54;103.8;688.61;563.78;
126;0;173.91;278.93;0.92;173.91;277.72;0.61;174.21;278.02;0.68;166.67;281.04;0.61;177.82;281.94;0.67;154.62;297.91;0.84;187.77;297.91;0.87;145.57;315.4;0.69;193.8;323.23;0.85;145.88;308.46;0.51;201.33;331.07;0.75;164.56;340.71;0.82;183.85;341.02;0.85;130.5;358.5;0.89;209.47;366.33;0.85;118.45;396.78;0.89;227.56;399.49;0.86;24.86;149.52;135.05;163.27;104.49;129.47;40.43;18.59;139.57;161.41;119.21;966.18;337.76;
126;1;46.26;216.16;0.96;47.0;212.49;0.86;44.55;212.0;0.95;30.1;210.78;0.61;36.22;211.27;0.74;22.75;218.12;0.91;33.77;225.23;0.89;16.63;239.92;0.52;32.55;255.84;0.9;36.47;259.76;0.49;42.83;272.49;0.89;13.93;263.43;0.85;20.3;263.68;0.89;16.63;297.72;0.89;33.28;296.98;0.9;11.49;332.98;0.72;23.24;336.66;0.86;119.31;146.01;167.21;144.51;164.5;139.4;4.68;17.02;175.32;162.98;118.66;58.78;96.24;
126;2;142.37;222.42;0.87;142.37;220.5;0.78;143.22;220.5;0.65;144.29;223.05;0.71;153.86;222.63;0.59;139.61;241.55;0.82;165.13;236.45;0.78;134.29;264.1;0.8;184.26;248.78;0.85;124.09;277.28;0.76;177.46;232.41;0.84;148.75;278.56;0.79;162.79;278.13;0.77;137.69;304.07;0.76;160.87;305.14;0.65;138.12;335.76;0.78;161.72;332.99;0.61;155.52;34.63;155.8;174.2;142.69;179.16;27.15;60.41;152.85;119.59;111.96;452.21;266.69;
126;3;120.33;169.45;0.81;122.46;167.02;0.82;118.2;167.02;0.86;125.5;167.48;0.59;115.01;167.48;0.58;131.88;177.05;0.79;110.0;176.75;0.77;135.67;191.33;0.77;106.51;188.9;0.75;137.65;204.69;0.74;104.84;200.29;0.74;126.25;207.43;0.69;113.8;207.58;0.72;131.27;229.61;0.72;110.61;229.15;0.75;134.0;250.26;0.73;110.0;249.81;0.72;173.51;172.3;174.8;173.27;156.78;164.57;25.37;23.06;154.63;156.94;80.58;290.08;290.59;
126;4;84.5;225.27;0.81;85.3;222.48;0.84;82.7;222.68;0.78;91.67;224.27;0.76;82.11;224.47;0.36;99.05;241.22;0.71;100.05;237.23;0.69;105.23;265.73;0.64;108.62;255.97;0.42;93.27;278.49;0.62;95.66;272.31;0.46;118.58;273.11;0.63;107.62;273.9;0.56;132.93;303.6;0.59;83.3;294.63;0.67;163.03;327.52;0.47;91.47;326.13;0.65;122.7;117.02;153.68;115.9;173.71;118.78;17.34;12.91;162.66;167.09;101.56;784.42;704.63;
126;5;218.82;112.37;0.24;217.92;112.37;0.24;218.5;112.37;0.2;215.72;112.37;0.25;223.48;112.37;0.22;215.72;112.37;0.19;215.4;112.37;0.22;227.23;112.37;0.24;214.36;112.37;0.22;227.87;112.37;0.27;213.72;112.37;0.27;223.41;120.65;0.29;216.17;121.23;0.29;222.57;137.65;0.28;214.3;137.58;0.26;222.57;152.39;0.32;213.97;152.51;0.31;179.97;179.9;177.17;174.7;134.26;168.46;47.09;95.01;132.91;84.99;40.08;4502.47;4135.35;jump_peak
127;0;165.42;275.91;0.91;165.7;275.05;0.59;165.7;274.77;0.66;158.82;277.63;0.56;168.86;277.92;0.64;145.92;293.98;0.84;177.74;293.98;0.86;144.2;320.93;0.79;182.62;319.21;0.81;152.23;321.5;0.51;190.93;328.96;0.72;155.38;334.69;0.8;173.44;335.26;0.83;122.69;353.9;0.87;198.67;360.5;0.84;110.08;391.17;0.87;215.02;393.47;0.84;90.43;150.47;139.14;161.37;107.36;129.05;16.74;16.88;163.26;163.12;116.41;435.61;318.76;
127;1;42.9;217.21;0.93;43.85;213.9;0.85;41.48;213.66;0.9;28.94;212.95;0.54;34.14;213.42;0.63;21.13;219.81;0.91;31.31;227.14;0.9;22.31;247.49;0.48;29.65;256.96;0.87;35.09;263.58;0.44;41.01;273.05;0.89;14.03;265.47;0.9;21.84;265.47;0.91;16.64;297.89;0.92;36.27;296.47;0.89;12.85;331.72;0.71;25.15;334.56;0.86;143.99;141.6;169.03;138.76;166.57;141.16;11.28;10.69;168.72;169.31;115.93;122.06;57.34;
127;2;112.14;170.78;0.83;113.9;168.58;0.84;110.08;168.73;0.89;116.69;169.17;0.47;107.15;169.31;0.42;122.71;178.56;0.8;101.72;178.71;0.76;126.23;192.65;0.78;98.2;190.16;0.77;127.99;205.13;0.71;94.38;201.16;0.77;116.69;206.6;0.7;105.39;206.89;0.71;121.39;227.44;0.7;103.19;228.17;0.73;124.32;246.37;0.7;102.6;246.37;0.73;174.0;177.98;176.11;175.94;155.19;166.68;26.15;24.52;153.85;155.48;75.59;2170.24;2665.95;
127;3;68.92;222.77;0.85;69.53;220.96;0.87;67.32;221.56;0.86;75.35;222.77;0.6;115.34;223.98;0.29;81.99;237.24;0.76;84.4;233.62;0.76;86.41;259.34;0.69;94.65;245.08;0.41;73.75;266.58;0.66;75.96;264.57;0.42;99.67;268.39;0.73;89.42;268.79;0.65;114.94;297.73;0.64;70.13;295.92;0.6;83.19;322.44;0.54;83.79;323.25;0.61;108.43;94.39;100.4;118.02;177.91;136.45;18.28;33.69;161.72;146.31;100.08;2671.74;2116.54;
127;4;138.09;222.23;0.84;137.89;220.61;0.73;136.88;220.41;0.6;138.9;222.43;0.73;149.02;222.23;0.59;135.46;240.04;0.78;158.94;236.19;0.76;131.41;261.89;0.74;174.93;251.77;0.8;126.96;274.85;0.72;168.86;236.6;0.83;142.95;275.05;0.75;156.51;274.24;0.74;130.4;300.95;0.74;154.28;302.77;0.59;130.0;331.11;0.76;152.87;328.88;0.53;171.52;23.93;154.92;178.65;142.08;179.19;22.56;49.39;157.44;130.61;107.77;1017.9;2446.15;
127;5;267.11;162.09;0.77;268.85;159.65;0.74;265.2;159.48;0.74;272.33;161.22;0.62;262.07;161.22;0.52;280.69;172.18;0.74;256.32;172.53;0.71;289.57;181.93;0.72;249.53;181.93;0.63;282.95;193.59;0.72;253.36;193.42;0.59;275.29;197.07;0.63;263.46;197.6;0.65;277.56;225.62;0.69;262.24;225.27;0.69;278.95;251.03;0.75;263.98;250.86;0.67;108.12;125.73;178.6;173.59;163.24;161.59;54.56;51.73;125.44;128.27;88.86;2947.46;2709.83;
127;6;203.42;114.96;0.23;206.44;114.96;0.22;207.46;114.96;0.19;202.78;114.96;0.24;210.67;114.96;0.2;204.13;114.96;0.18;204.13;114.96;0.21;215.36;114.96;0.2;205.6;114.96;0.21;215.93;114.96;0.24;201.95;114.96;0.25;204.19;123.11;0.26;204.64;123.04;0.26;210.93;140.11;0.23;202.27;139.98;0.22;210.8;154.68;0.31;202.27;154.81;0.27;179.97;0.03;157.88;172.02;158.84;168.39;89.55;86.37;90.45;93.63;39.78;4627.87;4666.21;jump_peak
128;0;156.9;272.74;0.93;156.9;271.9;0.66;156.62;271.62;0.71;151.06;274.68;0.56;160.23;274.96;0.64;137.98;289.7;0.85;168.3;290.54;0.87;134.37;318.07;0.8;172.47;316.13;0.8;138.26;325.58;0.53;179.98;329.76;0.68;145.22;329.76;0.79;164.13;329.76;0.81;114.34;350.06;0.86;188.05;356.18;0.82;101.83;386.22;0.86;204.18;389.0;0.84;145.33;160.4;142.42;164.02;113.1;131.77;17.5;15.33;162.5;164.67;114.87;436.97;329.77;
128;1;56.04;220.66;0.89;56.44;218.44;0.88;54.43;218.44;0.91;61.67;220.46;0.61;101.51;220.46;0.33;64.69;234.54;0.82;70.32;229.71;0.82;65.7;258.48;0.71;63.88;251.24;0.63;54.63;272.77;0.71;54.83;255.06;0.76;79.58;266.13;0.75;85.01;264.52;0.74;58.85;291.88;0.79;95.07;294.09;0.73;74.55;319.04;0.77;122.03;311.4;0.68;139.83;129.54;111.16;141.48;115.94;175.91;22.83;39.53;157.17;140.47;94.56;648.46;681.28;
128;2;102.77;172.72;0.77;104.67;170.96;0.78;101.01;171.11;0.82;108.05;171.55;0.6;98.96;171.7;0.52;113.77;179.76;0.79;94.26;180.35;0.75;117.29;193.25;0.79;90.74;192.08;0.78;119.05;205.57;0.76;83.41;201.03;0.79;107.9;206.16;0.74;97.64;206.45;0.74;111.57;226.54;0.76;95.0;227.13;0.79;113.47;246.05;0.79;94.7;245.61;0.81;173.51;157.36;175.39;173.63;157.28;165.36;27.15;24.06;152.85;155.94;73.11;268.98;329.49;
128;3;38.76;217.57;0.9;39.9;214.83;0.87;37.85;214.83;0.91;27.58;214.83;0.54;31.68;214.83;0.64;19.59;223.05;0.88;27.8;229.67;0.9;22.55;249.75;0.47;25.98;257.51;0.86;32.37;261.4;0.36;40.82;274.41;0.84;15.02;266.65;0.85;19.81;267.1;0.88;15.25;297.46;0.88;38.3;295.41;0.85;26.21;330.79;0.59;29.4;332.61;0.85;146.2;134.95;162.23;133.39;173.6;134.8;12.32;8.3;167.68;171.7;114.13;1252.47;1096.05;
128;4;251.74;164.47;0.77;253.84;162.37;0.72;250.34;162.19;0.74;256.99;163.07;0.66;247.88;163.42;0.61;264.87;172.87;0.73;243.86;175.32;0.72;276.6;181.8;0.74;238.96;186.0;0.61;268.54;194.41;0.64;239.13;195.11;0.54;261.72;198.09;0.64;251.21;199.14;0.63;263.12;224.7;0.7;248.58;225.05;0.65;264.17;247.81;0.78;249.29;247.11;0.62;94.7;154.24;179.59;172.39;169.86;157.05;59.85;41.82;120.15;138.18;82.99;4890.76;2451.04;
128;5;134.08;221.43;0.82;133.88;220.0;0.7;134.08;220.2;0.61;133.47;222.25;0.38;82.67;221.84;0.2;129.78;239.67;0.78;151.7;235.77;0.76;127.53;263.02;0.74;166.65;251.14;0.73;124.25;278.79;0.66;155.8;240.07;0.63;136.34;273.47;0.71;150.47;273.67;0.7;123.02;298.46;0.71;143.92;300.71;0.52;120.56;329.18;0.73;138.59;327.55;0.47;173.77;0.24;156.53;177.6;140.98;168.23;16.49;46.08;163.51;133.92;106.93;5410.04;3248.17;landing
128;6;275.22;132.01;0.71;275.96;130.39;0.69;274.85;130.39;0.64;279.07;130.02;0.68;275.34;132.13;0.38;283.91;138.46;0.72;280.31;137.96;0.64;282.91;149.26;0.71;279.44;148.51;0.68;273.23;152.11;0.65;273.48;151.24;0.63;284.9;160.55;0.65;281.67;160.55;0.62;282.54;177.3;0.63;281.67;177.18;0.61;283.66;194.55;0.61;282.04;193.31;0.61;111.68;119.33;168.28;178.68;169.42;176.54;7.83;8.17;172.17;171.83;61.93;2051.07;2409.14;
129;0;151.47;270.11;0.88;150.65;269.02;0.63;152.28;269.3;0.68;144.67;272.02;0.6;155.28;272.56;0.67;132.43;286.43;0.83;161.8;288.33;0.87;126.18;311.72;0.71;164.79;313.08;0.8;126.18;326.95;0.47;171.32;322.6;0.72;138.96;326.14;0.77;156.64;326.41;0.8;108.23;347.08;0.85;179.48;352.79;0.81;95.72;382.71;0.85;195.26;384.07;0.84;166.11;152.45;143.62;165.87;114.94;131.38;23.23;14.62;156.77;165.38;113.27;365.33;337.37;
129;1;96.03;174.14;0.77;97.74;172.15;0.78;94.33;172.29;0.82;101.43;172.86;0.7;92.05;173.43;0.61;107.4;180.82;0.79;87.93;181.95;0.74;110.53;194.6;0.79;85.23;194.6;0.77;112.09;206.96;0.73;75.99;200.43;0.78;101.43;207.11;0.72;91.2;207.67;0.72;104.13;226.15;0.77;88.93;226.43;0.78;105.41;244.48;0.81;88.5;244.62;0.81;174.43;134.29;175.92;174.43;159.14;165.85;25.57;19.29;154.43;160.71;70.42;2623.86;1759.79;
129;2;264.93;133.98;0.75;265.66;132.51;0.77;263.95;132.88;0.7;268.95;132.27;0.67;265.9;133.49;0.39;272.97;139.95;0.74;270.05;138.85;0.64;271.14;150.91;0.72;268.22;149.21;0.7;262.13;153.96;0.7;262.61;152.98;0.65;273.58;161.51;0.7;272.36;161.51;0.63;270.17;176.86;0.7;270.05;176.62;0.66;273.7;194.9;0.6;274.68;193.07;0.61;118.13;133.98;156.38;155.57;165.85;165.46;11.08;15.84;168.92;164.16;60.01;4568.46;5572.44;
129;3;241.4;165.7;0.76;243.62;163.66;0.71;239.7;163.49;0.73;246.34;164.51;0.58;237.49;164.85;0.54;254.16;174.55;0.75;232.05;175.57;0.73;265.91;183.06;0.78;226.26;185.1;0.69;257.23;194.8;0.7;230.34;195.31;0.63;250.25;202.11;0.71;240.21;202.62;0.7;252.46;226.44;0.75;237.49;227.12;0.72;252.8;248.22;0.8;239.19;247.71;0.69;89.46;126.93;175.7;168.94;166.72;156.86;62.15;48.06;117.85;131.94;82.27;7043.58;6168.33;
129;4;37.1;218.09;0.83;38.88;215.64;0.81;36.21;215.2;0.87;27.54;215.42;0.51;30.65;215.42;0.61;19.31;223.88;0.9;27.09;230.77;0.85;21.75;252.8;0.49;25.31;258.36;0.83;34.66;263.03;0.41;40.44;275.04;0.75;16.19;266.81;0.79;19.75;267.48;0.86;15.08;296.18;0.79;39.1;294.17;0.83;33.77;331.77;0.59;35.55;331.1;0.84;133.25;134.11;150.13;138.55;178.02;132.75;8.99;7.62;171.01;172.38;113.34;7320.92;6432.46;
129;5;130.35;220.61;0.77;129.32;218.57;0.66;129.32;218.98;0.61;131.16;220.82;0.43;140.78;220.82;0.24;127.69;237.8;0.74;148.76;234.52;0.73;125.84;260.5;0.71;161.03;249.66;0.7;122.37;276.05;0.61;151.41;244.34;0.53;134.44;272.37;0.7;147.53;272.57;0.7;118.48;295.28;0.67;147.12;298.35;0.5;113.98;325.76;0.69;168.39;319.82;0.54;172.03;22.01;153.54;134.36;134.1;179.06;15.68;40.88;164.32;139.12;102.18;99.93;183.69;
129;6;41.19;216.06;0.85;41.99;214.27;0.83;40.2;214.27;0.8;47.75;216.26;0.58;45.37;216.46;0.35;51.53;229.18;0.78;55.9;226.8;0.71;57.49;247.87;0.65;49.74;247.08;0.53;40.0;247.67;0.52;38.41;247.48;0.52;64.85;261.39;0.78;71.01;260.0;0.79;50.53;289.03;0.81;75.59;290.62;0.83;67.83;315.47;0.78;103.02;306.53;0.72;71.65;108.91;119.43;128.6;130.15;164.02;4.77;41.37;175.23;138.63;94.94;7570.42;7629.16;peak_hand_velocity
129;7;131.17;220.48;0.73;129.73;218.47;0.59;130.02;218.61;0.53;130.74;221.34;0.3;140.52;284.5;0.15;127.29;238.32;0.69;151.17;234.72;0.65;126.28;260.33;0.61;161.53;249.54;0.65;122.4;277.16;0.59;153.61;245.08;0.41;135.06;271.69;0.59;147.14;270.97;0.57;119.95;294.42;0.51;143.83;295.86;0.43;116.36;308.52;0.37;146.13;308.52;0.36;169.62;25.64;160.7;162.12;133.29;178.77;15.72;41.29;164.28;138.71;88.04;3687.31;3489.07;landing
130;0;151.49;270.08;0.88;150.94;269.26;0.63;152.3;269.26;0.69;144.68;271.99;0.6;155.3;272.53;0.67;132.43;286.41;0.83;161.83;288.32;0.87;126.17;311.72;0.71;164.82;312.81;0.8;125.9;326.96;0.49;171.08;322.88;0.71;138.97;326.15;0.77;156.66;326.15;0.8;108.21;347.1;0.85;179.52;352.82;0.81;95.69;382.49;0.85;195.03;384.12;0.84;167.13;155.1;143.76;165.76;114.94;131.62;23.23;14.75;156.77;165.25;113.22;8.24;11.08;
130;1;96.03;174.02;0.78;97.74;172.17;0.79;94.33;172.17;0.82;101.57;172.88;0.69;92.05;173.45;0.59;107.4;180.7;0.8;87.93;181.98;0.74;110.52;194.48;0.79;85.37;194.62;0.77;112.09;206.99;0.73;75.99;200.31;0.77;101.43;207.27;0.72;91.2;207.84;0.72;104.13;226.17;0.77;88.93;226.45;0.78;105.41;244.5;0.81;88.5;244.64;0.81;174.35;132.65;175.86;174.38;159.21;165.83;25.44;18.64;154.56;161.36;70.55;0.66;3.6;
130;2;265.04;133.91;0.74;265.77;132.33;0.76;264.19;132.69;0.7;269.05;132.2;0.72;265.89;133.54;0.42;273.18;140.1;0.73;270.87;139.01;0.65;270.99;151.04;0.7;268.56;149.22;0.69;262.0;153.96;0.69;262.37;152.99;0.67;273.55;161.5;0.69;272.7;161.5;0.63;270.02;176.81;0.68;270.27;176.57;0.64;272.94;194.8;0.58;274.88;193.1;0.59;119.28;134.04;157.83;155.23;166.06;166.2;12.29;17.38;167.71;162.62;60.04;3.8;7.49;
130;3;241.26;165.86;0.76;243.64;163.65;0.71;239.73;163.48;0.73;246.53;164.5;0.6;237.53;164.84;0.56;254.34;174.52;0.75;231.93;175.37;0.73;266.05;183.01;0.77;226.32;185.05;0.69;257.56;194.72;0.69;230.4;195.57;0.62;250.26;202.02;0.71;240.07;202.53;0.71;252.47;226.3;0.75;237.53;227.15;0.72;252.81;248.2;0.8;239.23;247.69;0.69;90.0;128.77;175.69;169.37;166.38;157.39;62.5;46.77;117.5;133.23;82.09;10.27;8.16;
130;4;37.11;218.23;0.83;38.88;215.78;0.81;36.22;215.56;0.86;27.76;215.56;0.5;30.43;215.56;0.61;19.31;224.01;0.88;27.1;231.13;0.85;21.98;253.14;0.49;25.32;258.48;0.83;34.66;263.15;0.39;40.44;275.16;0.75;16.2;266.71;0.78;19.76;267.6;0.86;15.09;296.29;0.79;39.11;294.29;0.82;33.55;331.65;0.58;35.55;331.21;0.83;133.52;134.08;150.28;138.55;177.98;132.68;9.4;7.66;170.6;172.34;113.2;3.68;3.58;
130;5;41.4;216.55;0.84;42.99;214.55;0.83;40.2;214.55;0.83;48.38;216.15;0.6;42.99;216.55;0.41;51.97;229.71;0.75;54.56;226.92;0.67;57.35;248.06;0.64;49.77;246.86;0.51;40.0;247.86;0.55;39.6;247.86;0.5;64.13;261.62;0.75;71.51;260.22;0.77;50.37;289.14;0.8;75.1;290.13;0.81;67.52;315.26;0.78;102.02;306.09;0.72;72.99;109.1;120.15;127.49;132.57;159.87;4.51;40.47;175.49;139.53;94.13;2614.71;3359.88;
130;6;129.73;220.73;0.77;129.11;218.88;0.68;129.11;219.08;0.62;131.58;220.73;0.47;140.65;220.94;0.28;127.67;237.63;0.74;148.89;234.54;0.74;126.02;260.1;0.71;161.05;249.58;0.71;122.51;276.38;0.62;151.37;243.61;0.55;134.26;272.26;0.71;147.45;272.26;0.7;118.6;295.13;0.67;148.48;297.81;0.52;114.27;325.84;0.69;168.47;319.04;0.55;172.05;19.38;153.62;139.03;134.82;175.5;14.98;41.14;165.02;138.86;101.71;2623.99;3394.71;landing
130;7;131.23;220.52;0.73;129.79;218.36;0.6;130.08;218.51;0.54;130.66;221.24;0.31;140.59;284.61;0.15;127.34;238.38;0.68;151.11;234.78;0.65;126.33;260.13;0.61;161.62;249.47;0.65;122.45;276.98;0.59;153.41;245.01;0.4;134.98;271.79;0.59;147.07;271.22;0.57;120.0;294.55;0.5;143.91;296.13;0.43;116.25;308.52;0.37;146.07;308.52;0.36;169.66;25.87;161.65;162.86;133.78;179.07;15.52;41.91;164.48;138.09;87.99;5.64;6.49;
131;0;154.75;269.84;0.92;154.75;269.02;0.67;155.02;269.02;0.75;146.87;271.47;0.61;158.01;272.01;0.73;134.37;284.78;0.82;163.18;287.77;0.86;128.67;309.78;0.73;166.16;312.77;0.78;124.32;328.53;0.55;171.87;326.9;0.6;139.27;324.18;0.78;157.2;324.72;0.8;109.38;347.82;0.85;179.75;352.16;0.8;95.79;382.59;0.85;194.96;383.95;0.83;179.8;164.83;149.68;166.16;121.26;131.4;19.93;16.01;160.07;163.99;113.44;66.7;122.85;
131;1;95.8;174.25;0.77;97.78;172.27;0.78;94.11;172.41;0.84;101.17;172.98;0.77;91.85;173.12;0.7;107.39;180.75;0.77;88.17;181.46;0.71;110.35;194.03;0.74;87.18;194.03;0.69;111.77;205.9;0.67;82.95;198.41;0.64;101.45;207.73;0.69;91.71;208.3;0.69;103.57;226.38;0.75;88.88;226.38;0.77;104.14;243.76;0.81;88.46;244.04;0.8;174.2;140.44;175.38;172.49;161.12;163.62;25.0;11.99;155.0;168.01;69.65;34.14;216.47;
131;2;41.89;218.09;0.85;43.67;215.41;0.85;40.55;215.18;0.89;30.72;216.52;0.54;34.52;215.85;0.68;21.78;225.24;0.86;31.84;231.49;0.82;28.26;254.72;0.57;28.26;257.17;0.79;40.99;251.81;0.53;42.56;274.15;0.69;17.09;267.22;0.72;22.68;267.67;0.8;16.2;296.71;0.73;44.34;294.47;0.74;45.01;332.89;0.46;45.46;332.44;0.78;89.54;131.98;139.73;142.73;175.36;126.85;18.76;6.28;161.24;173.72;114.58;7259.49;7538.45;
131;3;241.17;166.0;0.73;243.59;163.92;0.69;239.44;163.75;0.7;245.84;164.96;0.61;237.19;165.48;0.61;253.28;174.48;0.73;231.66;176.03;0.71;265.73;182.78;0.77;225.6;185.55;0.67;257.08;194.71;0.71;230.96;195.23;0.59;249.82;199.9;0.68;239.79;200.25;0.69;252.41;226.02;0.72;237.88;225.67;0.68;251.89;248.68;0.78;239.09;247.47;0.64;87.76;118.56;173.02;172.54;166.58;157.16;64.06;51.03;115.94;128.97;82.07;14.39;19.87;
131;4;265.1;134.05;0.75;265.95;132.46;0.77;264.49;132.83;0.7;269.01;132.34;0.7;265.47;133.32;0.42;272.93;140.17;0.74;269.87;139.07;0.63;271.21;151.06;0.72;268.28;149.34;0.71;261.92;153.87;0.71;262.41;153.01;0.66;273.42;161.08;0.71;272.31;160.96;0.64;270.11;176.37;0.69;269.62;175.88;0.65;273.42;194.6;0.59;274.88;192.76;0.59;115.78;130.8;157.54;152.47;166.47;163.4;10.28;15.17;169.72;164.83;59.62;7573.9;7609.53;
131;5;34.3;216.66;0.81;35.28;214.32;0.8;35.67;213.93;0.75;41.51;215.49;0.55;41.9;214.9;0.44;44.83;229.52;0.72;48.14;222.51;0.69;47.36;249.6;0.53;52.62;230.89;0.43;29.82;253.11;0.49;28.84;229.13;0.48;57.5;257.79;0.69;64.13;256.03;0.72;50.48;289.37;0.74;61.98;287.22;0.76;67.44;315.1;0.8;86.93;305.94;0.76;94.12;57.64;134.08;122.94;143.33;150.58;16.95;2.65;163.05;177.35;93.86;344.2;648.59;
131;6;133.62;220.13;0.72;133.62;217.63;0.74;132.83;217.76;0.57;136.64;219.99;0.59;145.73;218.94;0.44;133.09;236.19;0.71;155.99;231.84;0.73;131.64;255.93;0.66;164.55;248.69;0.76;127.56;273.17;0.63;155.73;251.72;0.57;139.28;271.07;0.59;152.83;270.41;0.6;125.46;298.84;0.47;152.04;298.84;0.48;135.59;298.84;0.39;150.86;298.84;0.36;170.88;82.02;63.54;91.59;143.49;176.91;14.25;31.6;165.75;148.4;78.71;179.6;276.61;
131;7;135.56;219.55;0.77;134.93;217.46;0.66;134.3;217.87;0.62;135.77;219.76;0.48;143.93;219.97;0.3;132.63;237.13;0.75;154.4;233.36;0.71;130.95;258.69;0.71;163.6;249.69;0.73;125.93;276.27;0.66;154.19;253.04;0.57;138.91;272.08;0.69;152.51;272.5;0.71;121.12;294.69;0.69;159.84;297.2;0.66;114.63;326.5;0.75;176.16;320.64;0.71;168.5;80.15;153.32;161.67;131.61;160.72;14.63;32.18;165.37;147.82;104.02;106.78;242.32;
132;0;155.06;269.78;0.91;155.06;268.96;0.66;155.33;268.96;0.74;146.9;271.41;0.6;158.05;272.22;0.73;134.4;284.73;0.82;163.21;287.72;0.85;128.42;309.73;0.73;165.93;312.99;0.79;123.53;329.03;0.52;171.64;327.4;0.59;139.02;324.14;0.77;156.96;324.68;0.8;109.39;347.79;0.85;179.79;351.86;0.79;95.8;382.85;0.85;195.01;383.94;0.83;179.22;164.52;149.78;165.36;121.91;130.37;20.14;15.74;159.86;164.26;113.62;28.28;16.71;
132;1;41.58;218.2;0.85;43.36;215.3;0.85;40.47;215.08;0.89;31.12;216.64;0.52;34.46;215.97;0.66;21.99;225.55;0.87;31.79;231.56;0.83;28.22;254.49;0.61;28.67;257.83;0.79;41.36;251.15;0.59;42.92;274.31;0.71;17.09;267.41;0.73;22.66;267.63;0.81;16.2;297.02;0.74;44.48;294.35;0.76;44.48;332.65;0.42;45.37;332.87;0.79;87.89;132.38;139.84;142.09;175.05;126.56;18.83;7.44;161.17;172.56;114.56;2513.82;2577.3;
132;2;95.78;174.32;0.77;97.75;172.34;0.77;93.94;172.49;0.83;101.28;172.77;0.78;91.82;173.05;0.7;107.21;180.67;0.77;88.29;181.38;0.7;109.89;193.94;0.73;87.17;193.66;0.68;111.44;205.94;0.65;83.07;198.46;0.63;101.56;207.91;0.69;91.68;208.48;0.69;103.68;226.4;0.74;89.0;226.4;0.76;104.24;243.91;0.81;88.44;244.05;0.8;175.95;144.79;175.32;173.32;161.76;164.37;23.14;12.38;156.86;167.62;69.66;2525.05;2578.58;
132;3;240.79;166.03;0.73;243.22;163.95;0.7;239.06;163.77;0.71;245.47;164.81;0.61;236.8;165.51;0.61;253.26;174.34;0.73;231.78;176.25;0.72;265.57;182.66;0.77;226.06;185.78;0.67;257.25;194.62;0.71;231.09;195.66;0.58;249.97;199.99;0.68;239.92;200.33;0.68;252.4;225.81;0.72;238.19;225.46;0.68;251.88;248.5;0.78;239.4;247.29;0.63;89.24;122.07;173.32;172.87;167.32;157.37;63.25;49.65;116.75;130.35;81.87;5.8;13.26;
132;4;265.05;133.86;0.75;265.92;132.26;0.77;264.44;132.63;0.7;268.89;132.75;0.7;265.3;133.12;0.41;272.97;140.17;0.73;270.0;139.06;0.64;271.11;151.18;0.71;268.27;149.08;0.71;261.71;153.78;0.7;262.09;152.66;0.67;273.22;161.08;0.7;272.47;161.08;0.63;270.0;176.41;0.69;269.51;175.92;0.66;273.09;194.72;0.59;274.7;192.74;0.59;115.01;129.92;158.57;151.53;167.48;162.28;10.24;16.22;169.76;163.78;59.86;6.7;14.23;
132;5;34.94;216.67;0.73;35.72;214.53;0.76;36.7;214.14;0.75;36.51;215.31;0.68;40.02;214.33;0.58;43.93;229.17;0.62;47.83;222.92;0.61;53.3;249.09;0.45;33.77;233.66;0.36;27.13;252.6;0.4;25.96;227.8;0.43;58.18;257.29;0.56;64.04;256.12;0.58;49.98;289.32;0.64;61.31;287.36;0.66;66.97;314.51;0.72;85.91;305.13;0.69;72.45;105.75;131.64;120.84;138.75;148.98;1.68;78.65;178.32;101.35;93.14;82.06;95.32;
132;6;135.81;219.34;0.77;135.19;217.47;0.66;134.35;217.67;0.61;135.81;219.76;0.48;143.94;219.97;0.31;132.69;237.05;0.75;154.57;233.3;0.72;131.02;258.73;0.71;163.74;249.56;0.73;126.02;276.23;0.67;154.57;253.1;0.6;139.15;272.27;0.69;152.49;272.69;0.72;121.43;294.78;0.69;159.99;297.49;0.67;114.77;326.25;0.75;176.24;320.62;0.71;168.45;81.7;153.76;161.74;131.4;160.14;14.79;32.46;165.21;147.54;104.1;102.95;54.26;
132;7;133.77;220.6;0.72;133.9;217.87;0.73;133.12;218.0;0.57;136.89;219.95;0.61;145.6;219.17;0.44;133.12;236.21;0.7;156.01;232.05;0.7;131.56;256.1;0.64;164.59;248.82;0.73;127.53;273.78;0.59;156.79;251.81;0.5;139.36;270.79;0.61;153.15;270.14;0.61;124.93;289.78;0.51;151.2;297.32;0.48;135.46;297.32;0.39;149.63;297.32;0.35;171.64;83.88;88.36;94.11;132.53;179.81;14.71;31.39;165.29;148.61;76.71;88.78;86.36;
133;0;159.3;269.26;0.92;159.03;268.18;0.7;159.3;268.45;0.8;150.09;270.07;0.59;160.93;271.16;0.77;136.55;283.62;0.82;165.26;287.95;0.85;129.23;308.27;0.78;166.34;313.14;0.78;125.44;327.23;0.59;170.41;330.21;0.59;138.99;323.16;0.76;157.95;324.25;0.78;110.27;348.09;0.84;180.7;351.34;0.78;95.92;383.03;0.84;195.06;384.38;0.81;174.78;169.07;153.29;163.45;127.43;128.58;20.05;13.85;159.95;166.15;114.45;78.98;92.05;
133;1;46.41;217.41;0.85;47.33;214.19;0.81;44.57;214.19;0.85;31.71;216.03;0.55;37.68;215.11;0.66;28.03;226.6;0.76;35.38;232.11;0.75;25.28;247.73;0.62;32.63;256.92;0.72;40.9;244.29;0.54;45.95;274.15;0.7;19.76;268.87;0.68;27.11;269.32;0.69;18.39;297.35;0.64;50.55;295.74;0.7;2.99;321.7;0.38;51.92;330.89;0.72;70.13;135.94;150.47;140.67;171.7;125.9;3.64;6.19;176.36;173.81;108.89;206.72;91.2;
133;2;95.78;174.63;0.77;97.47;172.51;0.77;93.66;172.65;0.78;100.87;172.93;0.81;91.54;173.36;0.76;107.09;180.99;0.76;88.14;181.27;0.71;109.63;194.0;0.74;86.45;193.01;0.67;111.19;205.45;0.67;86.17;201.35;0.59;100.87;207.43;0.67;91.82;207.85;0.7;102.56;225.66;0.73;89.13;225.52;0.76;102.99;243.62;0.78;88.29;243.76;0.79;176.66;173.71;176.04;174.02;161.44;163.48;24.31;16.1;155.69;163.9;69.06;16.63;127.15;
133;3;239.04;166.62;0.75;240.78;164.36;0.72;237.99;164.19;0.73;244.95;164.71;0.71;237.64;165.58;0.64;253.48;174.45;0.72;235.38;177.07;0.68;265.31;182.81;0.75;230.86;188.55;0.53;256.79;194.64;0.69;232.42;193.6;0.47;250.35;201.26;0.67;240.25;201.6;0.67;252.09;226.32;0.71;238.51;225.97;0.66;251.22;248.24;0.78;240.08;245.98;0.63;89.44;141.26;173.76;171.44;169.36;164.68;61.45;32.73;118.55;147.27;80.49;13.94;73.7;
133;4;264.48;133.4;0.75;265.35;131.66;0.76;263.74;132.04;0.7;268.96;131.91;0.74;265.35;132.78;0.41;273.18;140.73;0.72;269.33;139.49;0.59;271.19;150.92;0.7;267.84;148.93;0.67;261.87;153.77;0.71;261.87;152.41;0.63;273.3;161.85;0.68;272.93;161.85;0.61;270.2;177.25;0.66;269.2;177.13;0.63;274.05;195.01;0.57;273.92;193.27;0.55;118.09;129.23;156.37;150.0;168.26;157.14;11.38;18.12;168.62;161.88;60.74;4.82;9.99;
133;5;140.99;219.1;0.74;140.99;217.01;0.64;140.36;217.01;0.55;142.66;219.73;0.47;150.18;220.15;0.34;137.23;236.86;0.72;159.79;232.26;0.71;135.55;257.96;0.7;167.94;249.19;0.67;129.91;274.05;0.68;161.46;258.38;0.59;143.49;268.62;0.64;157.07;269.45;0.68;126.57;294.1;0.65;164.59;295.57;0.63;117.38;324.4;0.7;181.73;320.84;0.64;165.21;119.12;163.3;161.94;135.25;159.76;15.69;29.89;164.31;150.11;103.52;3153.47;4172.01;
133;6;138.88;219.54;0.7;139.01;217.31;0.68;137.77;217.31;0.51;141.74;219.42;0.52;150.06;218.8;0.37;137.52;236.06;0.68;160.12;231.22;0.7;136.15;254.82;0.63;168.57;248.86;0.67;130.56;272.33;0.63;161.49;256.93;0.5;143.85;267.49;0.57;158.51;266.99;0.59;129.07;284.63;0.53;159.38;294.31;0.44;133.05;294.31;0.38;157.51;294.31;0.33;166.47;113.16;116.92;88.18;127.83;175.59;15.56;28.17;164.44;151.83;74.77;179.91;237.52;
134;0;162.93;269.73;0.88;162.93;268.66;0.71;162.66;268.93;0.78;153.05;270.26;0.53;164.0;271.6;0.68;138.62;282.02;0.81;166.67;287.89;0.84;128.47;305.78;0.74;167.47;313.26;0.77;125.0;326.35;0.52;169.87;325.55;0.55;139.16;322.08;0.76;158.65;323.14;0.79;111.92;347.98;0.83;180.82;350.12;0.78;95.36;383.77;0.84;193.91;383.77;0.81;166.46;170.74;158.39;161.84;132.8;127.78;23.88;14.61;156.12;165.39;114.04;29.48;140.84;
134;1;50.81;218.4;0.85;51.73;214.71;0.78;48.96;214.94;0.85;43.89;218.17;0.33;42.73;217.02;0.63;33.27;231.1;0.74;39.96;234.33;0.76;30.04;251.4;0.67;36.5;257.63;0.74;30.96;268.02;0.47;50.12;275.17;0.69;26.58;268.94;0.72;34.19;269.86;0.68;24.04;297.32;0.71;54.5;297.55;0.75;6.73;318.55;0.66;57.96;331.47;0.74;167.78;133.73;145.92;149.57;175.08;134.53;0.99;0.77;179.01;179.23;106.61;772.69;128.78;
134;2;96.1;174.71;0.73;97.66;172.58;0.69;93.83;172.72;0.71;100.78;172.86;0.74;91.7;173.57;0.73;107.31;180.96;0.76;88.71;181.1;0.7;109.59;194.3;0.74;87.29;193.88;0.63;111.01;206.66;0.65;88.57;204.95;0.48;101.07;206.09;0.65;91.84;206.09;0.68;102.06;224.97;0.71;89.14;224.97;0.75;102.77;244.0;0.77;88.43;243.86;0.78;176.9;167.08;179.12;174.02;163.03;164.74;23.62;13.47;156.38;166.53;69.22;36.73;130.18;
134;3;264.13;133.35;0.77;265.0;131.61;0.78;263.39;132.11;0.72;268.34;132.36;0.68;262.15;133.35;0.31;273.42;141.15;0.71;271.44;139.42;0.59;271.19;150.93;0.65;269.09;148.58;0.56;262.77;155.27;0.64;264.01;151.68;0.41;273.42;162.7;0.67;273.67;162.7;0.62;269.83;178.3;0.61;270.94;178.05;0.61;271.81;194.65;0.52;274.41;193.78;0.55;130.07;135.77;160.13;157.51;167.04;164.47;12.84;19.87;167.16;160.13;60.87;1196.17;1576.49;
134;4;143.0;219.7;0.69;143.9;217.54;0.69;142.62;217.67;0.59;148.48;219.7;0.54;153.83;219.45;0.32;143.0;236.9;0.67;165.67;233.97;0.7;140.2;257.53;0.65;172.04;250.65;0.7;132.69;273.32;0.69;166.56;259.95;0.61;149.37;270.13;0.56;162.87;268.73;0.63;134.98;296.37;0.41;166.31;296.37;0.51;145.04;296.37;0.38;161.72;296.37;0.34;162.29;128.61;61.25;82.91;140.41;168.3;18.58;25.5;161.42;154.5;76.66;5286.44;4315.89;
134;5;243.96;170.64;0.39;244.29;168.03;0.39;239.22;169.5;0.4;251.15;169.33;0.33;240.69;170.64;0.34;254.25;183.71;0.36;235.95;182.24;0.4;257.52;183.55;0.24;228.11;181.59;0.29;255.56;194.82;0.35;229.91;195.31;0.28;250.49;200.38;0.4;239.55;200.7;0.38;251.97;226.19;0.49;238.73;225.38;0.43;250.33;249.72;0.6;238.57;249.23;0.45;77.27;77.78;172.77;178.5;164.03;167.09;105.57;105.78;74.43;74.22;78.83;4461.3;2795.39;
134;6;144.35;219.68;0.82;144.76;217.65;0.77;143.34;218.06;0.67;147.79;219.68;0.5;155.07;219.88;0.25;143.34;237.07;0.76;164.98;233.63;0.68;140.71;257.29;0.74;172.87;251.02;0.74;133.23;273.47;0.73;167.41;261.54;0.74;150.22;271.85;0.71;163.36;270.64;0.72;131.41;296.52;0.68;170.44;298.54;0.68;124.94;324.02;0.7;185.0;324.22;0.76;162.59;128.17;155.92;164.68;131.5;163.27;18.59;26.9;161.41;153.1;104.45;87.15;225.25;
134;7;18.38;205.66;0.56;19.34;203.2;0.58;17.31;202.99;0.52;23.63;205.34;0.56;30.91;204.16;0.29;28.02;217.66;0.4;34.24;215.84;0.32;28.24;233.2;0.18;25.02;233.2;0.2;15.38;248.2;0.18;23.52;248.31;0.19;26.41;248.63;0.26;30.81;249.06;0.25;29.74;269.42;0.24;33.59;269.42;0.23;21.16;269.42;0.21;22.34;269.42;0.23;138.61;157.71;80.92;82.21;167.95;166.31;3.76;22.07;176.24;157.93;63.75;3455.01;4003.97;
135;0;54.67;219.51;0.84;55.83;216.95;0.79;53.04;216.72;0.85;50.95;219.04;0.3;46.54;217.65;0.58;40.73;230.42;0.76;42.82;234.61;0.81;34.23;252.72;0.66;43.06;260.16;0.78;48.63;269.45;0.41;56.53;276.19;0.74;38.87;271.77;0.64;35.62;272.0;0.68;60.24;301.27;0.6;60.24;301.5;0.61;62.1;334.95;0.63;62.57;335.88;0.67;123.01;140.47;147.24;144.02;141.51;129.25;13.69;11.42;166.31;168.58;115.91;2860.47;3713.08;
135;1;165.79;270.0;0.91;166.05;268.67;0.74;165.52;268.93;0.81;158.86;270.8;0.54;167.38;272.4;0.72;141.28;281.72;0.8;168.98;288.64;0.84;131.96;305.15;0.77;168.18;313.68;0.77;127.97;325.93;0.62;171.38;328.59;0.56;139.95;321.4;0.76;159.13;323.0;0.78;112.78;347.5;0.83;181.23;347.77;0.79;96.01;383.19;0.84;191.62;382.39;0.81;169.2;166.08;159.03;154.95;135.78;122.25;19.77;14.18;160.23;165.82;112.79;3393.2;3979.9;
135;2;96.35;174.49;0.77;97.9;172.66;0.75;94.24;172.8;0.75;101.13;172.94;0.75;91.99;173.79;0.74;107.46;180.82;0.79;89.88;181.52;0.73;110.0;194.04;0.76;89.74;194.04;0.66;111.26;206.42;0.64;91.43;205.29;0.53;102.12;206.14;0.69;92.13;206.28;0.71;102.96;226.39;0.75;89.46;225.69;0.77;102.54;245.1;0.79;88.62;244.53;0.8;175.0;170.83;176.32;174.72;165.69;166.97;22.76;5.84;157.24;174.16;70.33;10.52;86.46;
135;3;238.6;167.55;0.51;241.18;165.66;0.51;235.67;165.66;0.51;244.63;165.83;0.44;234.12;167.21;0.37;252.21;180.82;0.42;231.71;179.44;0.41;254.97;183.58;0.26;227.91;185.3;0.31;253.25;193.4;0.26;231.53;192.88;0.27;250.32;200.12;0.48;238.94;200.98;0.45;251.35;226.49;0.56;238.25;226.15;0.5;250.15;249.93;0.65;238.6;248.72;0.51;125.05;121.58;174.81;177.56;172.14;159.86;50.61;51.48;129.39;128.52;81.77;1180.5;1575.81;
135;4;146.66;219.06;0.73;148.19;216.89;0.72;146.02;216.89;0.68;154.42;218.8;0.61;157.99;218.68;0.41;148.57;236.63;0.63;169.32;233.19;0.65;144.49;257.89;0.63;175.31;250.51;0.62;135.45;272.28;0.7;172.38;261.71;0.63;155.7;270.5;0.51;167.92;268.97;0.58;153.92;295.71;0.39;168.43;295.71;0.49;152.26;295.71;0.29;165.5;295.71;0.27;158.71;146.29;94.04;88.91;164.07;176.67;22.74;21.31;157.26;158.69;76.65;88.65;182.51;
135;5;264.0;133.47;0.78;264.61;131.87;0.78;263.13;132.48;0.7;268.06;132.36;0.63;260.92;133.84;0.26;273.61;141.36;0.74;270.65;139.75;0.66;271.88;151.34;0.72;268.19;148.75;0.62;261.41;154.29;0.68;260.3;151.7;0.61;274.1;163.9;0.68;273.73;164.03;0.64;270.03;179.43;0.6;271.88;179.43;0.62;270.77;195.2;0.52;274.1;194.21;0.59;115.57;125.88;162.64;164.63;164.07;165.92;11.06;22.55;168.94;157.45;61.23;1229.94;1596.47;
135;6;15.46;203.23;0.7;16.02;201.39;0.73;14.04;201.39;0.7;19.41;202.24;0.61;17.29;202.38;0.33;24.77;216.35;0.6;20.54;214.24;0.36;25.9;233.43;0.56;26.6;232.16;0.22;15.46;255.58;0.31;18.7;255.44;0.18;21.67;249.23;0.44;17.15;251.07;0.38;18.7;273.08;0.51;18.42;274.63;0.45;21.24;291.15;0.42;24.35;291.15;0.43;150.98;142.55;164.91;163.34;178.31;171.66;9.18;23.96;170.82;156.04;87.92;3577.94;4470.1;
135;7;146.97;219.29;0.82;147.99;217.24;0.8;146.15;217.65;0.75;154.13;218.88;0.68;158.23;219.7;0.43;149.01;236.7;0.74;168.87;233.62;0.69;145.12;256.76;0.7;175.63;251.03;0.71;135.7;272.32;0.72;171.94;263.11;0.66;155.16;272.12;0.67;167.03;270.68;0.68;138.37;296.48;0.54;171.94;297.3;0.63;131.2;324.12;0.51;185.46;324.33;0.66;159.79;141.82;159.96;163.89;135.59;166.69;20.81;24.06;159.19;155.94;104.93;3685.88;4479.98;
136;0;59.58;220.63;0.86;60.5;217.87;0.76;57.97;217.87;0.84;52.67;219.25;0.32;51.29;218.79;0.49;44.14;231.46;0.77;47.14;236.07;0.81;36.31;252.43;0.68;47.14;260.73;0.77;29.62;270.64;0.6;61.89;276.4;0.73;36.54;273.4;0.72;43.45;273.86;0.73;37.46;303.36;0.75;66.04;301.06;0.8;14.65;319.72;0.7;64.19;335.39;0.76;179.67;136.74;123.88;137.22;167.96;134.72;10.21;5.57;169.79;174.43;106.93;571.94;161.1;
136;1;167.17;270.11;0.86;166.64;269.31;0.67;167.17;269.58;0.75;160.8;270.37;0.58;167.97;272.76;0.69;144.59;281.0;0.81;171.16;288.44;0.85;133.7;305.44;0.79;169.56;313.41;0.79;131.31;324.83;0.63;172.75;329.88;0.6;141.14;321.38;0.78;160.8;323.5;0.78;114.84;347.67;0.84;183.38;345.28;0.82;96.78;383.54;0.84;190.55;383.0;0.83;163.01;165.39;161.73;144.74;139.89;117.51;19.13;12.81;160.87;167.19;113.16;105.75;56.41;
136;2;97.41;174.27;0.76;98.99;172.26;0.73;95.4;172.26;0.74;102.01;172.69;0.72;93.38;173.7;0.69;108.06;180.75;0.79;90.94;181.61;0.73;110.79;193.98;0.76;90.79;194.12;0.68;112.08;206.64;0.68;92.09;203.47;0.52;102.16;206.5;0.68;92.23;206.5;0.7;103.02;226.06;0.72;89.5;225.48;0.76;102.73;245.33;0.76;88.64;244.47;0.79;174.17;171.46;176.62;174.41;164.57;168.83;24.57;3.64;155.43;176.36;70.63;25.59;58.04;
136;3;150.6;218.77;0.73;152.25;216.62;0.72;149.46;216.62;0.7;157.19;218.01;0.59;162.26;217.63;0.45;153.9;236.01;0.61;169.23;230.56;0.63;148.83;256.41;0.6;176.2;248.17;0.59;139.7;270.09;0.68;176.2;261.98;0.62;160.49;267.56;0.52;171.38;265.79;0.57;159.22;294.93;0.39;170.88;294.93;0.51;156.68;294.93;0.28;168.98;294.93;0.27;160.26;158.41;92.65;91.0;165.55;175.5;25.75;18.09;154.25;161.91;76.16;4115.32;2658.83;
136;4;239.84;167.55;0.71;241.76;165.28;0.68;237.57;165.11;0.67;245.77;165.98;0.57;235.48;166.5;0.48;253.97;175.75;0.72;231.81;177.85;0.69;261.13;185.87;0.66;226.05;187.27;0.6;255.37;195.12;0.62;230.94;195.47;0.53;250.14;201.23;0.66;239.14;201.58;0.67;251.71;227.41;0.71;238.09;226.71;0.67;250.14;250.62;0.78;239.14;249.05;0.62;112.84;117.79;172.7;174.93;168.0;160.45;43.83;48.59;136.17;131.41;82.29;4282.87;2655.53;
136;5;263.36;132.96;0.75;264.23;131.35;0.75;262.99;131.72;0.66;267.46;131.84;0.61;261.99;134.33;0.32;272.94;141.55;0.68;271.32;139.56;0.61;271.07;151.25;0.66;267.59;148.64;0.51;260.37;154.23;0.64;258.01;151.5;0.54;273.93;164.43;0.66;272.07;164.31;0.59;272.07;179.98;0.51;270.7;180.73;0.51;272.69;195.28;0.51;272.44;195.03;0.52;116.48;128.97;170.83;168.3;170.67;173.51;13.38;24.07;166.62;155.93;62.19;31.17;69.09;
136;6;13.76;199.01;0.75;12.52;197.92;0.64;13.45;197.61;0.61;12.37;200.25;0.49;16.08;199.47;0.47;15.0;211.24;0.71;18.25;208.76;0.73;17.48;231.69;0.65;22.43;227.04;0.31;15.15;238.35;0.16;16.7;238.35;0.16;17.63;248.1;0.61;27.23;247.33;0.56;13.29;271.95;0.65;27.85;271.95;0.57;11.28;299.52;0.53;33.27;280.01;0.46;153.86;140.23;173.87;147.5;165.61;168.33;2.83;0.22;177.17;179.78;90.76;517.83;517.01;
137;0;64.32;221.91;0.88;65.92;218.93;0.83;62.49;218.7;0.89;66.84;220.77;0.29;55.85;219.85;0.54;48.74;233.59;0.73;49.89;237.72;0.78;43.02;253.98;0.58;50.58;262.68;0.76;60.43;269.33;0.35;65.69;278.72;0.75;42.79;275.28;0.68;48.06;275.74;0.69;46.22;304.37;0.73;70.73;301.85;0.81;19.42;321.32;0.74;64.55;335.98;0.74;115.71;138.26;115.58;128.76;165.13;136.27;7.56;4.34;172.44;175.66;106.74;925.95;133.88;
137;1;170.8;271.21;0.91;170.27;270.15;0.7;170.27;270.42;0.78;164.96;270.42;0.6;171.86;274.13;0.69;148.25;280.5;0.83;173.98;289.25;0.89;136.31;304.38;0.78;171.33;314.99;0.81;134.98;322.68;0.64;175.04;329.31;0.63;143.47;321.35;0.79;163.1;323.21;0.83;117.74;348.68;0.82;184.33;344.43;0.84;96.78;382.37;0.82;189.9;382.1;0.82;157.58;159.58;168.6;143.41;143.39;117.24;19.9;11.87;160.1;168.13;111.02;127.81;70.9;
137;2;97.38;174.42;0.76;98.97;172.11;0.75;95.51;172.25;0.75;102.3;172.54;0.75;93.48;173.41;0.71;108.8;180.63;0.77;91.31;181.36;0.72;111.69;193.93;0.74;91.46;194.07;0.65;112.99;206.36;0.64;93.19;202.74;0.5;102.59;206.65;0.67;93.05;206.5;0.7;103.31;226.01;0.71;90.3;225.14;0.75;103.16;245.23;0.76;88.71;243.5;0.77;173.71;169.34;177.43;176.57;164.43;167.68;25.7;3.29;154.3;176.71;69.94;28.51;39.76;
137;3;238.6;168.75;0.7;240.84;167.03;0.68;236.88;166.69;0.68;244.46;167.03;0.6;235.84;167.55;0.52;251.7;175.3;0.7;232.4;177.54;0.69;263.07;182.88;0.69;225.85;186.85;0.58;256.52;194.43;0.62;230.5;195.81;0.5;249.97;200.98;0.66;239.12;201.49;0.67;251.18;227.0;0.7;238.08;226.65;0.66;250.32;250.26;0.78;239.98;248.71;0.6;94.13;117.43;175.22;172.73;173.51;161.97;60.15;50.81;119.85;129.19;80.73;4180.3;2571.09;
137;4;155.09;218.7;0.72;157.0;216.27;0.68;153.81;216.27;0.69;162.63;217.54;0.62;165.57;217.29;0.41;158.28;234.81;0.59;171.33;229.82;0.6;153.55;254.76;0.57;176.83;247.09;0.53;142.94;268.83;0.65;178.75;262.56;0.54;163.01;267.17;0.52;174.53;264.87;0.55;149.46;285.97;0.42;171.97;294.92;0.46;157.9;294.92;0.33;168.77;294.92;0.29;156.31;169.4;100.89;94.86;135.88;169.92;21.66;12.45;158.34;167.55;76.23;4037.94;2553.0;
137;5;264.16;133.05;0.76;264.78;131.44;0.79;263.17;131.81;0.71;268.14;132.18;0.69;261.68;133.55;0.34;273.35;141.12;0.69;269.87;139.88;0.62;271.61;151.8;0.65;267.64;149.07;0.57;261.68;154.53;0.63;260.31;152.05;0.6;273.97;164.22;0.63;271.49;164.34;0.58;269.38;180.24;0.51;268.01;180.73;0.51;274.1;195.38;0.52;272.23;194.52;0.48;114.62;125.81;146.7;150.99;162.46;164.25;10.79;17.45;169.21;162.55;61.9;40.26;71.16;
137;6;154.69;218.17;0.81;157.39;215.89;0.75;153.45;216.3;0.76;163.19;217.75;0.7;156.35;218.17;0.4;160.5;234.96;0.72;169.2;231.64;0.68;154.49;253.62;0.69;174.8;248.64;0.55;143.5;268.13;0.68;177.5;262.53;0.39;166.51;268.13;0.63;172.52;266.68;0.61;170.24;293.63;0.46;172.52;293.63;0.51;185.58;323.9;0.48;184.75;320.79;0.43;160.73;172.76;161.45;155.75;178.05;174.59;28.13;12.82;151.87;167.18;104.18;3957.24;4883.8;
