==========================================================================================
 SPIKE.AI - TABELA DE DADOS BIOMECÂNICOS 2D (SÉRIE TEMPORAL)
 NOTA TÉCNICA: Os ângulos (*_angle_2d_proj) são projeções no plano da imagem.
               Velocidades (*_apparent_velocity_px_s) são relativas à escala em pixels.
==========================================================================================

frame   person_id   nose_x    nose_y   nose_conf   left_eye_x   left_eye_y   left_eye_conf   right_eye_x   right_eye_y   right_eye_conf   left_ear_x   left_ear_y   left_ear_conf   right_ear_x   right_ear_y   right_ear_conf   left_shoulder_x   left_shoulder_y   left_shoulder_conf   right_shoulder_x   right_shoulder_y   right_shoulder_conf   left_elbow_x   left_elbow_y   left_elbow_conf   right_elbow_x   right_elbow_y   right_elbow_conf   left_wrist_x   left_wrist_y   left_wrist_conf   right_wrist_x   right_wrist_y   right_wrist_conf   left_hip_x   left_hip_y   left_hip_conf   right_hip_x   right_hip_y   right_hip_conf   left_knee_x   left_knee_y   left_knee_conf   right_knee_x   right_knee_y   right_knee_conf   left_ankle_x   left_ankle_y   left_ankle_conf   right_ankle_x   right_ankle_y   right_ankle_conf   left_elbow_angle_2d_proj   right_elbow_angle_2d_proj   left_knee_angle_2d_proj   right_knee_angle_2d_proj   left_hip_angle_2d_proj   right_hip_angle_2d_proj   left_shoulder_angle_2d_proj   right_shoulder_angle_2d_proj   left_apparent_shoulder_rotation_2d_deg   right_apparent_shoulder_rotation_2d_deg   body_height_px   left_wrist_apparent_velocity_px_s   right_wrist_apparent_velocity_px_s   detected_event       
------- ----------- --------- -------- ----------- ------------ ------------ --------------- ------------- ------------- ---------------- ------------ ------------ --------------- ------------- ------------- ---------------- ----------------- ----------------- -------------------- ------------------ ------------------ --------------------- -------------- -------------- ----------------- --------------- --------------- ------------------ -------------- -------------- ----------------- --------------- --------------- ------------------ ------------ ------------ --------------- ------------- ------------- ---------------- ------------- ------------- ---------------- -------------- -------------- ----------------- -------------- -------------- ----------------- --------------- --------------- ------------------ -------------------------- --------------------------- ------------------------- -------------------------- ------------------------ ------------------------- ----------------------------- ------------------------------ ---------------------------------------- ----------------------------------------- ---------------- ----------------------------------- ------------------------------------ -------------------- 
0       0           843.35    677.31   0.27        872.95       677.31       0.3             872.95        671.93        0.3              867.57       674.62       0.28            851.42        671.93        0.24             851.42            647.71            0.29                 840.66             650.4              0.24                  837.97         300.58         0.22              784.15          297.89          0.19               811.06         254.83         0.18              754.55          257.52          0.17               840.66       760.73       0.23            813.75        755.35        0.2              846.04        774.19        0.18             819.13         776.88         0.14              829.9          809.17         0.22              337.45          801.1           0.24               151.75                     152.85                      133.42                    78.84                      152.76                   151.58                    172.34                        156.51                         7.66                                     23.49                                     127.82           -                                   -                                    -                    
1       0           846.04    682.69   0.29        878.33       680.0        0.32            872.95        149.88        0.33             870.26       671.93       0.29            848.73        666.55        0.24             862.19            636.95            0.33                 862.19             636.95             0.27                  846.04         728.44         0.27              805.68          295.19          0.21               821.82         725.75         0.22              797.6           725.75          0.19               859.5        771.5        0.26            827.2         768.81        0.23             848.73        671.93        0.18             827.2          784.95         0.15              851.42         790.33         0.23              808.37          779.57          0.22               93.67                      10.46                       4.87                      74.05                      7.32                     165.14                    8.86                          155.75                         171.14                                   24.25                                     102.26           14209.87                            14184.57                             -                    
2       0           851.42    682.69   0.32        881.02       680.0        0.36            875.64        671.93        0.36             872.95       666.55       0.32            854.11        661.17        0.26             864.88            631.57            0.36                 886.41             631.57             0.32                  864.88         728.44         0.31              811.06          712.3           0.24               827.2          728.44         0.27              805.68          728.44          0.24               864.88       774.19       0.29            846.04        774.19        0.26             848.73        776.88        0.2              832.59         817.24         0.16              859.5          776.88         0.25              819.13          771.5           0.23               90.0                       155.41                      9.46                      33.74                      99.46                    178.45                    0.0                           27.22                          180.0                                    152.78                                    91.49            181.52                              256.71                               -                    
3       0           851.42    682.69   0.33        881.02       677.31       0.37            872.95        671.93        0.37             872.95       666.55       0.32            854.11        661.17        0.27             864.88            634.26            0.36                 883.72             631.57             0.32                  867.57         728.44         0.31              811.06          712.3           0.24               829.9          725.75         0.27              808.37          728.44          0.24               867.57       776.88       0.29            846.04        774.19        0.27             848.73        776.88        0.2              829.9          819.93         0.16              859.5          776.88         0.25              819.13          771.5           0.23               84.28                      147.48                      0.01                      31.97                      88.92                    175.36                    0.56                          27.19                          179.44                                   152.81                                    91.49            114.8                               81.18                                -                    
4       0           846.04    677.31   0.29        872.95       677.31       0.33            872.95        671.93        0.33             867.57       669.24       0.3             851.42        663.86        0.25             862.19            639.64            0.31                 854.11             639.64             0.27                  846.04         720.37         0.26              786.84          698.84          0.2                813.75         720.37         0.22              784.15          720.37          0.2                854.11       766.11       0.26            824.51        763.42        0.24             846.04        774.19        0.18             816.44         782.26         0.15              827.2          793.02         0.24              340.14          779.57          0.25               101.31                     138.47                      180.0                     112.87                     138.65                   170.25                    7.66                          35.2                           172.34                                   144.8                                     108.98           513.41                              770.12                               -                    
5       0           848.73    680.0    0.31        875.64       677.31       0.35            872.95        671.93        0.35             870.26       666.55       0.31            854.11        661.17        0.26             862.19            636.95            0.33                 864.88             634.26             0.28                  864.88         720.37         0.27              786.84          698.84          0.21               819.13         723.06         0.24              786.84          723.06          0.21               859.5        771.5        0.27            829.9         768.81        0.25             848.73        776.88        0.19             821.82         787.64         0.15              342.83         801.1          0.24              340.14          782.26          0.26               91.52                      129.61                      156.18                    112.56                     117.71                   171.38                    2.99                          35.82                          177.01                                   144.18                                    111.68           181.52                              114.8                                -                    
6       0           846.04    680.0    0.27        875.64       680.0        0.3             878.33        157.95        0.3              867.57       666.55       0.28            854.11        661.17        0.22             856.81            634.26            0.31                 859.5              634.26             0.26                  840.66         723.06         0.25              781.46          292.5           0.2                811.06         723.06         0.21              781.46          249.45          0.19               856.81       766.11       0.25            829.9         763.42        0.23             846.04        774.19        0.18             816.44         784.95         0.15              342.83         806.48         0.24              340.14          787.64          0.26               100.3                      167.14                      146.8                     122.33                     126.87                   160.9                     10.3                          154.23                         169.7                                    25.77                                     117.06           243.53                              14288.26                             -                    
7       0           784.15    680.0    0.26        878.33       677.31       0.29            878.33        155.26        0.3              867.57       663.86       0.27            854.11        658.48        0.22             854.11            636.95            0.29                 848.73             636.95             0.25                  835.28         295.19         0.24              754.55          292.5           0.21               805.68         254.83         0.2               754.55          254.83          0.2                851.42       760.73       0.24            824.51        758.04        0.21             843.35        739.2         0.18             816.44         774.19         0.15              345.52         809.17         0.25              342.83          801.1           0.27               146.9                      164.71                      102.56                    119.82                     21.8                     164.74                    175.6                         153.4                          4.4                                      26.6                                      125.13           14125.91                            827.86                               -                    
8       0           846.04    680.0    0.27        878.33       677.31       0.31            875.64        671.93        0.31             872.95       666.55       0.28            856.81        658.48        0.23             856.81            639.64            0.29                 846.04             639.64             0.25                  843.35         295.19         0.23              781.46          295.19          0.2                811.06         723.06         0.2               759.93          260.21          0.19               854.11       763.42       0.24            824.51        760.73        0.22             843.35        739.2         0.18             816.44         774.19         0.15              345.52         811.86         0.25              342.83          803.79          0.27               6.55                       159.01                      105.66                    124.54                     25.21                    159.12                    176.52                        159.3                          3.48                                     20.7                                      127.82           14125.91                            229.61                               -                    
9       0           827.2     680.0    0.26        862.19       680.0        0.3             867.57        674.62        0.29             862.19       661.17       0.27            846.04        655.78        0.22             854.11            631.57            0.29                 848.73             628.88             0.25                  837.97         725.75         0.22              784.15          297.89          0.2                808.37         728.44         0.2               784.15          262.9           0.2                854.11       768.81       0.23            827.2         766.11        0.22             821.82        690.77        0.18             356.28         674.62         0.18              348.21         817.24         0.32              345.52          814.55          0.35               104.92                     168.96                      97.53                     83.4                       22.48                    87.92                     9.73                          160.04                         170.27                                   19.96                                     135.89           181.52                              735.1                                -                    
10      0           821.82    677.31   0.24        859.5        680.0        0.28            867.57        674.62        0.27             864.88       658.48       0.25            829.9         653.09        0.2              851.42            631.57            0.26                 837.97             631.57             0.23                  835.28         311.34         0.21              759.93          300.58          0.19               808.37         268.28         0.19              759.93          262.9           0.2                851.42       766.11       0.21            821.82        766.11        0.21             367.05        690.77        0.22             358.98         685.39         0.24              350.9          819.93         0.34              345.52          817.24          0.38               150.88                     166.73                      88.28                     85.93                      81.16                    86.95                     177.11                        159.89                         2.89                                     20.11                                     141.28           13881.44                            730.6                                -                    
11      0           840.66    682.69   0.24        856.81       682.69       0.3             854.11        680.0         0.29             859.5        653.09       0.26            848.73        230.61        0.21             851.42            626.18            0.3                  872.95             628.88             0.26                  837.97         728.44         0.24              808.37          714.99          0.2                813.75         736.51         0.21              808.37          252.14          0.21               851.42       774.19       0.25            846.04        776.88        0.24             367.05        685.39        0.25             361.67         674.62         0.27              350.9          819.93         0.36              348.21          817.24          0.41               115.93                     36.87                       86.45                     83.47                      79.61                    88.38                     7.5                           26.57                          172.5                                    153.43                                    135.89           14125.91                            1496.85                              -                    
12      0           824.51    685.39   0.25        867.57       685.39       0.3             870.26        680.0         0.29             859.5        658.48       0.26            848.73        222.54        0.22             854.11            628.88            0.3                  864.88             628.88             0.26                  840.66         728.44         0.24              808.37          292.5           0.2                813.75         257.52         0.21              808.37          254.83          0.23               854.11       774.19       0.25            835.28        771.5         0.24             369.74        680.0         0.2              358.98         669.24         0.21              350.9          819.93         0.32              348.21          814.55          0.36               10.97                      170.46                      86.66                     82.12                      79.0                     89.61                     7.7                           158.74                         172.3                                    21.26                                     131.86           14449.69                            81.18                                take_off             
13      0           1227.71   361.53   0.39        1227.56      355.86       0.37            1224.08       354.12        0.41             1229.31      360.37       0.34            1229.6        362.84        0.28             1235.12           306.6             0.39                 1236.86            308.05             0.42                  1228.0         326.51         0.3               1239.77         309.8           0.26               1226.11        360.22         0.2               1236.57         370.98          0.31               1236.43      373.01       0.25            1242.82       370.1         0.36             1230.62       311.69        0.27             1231.05        369.09         0.28              1239.48        399.17         0.45              1238.46         399.17          0.43               163.53                     117.97                      0.37                      71.22                      4.29                     79.58                     20.81                         53.55                          159.19                                   126.45                                    37.64            12819.62                            13384.35                             jump_peak            
14      0           1227.7    361.55   0.4         1227.26      355.89       0.37            1224.07       354.14        0.41             1229.44      360.39       0.34            1229.59       361.11        0.29             1235.11           307.95            0.39                 1236.7             308.24             0.42                  1227.99        326.83         0.29              1239.76         309.69          0.24               1225.95        399.17         0.19              1236.7          372.15          0.3                1236.56      373.9        0.24            1242.95       370.85        0.36             1230.75       311.72        0.27             1231.04        369.1          0.28              1239.61        399.17         0.45              1238.45         399.17          0.44               160.96                     112.67                      0.45                      67.83                      4.08                     75.98                     21.91                         58.84                          158.09                                   121.16                                    37.62            1175.09                             35.81                                -                    
15      0           1227.71   361.73   0.41        1227.13      355.92       0.38            1224.08       354.32        0.43             1229.6       360.42       0.36            1229.89       361.44        0.3              1235.85           306.52            0.38                 1237.01            308.27             0.41                  1228.73        326.28         0.27              1239.92         309.58          0.22               1225.53        360.13         0.18              1236.43         371.17          0.28               1237.3       378.29       0.23            1243.69       372.48        0.34             1230.76       311.9         0.27             1230.91        368.71         0.27              1239.62        399.21         0.44              1238.46         399.21          0.42               165.58                     110.99                      0.17                      59.63                      4.46                     67.6                      20.97                         59.83                          159.03                                   120.17                                    37.48            1177.81                             30.72                                -                    
16      0           1196.83   363.32   0.96        1186.23      354.49       0.38            1187.41       354.49        0.43             1346.31      542.81       0.29            1332.77       362.14        0.28             1172.11           431.0             0.91                 1242.73            398.63             0.85                  1189.18        502.21         0.88              1192.12         516.92          0.47               1219.78        595.78         0.83              1223.31         605.79          0.56               1245.67      592.25       0.64            1225.08       592.25        0.46             1242.14       669.93        0.78             1244.5         663.46         0.59              1243.32        716.43         0.2               1368.08         716.43          0.17               175.37                     137.5                       175.95                    128.45                     152.87                   159.53                    11.04                         17.95                          168.96                                   162.05                                    353.11           7110.83                             7088.49                              -                    
17      0           1197.49   363.12   0.95        1286.24      353.77       0.37            1188.14       353.77        0.42             1345.22      541.79       0.29            1331.79       363.12        0.28             1171.79           430.27            0.91                 1243.03            398.15             0.85                  1189.31        503.26         0.87              1192.23         519.61          0.48               1220.84        600.19         0.84              1224.35         608.95          0.59               1247.7       589.68       0.62            1223.18       589.68        0.4              1243.62       672.59        0.79             1244.2         665.0          0.6               1244.78        713.47         0.18              1366.82         713.47          0.17               175.48                     137.53                      175.54                    127.16                     151.71                   158.49                    11.97                         16.78                          168.03                                   163.22                                    350.35           136.74                              100.32                               -                    
18      0           1177.69   363.07   0.94        1169.74      358.01       0.57            1171.19       358.01        0.65             981.73       512.03       0.39            1360.64       366.69        0.39             1150.94           425.26            0.87                 1234.82            405.01             0.93                  1148.05        484.55         0.84              1227.59         491.06          0.27               1188.54        573.5          0.84              1222.53         580.73          0.7                1234.1       591.57       0.81            1226.86       590.85        0.63             1231.93       713.78        0.77             1212.4         692.08         0.84              1239.88        816.46         0.26              1260.13         816.46          0.38               152.73                     178.43                      174.55                    150.88                     152.42                   174.32                    29.36                         2.35                           150.64                                   177.65                                    453.38           1264.07                             853.04                               landing              
19      0           1151.37   365.86   0.9         1143.65      359.0        0.64            1153.95       357.28        0.61             1135.07      370.15       0.4             1181.4        361.57        0.49             1125.63           425.06            0.81                 1231.17            408.76             0.87                  1112.76        461.96         0.86              1235.46         485.12          0.57               1156.52        544.32         0.79              1224.3          545.18          0.63               1210.57      588.08       0.71            1238.89       580.36        0.69             1237.17       719.36        0.74             1180.54        674.74         0.88              1261.2         808.59         0.28              1201.99         801.72          0.86               132.79                     166.26                      176.39                    138.69                     163.93                   145.7                     46.75                         0.64                           133.25                                   179.36                                    439.3            1306.69                             1073.61                              -                    
20      0           1152.27   365.97   0.91        1145.4       359.1        0.66            1154.85       357.39        0.63             1135.09      369.41       0.39            1181.47       361.68        0.47             1126.5            425.24            0.81                 1230.43            408.92             0.86                  1112.76        462.17         0.86              1233.87         486.22          0.55               1156.56        544.63         0.8               1223.56         545.49          0.62               1209.82      588.44       0.71            1236.44       581.56        0.69             1236.44       720.71        0.77             1180.61        674.33         0.88              1259.64        808.32         0.29              1202.09         800.59          0.86               131.61                     167.59                      176.55                    139.31                     164.34                   146.96                    47.46                         0.55                           132.54                                   179.45                                    438.48           9.34                                24.24                                -                    
21      0           1118.46   372.54   0.82        1116.81      369.25       0.56            1111.05       368.43        0.55             1093.78      375.83       0.54            1142.31       373.36        0.52             1078.97           421.9             0.8                  1182.63            413.67             0.8                   1064.98        441.64         0.79              1242.68         414.5           0.64               1096.24        504.17         0.77              1215.53         433.42          0.36               1136.56      567.51       0.75            1202.37       574.1         0.76             1162.06       713.13        0.71             1125.04        681.87         0.76              1231.99        770.72         0.81              1087.19         805.27          0.83               118.12                     35.66                       139.41                    161.39                     168.36                   137.32                    56.89                         82.2                           123.11                                   97.8                                      415.45           2191.16                             3389.53                              -                    
22      0           1118.64   372.73   0.82        1116.17      369.44       0.56            1111.23       368.61        0.54             1093.97      376.01       0.56            1142.48       373.55        0.52             1077.52           422.06            0.8                  1182.77            413.84             0.8                   1066.01        442.62         0.78              1242.8          413.84          0.64               1095.61        503.47         0.77              1216.49         433.57          0.36               1135.9       567.61       0.75            1202.51       573.36        0.76             1162.22       713.97        0.71             1125.21        681.9          0.76              1232.11        769.89         0.81              1087.39         805.24          0.83               124.81                     36.87                       138.85                    161.59                     168.33                   137.49                    51.11                         82.95                          128.89                                   97.05                                     414.84           28.45                               29.17                                -                    
23      0           1073.66   396.1    0.84        1071.24      392.07       0.54            1063.18       390.46        0.64             1049.47      402.56       0.46            1093.02       399.33        0.4              1031.73           444.49            0.79                 1133.34            434.81             0.73                  1030.93        481.58         0.7               1195.43         440.46          0.67               1039.8         528.35         0.74              1243.01         458.2           0.57               1083.34      584.8        0.68            1144.63       587.22        0.69             1066.41       713.02        0.72             1080.11        706.56         0.7               1094.63        758.17         0.76              1051.08         813.01          0.74               168.02                     164.74                      140.47                    166.86                     152.28                   147.37                    21.44                         80.57                          158.56                                   99.43                                     389.49           1843.55                             1091.65                              -                    
24      0           1073.7    396.09   0.84        1071.28      392.06       0.54            1063.22       390.45        0.65             1049.51      402.54       0.46            1092.25       399.32        0.41             1031.77           444.48            0.79                 1132.57            434.8              0.74                  1030.96        480.76         0.7               1193.86         440.44          0.67               1039.83        528.34         0.74              1242.24         457.38          0.6                1083.38      584.79       0.68            1144.67       587.21        0.69             1066.44       713.01        0.72             1080.15        705.75         0.7               1095.47        758.17         0.77              1051.12         813.01          0.75               168.17                     165.97                      139.74                    166.59                     152.28                   146.91                    21.47                         80.2                           158.53                                   99.8                                      389.5            1.16                                33.76                                -                    
25      0           1073.56   396.04   0.84        1071.14      392.01       0.54            1063.07       390.39        0.65             1050.17      402.49       0.46            1092.11       399.27        0.41             1031.61           444.44            0.79                 1133.25            434.76             0.74                  1030.81        481.55         0.71              1194.56         440.41          0.68               1039.68        528.34         0.74              1242.96         458.16          0.58               1083.24      584.8        0.68            1144.55       587.22        0.69             1067.11       713.06        0.72             1080.01        706.61         0.7               1094.53        758.24         0.77              1050.97         813.09          0.75               168.02                     165.13                      141.57                    166.86                     152.64                   147.37                    21.44                         80.5                           158.56                                   99.5                                      389.62           4.65                                31.92                                -                    
26      0           1028.33   421.58   0.72        1019.03      420.8        0.57            1024.45       418.48        0.56             1011.28      429.33       0.58            1048.48       427.78        0.52             989.58            480.47            0.82                 1093.42            474.27             0.75                  985.71         529.29         0.79              1141.47         522.32          0.77               986.48         616.86         0.76              1177.89         580.44          0.83               1037.63      603.69       0.68            1097.3        606.01        0.7              996.56        711.4         0.81             1045.38        706.75         0.81              965.56         803.62         0.84              1039.95         816.02          0.82               174.96                     167.07                      177.71                    155.58                     137.83                   151.05                    25.84                         43.32                          154.16                                   136.68                                    388.24           3115.64                             4178.69                              -                    
27      0           988.72    430.39   0.62        972.55       424.23       0.51            1011.06       423.46        0.49             976.4        432.7        0.72            1016.45       432.7         0.77             954.84            486.61            0.86                 1054.19            484.3              0.86                  940.21         562.09         0.81              1068.82         560.55          0.84               950.99         627.55         0.76              1056.5          617.54          0.63               985.64       621.39       0.73            1044.95       624.47        0.76             959.46        722.28        0.81             1018.76        726.9          0.85              888.61         811.61         0.87              1033.39         818.55          0.87               159.67                     156.94                      156.13                    156.59                     152.58                   169.43                    23.85                         14.64                          156.15                                   165.36                                    384.69           1118.22                             3829.23                              -                    
28      0           988.01    430.34   0.62        972.6        424.18       0.51            1011.12       423.41        0.5              976.46       432.65       0.72            1016.51       432.65        0.77             954.89            486.57            0.86                 1054.26            484.26             0.86                  940.25         562.07         0.81              1068.9          561.3           0.84               951.03         627.55         0.76              1057.34         618.31          0.63               985.7        621.39       0.73            1045.02       625.24        0.76             959.51        721.54        0.81             1018.83        726.93         0.85              888.63         811.67         0.86              1033.46         818.6           0.88               159.67                     157.78                      156.48                    156.48                     152.47                   169.31                    23.85                         14.51                          156.15                                   165.49                                    384.8            1.38                                34.5                                 -                    
29      0           987.43    430.58   0.61        972.04       423.65       0.5             1012.05       422.88        0.49             975.89       432.89       0.72            1015.89       432.89        0.78             955.11            486.75            0.85                 1054.37            484.44             0.85                  940.49         562.15         0.81              1068.98         560.61          0.84               951.26         629.09         0.76              1055.13         618.31          0.63               985.12       621.39       0.73            1045.13       625.24        0.76             959.73        721.42        0.81             1018.97        726.8          0.85              888.94         811.44         0.86              1033.59         818.36          0.87               159.89                     155.64                      156.06                    156.48                     153.19                   169.31                    23.54                         14.62                          156.46                                   165.38                                    384.32           46.84                               66.63                                -                    
30      0           965.5     426.0    0.5         948.44       420.57       0.54            997.3         419.02        0.49             952.32       425.23       0.84            991.87        426.78        0.8              929.05            467.88            0.85                 1016.68            474.08             0.9                   903.46         492.7          0.78              1007.38         521.39          0.76               943.79         480.29         0.68              975.58          490.37          0.66               939.91       623.76       0.82            992.64        626.08        0.81             929.83        724.57        0.89             1010.48        735.43         0.94              866.24         813.75         0.92              1029.87         809.88          0.93               27.02                      56.84                       150.22                    174.67                     170.31                   161.75                    49.87                         2.14                           130.13                                   177.86                                    385.81           4494.46                             4544.95                              -                    
31      0           966.29    426.02   0.51        948.45       421.37       0.55            997.31        419.82        0.49             952.33       425.24       0.84            991.88        426.79        0.8              929.07            468.67            0.85                 1016.69            474.1              0.9                   903.48         492.71         0.78              1007.39         521.4           0.76               943.8          479.52         0.67              975.6           488.83          0.66               939.92       624.53       0.82            992.65        626.08        0.81             929.84        724.57        0.89             1009.71        735.42         0.95              866.26         813.74         0.93              1029.1          809.86          0.94               25.11                      55.44                       150.26                    174.27                     170.26                   162.14                    50.77                         2.14                           129.23                                   177.86                                    385.78           23.01                               46.43                                -                    
32      0           936.17    372.13   0.76        931.04       368.27       0.72            946.45        369.56        0.61             931.04       375.98       0.85            965.72        375.98        0.75             910.48            410.66            0.86                 991.41             419.65             0.92                  889.93         377.27         0.89              969.57          409.38          0.68               922.04         338.73         0.88              943.88          365.71          0.69               923.33       559.66       0.87            974.71        562.23        0.86             905.35        689.39        0.92             992.69         673.98         0.86              875.8          796.01         0.95              1018.38         775.45          0.91               108.59                     145.67                      172.4                     174.93                     167.18                   164.18                    153.32                        108.52                         26.68                                    71.48                                     413.6            4297.71                             3835.52                              -                    
33      0           934.4     370.33   0.76        929.28       367.77       0.73            944.65        367.77        0.61             931.84       376.73       0.85            966.41        375.45        0.75             910.08            411.3             0.86                 990.73             418.98             0.92                  889.6          376.73         0.89              966.41          406.18          0.68               922.88         338.33         0.87              942.09          361.37          0.71               922.88       559.8        0.87            975.37        562.36        0.85             904.96        690.38        0.92             992.01         673.73         0.86              875.52         796.63         0.95              1018.9          774.87          0.9                108.43                     146.25                      172.33                    173.61                     167.26                   165.39                    154.28                        111.64                         25.72                                    68.36                                     415.42           28.11                               141.56                               -                    
34      0           933.69    369.97   0.76        929.87       367.42       0.73            945.15        368.7         0.59             932.42       376.33       0.85            968.05        375.06        0.76             910.78            409.42            0.87                 990.96             419.61             0.92                  890.42         377.61         0.9               965.51          395.42          0.7                923.51         338.15         0.88              942.6           354.7           0.74               923.51       559.61       0.87            974.42        562.15        0.86             905.69        689.43        0.93             992.24         672.88         0.87              875.15         797.61         0.95              1017.69         774.7           0.91               107.39                     162.89                      172.05                    175.11                     167.34                   164.24                    152.22                        126.91                         27.78                                    53.09                                     416.18           19.6                                201.87                               -                    
35      0           933.06    325.18   0.7         918.46       327.62       0.44            942.8         333.71        0.46             906.28       325.18       0.7             950.11        332.49        0.68             890.46            361.71            0.83                 973.24             370.23             0.81                  858.8          332.49         0.88              1019.5          372.66          0.84               886.8          297.18         0.91              992.71          367.79          0.68               903.85       489.53       0.88            951.32        489.53        0.84             905.06        616.13        0.85             972.02         597.87         0.8               903.85         730.57         0.86              989.06          703.78          0.81               94.29                      7.29                        178.84                    178.33                     174.57                   158.78                    138.69                        97.39                          41.31                                    82.61                                     391.99           1659.33                             1562.56                              -                    
36      0           931.75    324.12   0.7         914.87       326.53       0.43            941.4         332.56        0.45             906.42       325.33       0.69            951.05        332.56        0.68             889.54            362.72            0.83                 972.77             369.96             0.81                  859.38         333.77         0.88              1019.81         372.37          0.84               887.12         297.58         0.91              990.86          366.34          0.69               904.01       489.38       0.88            951.05        490.58        0.84             905.22        617.24        0.85             971.56         597.94         0.81              904.01         733.04         0.86              989.66          700.47          0.81               96.35                      8.83                        178.86                    179.19                     174.02                   158.98                    140.35                        97.27                          39.65                                    82.73                                     392.64           15.35                               71.05                                -                    
37      0           926.54    297.62   0.86        914.58       299.79       0.48            938.5         304.14        0.48             898.27       309.58       0.59            948.29        310.67        0.64             880.87            341.12            0.86                 967.86             354.17             0.84                  846.07         332.42         0.88              1027.67         353.08          0.89               864.55         312.84         0.86              999.4           353.08          0.74               893.92       469.44       0.87            940.68        470.52        0.83             898.27        596.67        0.83             964.6          578.18         0.75              914.58         682.58         0.84              978.74          651.04          0.81               60.67                      1.04                        171.21                    178.45                     176.15                   154.32                    109.84                        104.19                         70.16                                    75.81                                     369.2            821.85                              475.79                               -                    
38      0           910.09    276.77   0.76        899.19       276.77       0.41            914.29        275.09        0.49             891.64       286.84       0.68            935.26        289.35        0.65             868.15            321.23            0.84                 950.36             330.46             0.81                  817.82         359.82         0.92              1018.3          327.1           0.9                817.82         394.21         0.9               981.39          296.9           0.9                886.6        443.7        0.81            929.38        446.22        0.78             864.79        566.17        0.86             947.84         556.94         0.8               900.03         603.08         0.8               976.36          587.98          0.8                127.48                     42.12                       126.23                    146.88                     161.33                   160.27                    61.09                         103.1                          118.91                                   76.9                                      318.76           2830.61                             1779.55                              -                    
39      0           910.29    276.0    0.78        900.19       276.0        0.42            913.66        274.32        0.5              891.76       286.96       0.66            934.73        288.64        0.63             868.17            321.5             0.84                 949.89             329.92             0.82                  817.62         360.25         0.92              1018.13         326.55          0.91               817.62         394.79         0.9               981.06          297.07          0.9                885.86       443.65       0.81            929.67        445.34        0.78             864.8         566.65        0.86             947.36         556.54         0.8               901.03         602.88         0.8               976.85          586.87          0.81               127.48                     41.33                       125.28                    144.85                     162.04                   161.02                    60.76                         102.76                         119.24                                   77.24                                     318.87           18.58                               11.11                                -                    
40      0           910.08    276.32   0.76        898.63       276.32       0.4             914.98        275.5         0.47             891.28       286.94       0.65            934.6         288.58        0.63             868.39            321.28            0.83                 949.31             330.27             0.81                  817.7          359.7          0.91              1017.98         327.0           0.9                817.7          393.21         0.88              982.01          296.75          0.9                886.37       442.26       0.79            929.7         444.71        0.77             865.12        564.88        0.84             947.68         556.7          0.8               900.27         601.66         0.8               977.11          586.13          0.85               127.16                     42.79                       126.47                    144.12                     161.71                   161.15                    61.29                         102.45                         118.71                                   77.55                                     317.58           47.66                               30.19                                -                    
41      0           902.09    269.05   0.77        890.01       268.12       0.46            914.17        266.26        0.53             882.57       278.35       0.79            925.33        277.42        0.79             857.47            321.1             0.85                 938.34             325.75             0.81                  810.07         374.08         0.87              1001.55         312.74          0.88               809.14         430.78         0.87              957.86          263.47          0.9                885.36       430.78       0.78            928.12        432.64        0.78             851.9         544.18        0.8              936.48         545.11         0.79              879.78         592.52         0.83              982.03          590.66          0.88               139.12                     60.07                       133.58                    139.25                     149.3                    170.28                    56.08                         107.1                          123.92                                   72.9                                      322.54           1162.46                             1240.49                              -                    
42      0           861.54    276.21   0.81        860.47       273.01       0.46            870.07        275.14        0.52             839.16       285.8        0.52            880.72        279.41        0.6              835.96            329.49            0.88                 907.36             300.72             0.83                  822.11         398.76         0.84              937.2           265.55          0.91               802.93         446.72         0.79              935.07          234.65          0.85               882.85       425.4        0.74            929.74        424.34        0.78             845.56        534.1         0.82             932.94         547.96         0.81              821.05         610.83         0.87              958.52          640.67          0.88               169.51                     135.74                      178.78                    166.06                     135.01                   171.22                    37.36                         129.42                         142.64                                   50.58                                     349.54           515.89                              1108.46                              -                    
43      0           861.68    275.99   0.81        859.55       272.79       0.46            869.14        274.93        0.52             839.28       285.59       0.52            880.88        279.19        0.61             836.08            330.38            0.87                 907.54             300.52             0.83                  822.22         398.64         0.83              937.4           265.33          0.91               803.02         447.69         0.78              935.27          234.4           0.85               883.01       425.3        0.74            929.93        424.23        0.78             845.68        534.08        0.82             933.13         547.94         0.81              821.15         610.86         0.87              957.66          640.72          0.88               170.11                     135.74                      178.78                    166.67                     134.75                   171.22                    37.79                         129.42                         142.21                                   50.58                                     349.8            29.61                               9.48                                 -                    
44      0           843.57    278.11   0.68        834.21       283.96       0.46            862.28        276.94        0.51             831.87       294.49       0.81            871.64        281.62        0.83             837.72            343.62            0.84                 885.68             299.17             0.83                  830.7          407.96         0.85              890.36          254.71          0.85               795.6          450.07         0.83              892.7           217.28          0.86               884.51       430.18       0.77            931.3         424.34        0.81             840.06        538.98        0.84             930.13         549.51         0.92              797.94         626.71         0.88              931.3           650.11          0.92               146.42                     177.57                      176.58                    178.8                      129.38                   159.44                    34.62                         153.96                         145.38                                   26.04                                     360.3            235.05                              1384.11                              -                    
45      0           843.63    278.14   0.68        834.28       283.99       0.46            862.34        276.97        0.5              831.94       294.51       0.8             871.69        281.65        0.82             837.79            343.62            0.84                 885.72             299.19             0.83                  830.77         407.92         0.85              890.4           254.76          0.85               795.69         450.02         0.83              892.74          217.34          0.86               884.55       430.14       0.77            931.32        424.29        0.81             840.12        538.88        0.84             930.15         549.4          0.93              798.03         626.57         0.88              931.32          649.95          0.92               146.42                     177.57                      176.58                    178.8                      129.38                   159.44                    34.62                         153.96                         145.38                                   26.04                                     360.12           3.2                                 2.26                                 -                    
46      0           831.74    300.28   0.59        830.85       301.17       0.37            836.22        298.49        0.43             832.64       303.86       0.63            853.22        291.33        0.75             845.17            348.62            0.75                 870.23             309.23             0.74                  833.53         413.07         0.83              851.43          279.69          0.71               792.36         458.72         0.79              834.43          261.79          0.78               888.14       430.97       0.69            930.21        428.28        0.72             839.8         541.97        0.78             914.99         558.08         0.85              786.98         625.22         0.82              908.72          654.76          0.87               148.19                     168.94                      171.14                    177.02                     128.91                   146.58                    37.79                         174.27                         142.21                                   5.73                                      339.71           281.21                              2211.79                              -                    
47      0           806.16    332.2    0.8         802.79       329.5        0.67            806.16        325.46        0.61             810.2        330.85       0.73            837.12        326.14        0.59             829.05            371.24            0.76                 865.39             349.02             0.71                  827.03         437.88         0.74              835.1           374.6           0.51               804.14         496.44         0.76              798.08          377.97          0.59               882.9        459.42       0.66            920.59        460.09        0.68             833.76        568.46        0.77             881.55         572.5          0.78              802.12         657.99         0.81              876.16          664.05          0.82               160.39                     145.02                      175.21                    164.21                     124.33                   134.42                    33.15                         76.25                          146.85                                   103.75                                    328.82           1192.1                              3672.3                               -                    
48      0           805.54    332.94   0.8         802.85       329.57       0.67            805.54        326.21        0.62             810.25       330.92       0.73            837.17        326.21        0.59             829.09            371.29            0.76                 865.42             349.09             0.71                  827.07         438.57         0.74              835.15          374.65          0.51               804.2          496.43         0.76              798.14          378.02          0.59               882.92       459.43       0.66            919.92        459.43        0.68             833.8         568.43        0.77             881.57         572.46         0.78              802.18         657.91         0.8               876.19          663.97          0.82               160.15                     145.02                      175.21                    164.63                     124.33                   134.97                    33.13                         76.11                          146.87                                   103.89                                    328.0            1.75                                2.34                                 -                    
49      0           804.44    349.79   0.77        797.24       347.82       0.58            803.13        342.59        0.62             802.48       349.79       0.72            829.3         343.9         0.61             823.42            387.74            0.76                 858.1              365.49             0.71                  825.38         451.21         0.73              856.79          411.3           0.58               803.78         515.34         0.78              800.51          424.38          0.65               877.73       478.04       0.7             911.76        476.08        0.71             833.23        584.7         0.8              868.57         584.7          0.8               814.25         680.24         0.81              862.68          674.35          0.82               159.62                     104.73                      168.59                    162.08                     126.33                   132.43                    29.25                         27.52                          150.75                                   152.48                                    327.51           570.49                              1400.56                              -                    
50      0           791.32    373.03   0.81        788.61       367.61       0.73            792.67        363.55        0.64             796.06       366.26       0.8             823.82        362.19        0.65             817.73            402.14            0.78                 848.2              384.54             0.73                  823.14         465.12         0.76              855.64          447.51          0.65               794.03         528.77         0.8               809.6           474.6           0.7                870.54       499.65       0.72            898.3         497.62        0.71             832.62        604.61        0.81             856.32         602.58         0.8               827.2          707.53         0.81              850.23          691.96          0.84               150.5                      113.72                      163.15                    162.1                      131.69                   134.3                     23.53                         17.15                          156.47                                   162.85                                    326.72           500.74                              1539.4                               -                    
51      0           791.36    373.02   0.81        788.65       367.61       0.74            792.71        363.55        0.64             796.09       366.25       0.8             823.83        362.19        0.65             817.74            402.12            0.78                 848.19             384.52             0.73                  823.16         465.04         0.76              854.96          446.77          0.65               794.06         528.64         0.8               808.95          473.84          0.71               870.52       499.55       0.72            898.26        497.52        0.71             833.31        604.43        0.81             856.31         602.4          0.8               827.22         707.27         0.81              850.22          692.39          0.84               150.5                      114.26                      163.85                    162.07                     132.02                   134.3                     23.53                         17.7                           156.47                                   162.3                                     326.81           3.89                                30.21                                -                    
52      0           782.93    419.27   0.88        782.93       410.7        0.76            782.15        408.36        0.64             789.95       409.92       0.73            818.78        410.7         0.58             809.43            444.21            0.84                 840.6              443.43             0.81                  808.65         511.23         0.83              858.53          498.76          0.77               762.67         561.89         0.86              845.28          547.08          0.61               863.98       547.08       0.82            863.98        545.52        0.78             839.82        655.41        0.81             832.03         647.61         0.82              860.87         759.06         0.86              828.91          738.01          0.81               138.44                     146.72                      155.95                    164.6                      139.49                   149.72                    28.6                          5.05                           151.4                                    174.95                                    329.27           1379.26                             2466.4                               -                    
53      0           782.68    421.64   0.89        782.68       412.94       0.76            780.94        413.81        0.62             790.51       412.07       0.69            822.72        412.94        0.57             809.66            443.41            0.87                 843.61             445.15             0.82                  809.66         510.43         0.87              864.5           499.12          0.81               762.66         562.66         0.9               848.83          547.87          0.65               863.63       545.25       0.84            864.5         544.38        0.8              839.26        655.81        0.84             833.17         646.23         0.83              861.02         760.27         0.88              827.94          738.5           0.86               138.01                     141.02                      155.8                     166.14                     139.65                   151.01                    27.92                         9.27                           152.08                                   170.73                                    327.74           23.45                               109.81                               -                    
54      0           780.17    449.5    0.94        780.89       440.92       0.9             779.46        438.78        0.76             788.04       438.78       0.77            820.93        440.21        0.61             810.2             472.38            0.86                 840.95             473.1              0.82                  800.91         532.45         0.88              875.98          525.3           0.83               746.56         577.49         0.87              866.69          576.06          0.67               858.11       581.07       0.81            845.95        581.07        0.77             839.52        692.61        0.83             820.21         680.46         0.83              880.27         784.14         0.89              819.5           769.12          0.84               138.45                     135.75                      146.53                    165.94                     146.75                   162.83                    32.58                         31.22                          147.42                                   148.78                                    327.12           660.12                              1006.83                              -                    
55      0           779.86    449.44   0.95        780.58       440.83       0.91            779.15        438.68        0.77             788.48       437.96       0.78            820.77        440.11        0.63             810.01            472.41            0.86                 840.87             473.12             0.82                  800.68         533.41         0.88              876.03          525.51          0.83               746.13         577.9          0.87              866.7           577.18          0.67               858.09       581.49       0.81            845.89        581.49        0.78             839.43        693.44        0.83             820.05         680.52         0.84              880.34         784.58         0.9               819.34          769.51          0.84               137.9                      135.89                      146.37                    165.84                     146.75                   162.72                    32.48                         31.22                          147.52                                   148.78                                    327.61           17.85                               33.76                                -                    
56      0           776.44    488.64   0.92        777.69       481.74       0.88            777.69        480.48        0.78             788.98       483.62       0.8             811.57        484.25        0.59             808.43            531.92            0.77                 825.99             520.63             0.77                  777.07         589.63         0.77              862.37          573.32          0.76               719.98         617.85         0.8               878.06          632.91          0.84               851.08       624.75       0.72            826.62        625.38        0.67             807.17        729.51        0.79             796.51         721.35         0.76              878.06         789.72         0.83              822.23          795.37          0.78               144.84                     160.12                      107.61                    143.42                     132.58                   162.24                    53.2                          34.28                          126.8                                    145.72                                    303.91           1440.49                             1715.61                              -                    
57      0           773.45    499.37   0.83        772.85       493.36       0.7             773.45        492.16        0.63             782.47       493.96       0.63            807.1         494.57        0.54             805.9             543.84            0.72                 817.32             530.02             0.69                  774.66         603.32         0.7               835.94          587.7           0.65               715.77         635.77         0.7               859.98          640.57          0.66               845.56       635.77       0.68            823.32        633.96        0.64             786.67        727.1         0.76             789.68         719.29         0.69              865.99         779.97         0.78              823.32          794.99          0.72               146.57                     173.45                      90.88                     134.51                     123.85                   155.17                    51.04                         14.59                          128.96                                   165.41                                    288.11           555.11                              592.37                               -                    
58      0           773.06    499.35   0.83        773.06       493.35       0.7             773.66        492.15        0.62             782.06       493.95       0.65            807.27        493.95        0.55             806.07            543.76            0.72                 817.47             529.95             0.69                  774.26         603.17         0.7               835.47          588.16          0.65               716.05         635.57         0.7               860.67          640.37          0.65               845.07       636.17       0.68            823.47        633.77        0.64             786.26        727.39        0.76             789.86         719.58         0.68              865.48         779.59         0.78              823.47          795.2           0.71               147.27                     171.42                      90.58                     134.65                     124.31                   155.31                    51.05                         13.88                          128.95                                   166.12                                    288.05           10.3                                21.9                                 -                    
59      0           763.79    503.06   0.87        764.38       496.52       0.74            763.79        495.93        0.68             776.86       498.31       0.77            793.51        498.31        0.56             793.51            550.62            0.69                 808.96             533.97             0.66                  770.32         618.98         0.67              822.64          589.85          0.57               726.93         654.05         0.66              805.4           629.09          0.46               832.74       642.76       0.67            829.17        639.79        0.59             760.81        717.66        0.75             783.4          720.04         0.66              841.66         767.59         0.72              823.23          791.37          0.71               147.68                     142.53                      77.86                     121.12                     113.1                    139.49                    41.8                          2.94                           138.2                                    177.06                                    276.42           646.95                              1701.96                              -                    
60      0           763.42    503.28   0.87        764.02       496.1        0.74            763.42        496.1         0.68             776.59       498.5        0.79            793.34        497.9         0.56             793.34            550.55            0.69                 808.29             534.39             0.65                  770.0          619.35         0.67              822.06          590.63          0.57               726.93         654.05         0.65              802.91          629.52          0.47               832.82       642.68       0.66            829.23        639.69        0.59             761.03        716.87        0.75             783.77         719.86         0.66              841.8          767.12         0.71              822.65          791.65          0.7                147.59                     140.04                      77.83                     122.0                      112.74                   139.19                    41.93                         2.5                            138.07                                   177.5                                     276.11           0.14                                76.14                                -                    
61      0           760.1     499.14   0.91        761.31       493.1        0.8             760.1         491.89        0.74             772.18       496.12       0.85            790.9         495.52        0.7              787.88            551.07            0.72                 807.8              531.75             0.68                  776.4          617.5          0.74              821.69          590.32          0.61               736.55         651.31         0.72              801.16          626.55          0.51               821.09       644.06       0.66            832.56        641.05        0.61             752.25        713.51        0.8              778.21         719.55         0.68              828.34         769.06         0.73              821.69          788.99          0.71               140.11                     137.12                      81.39                     113.25                     115.6                    132.54                    29.45                         0.58                           150.55                                   179.42                                    279.89           301.72                              103.87                               -                    
62      0           757.47    497.91   0.93        759.25       491.39       0.85            757.47        490.2         0.77             769.33       493.17       0.83            788.3         492.57        0.67             785.34            548.31            0.74                 806.09             529.93             0.71                  781.19         616.5          0.77              817.36          589.82          0.65               744.42         645.56         0.79              796.6           627.18          0.56               812.61       640.82       0.67            827.44        637.26        0.63             746.2         711.38        0.81             778.22         717.31         0.67              817.95         776.01         0.76              818.54          785.5           0.67               131.8                      140.29                      88.75                     117.82                     120.31                   137.17                    19.91                         0.6                            160.09                                   179.4                                     282.84           294.17                              138.77                               -                    
63      0           757.53    497.9    0.92        758.71       491.38       0.85            757.53        490.2         0.76             769.38       493.75       0.85            788.33        492.57        0.67             785.37            548.25            0.74                 806.1              529.89             0.71                  780.63         616.37         0.77              817.36          589.13          0.65               745.09         645.4          0.79              796.63          627.04          0.56               812.62       640.66       0.67            827.43        637.11        0.63             746.27        711.75        0.81             778.26         717.08         0.67              817.95         775.72         0.77              817.95          785.79          0.68               133.22                     140.57                      88.73                     118.41                     120.55                   137.17                    20.41                         0.49                           159.59                                   179.51                                    282.86           20.65                               4.28                                 -                    
64      0           750.54    490.59   0.89        752.97       483.28       0.88            752.36        481.45        0.76             767.59       485.71       0.92            784.65        484.5         0.64             786.48            533.23            0.72                 790.75             526.53             0.67                  793.79         604.51         0.74              782.22          586.24          0.69               756.63         627.05         0.75              750.54          618.52          0.7                804.76       632.54       0.69            813.29        630.1         0.63             734.09        704.42        0.82             776.73         724.53         0.76              784.65         779.36         0.8               819.99          790.32          0.8                115.38                     143.68                      101.48                    125.52                     125.06                   146.56                    4.57                          20.41                          175.43                                   159.59                                    294.25           653.87                              1413.87                              -                    
65      0           750.54    490.61   0.89        752.98       483.3        0.89            752.37        481.47        0.76             767.6        486.35       0.92            784.66        484.52        0.63             786.49            533.26            0.72                 790.76             526.56             0.67                  793.8          604.56         0.74              781.62          586.28          0.69               756.63         627.1          0.76              750.54          618.57          0.7                804.77       632.58       0.69            813.3         630.15        0.63             734.09        703.88        0.82             776.74         724.59         0.76              784.66         779.43         0.8               820.0           790.4           0.8                115.38                     144.8                       101.45                    125.52                     124.82                   146.56                    4.57                          20.98                          175.43                                   159.02                                    294.3            1.44                                1.4                                  -                    
66      0           740.29    477.67   0.88        744.05       468.91       0.83            741.54        468.91        0.75             764.09       473.92       0.8             775.99        474.54        0.48             786.01            520.88            0.76                 773.48             520.88             0.71                  805.42         584.13         0.81              765.97          575.99          0.74               764.09         612.94         0.77              718.37          599.79          0.77               798.53       632.98       0.68            789.14        628.6         0.6              726.51        701.24        0.8              772.23         720.65         0.76              750.31         790.17         0.75              822.95          790.79          0.78               107.81                     124.33                      118.48                    133.72                     127.09                   161.32                    10.69                         16.04                          169.31                                   163.96                                    312.81           482.72                              1123.68                              -                    
67      0           735.79    474.01   0.94        740.88       464.47       0.89            737.06        464.47        0.85             763.14       470.19       0.74            940.63        470.83        0.42             784.14            515.36            0.78                 766.96             517.27             0.73                  809.58         577.07         0.86              760.6           571.98          0.74               764.42         608.87         0.77              705.89          593.61          0.8                790.5        631.77       0.69            772.69        627.32        0.61             723.7         703.66        0.82             765.69         716.38         0.78              733.88         794.63         0.79              818.49          785.72          0.81               102.74                     118.2                       130.72                    138.22                     133.97                   172.53                    19.28                         9.61                           160.72                                   170.39                                    316.17           123.14                              420.22                               -                    
68      0           735.81    473.37   0.93        740.89       464.46       0.89            737.08        464.46        0.85             763.16       470.19       0.74            940.65        470.82        0.42             784.15            515.35            0.78                 766.98             517.26             0.73                  809.6          577.06         0.86              760.62          571.97          0.74               764.43         608.87         0.77              705.91          593.6           0.8                790.51       631.77       0.69            772.7         627.32        0.61             723.72        703.65        0.82             765.7          716.38         0.78              733.9          794.62         0.79              818.5           785.72          0.81               102.74                     118.2                       130.72                    138.22                     133.97                   172.53                    19.28                         9.61                           160.72                                   170.39                                    316.8            0.49                                0.49                                 -                    
69      0           735.7     473.4    0.93        740.79       464.5        0.89            736.97        464.5         0.84             763.05       470.22       0.75            940.46        470.86        0.43             784.03            516.01            0.78                 766.86             517.28             0.73                  810.1          577.05         0.85              760.5           571.97          0.74               764.32         608.85         0.77              705.82          593.59          0.8                790.39       631.74       0.69            772.58        627.29        0.6              723.62        703.59        0.82             765.59         716.95         0.78              733.8          794.53         0.79              818.37          785.62          0.81               101.65                     118.2                       130.72                    138.0                      133.96                   172.56                    19.98                         9.61                           160.02                                   170.39                                    316.67           3.51                                2.77                                 -                    
70      0           734.99    471.39   0.96        739.49       462.4        0.88            734.35        463.04        0.79             761.32       467.53       0.78            932.15        467.53        0.43             783.8             512.49            0.82                 760.68             515.7              0.76                  809.49         573.5          0.87              751.69          569.0           0.76               764.54         606.89         0.8               695.82          588.91          0.84               787.65       630.01       0.73            753.62        622.94        0.69             722.15        705.79        0.84             753.62         712.85         0.79              722.79         791.84         0.8               806.92          776.43          0.8                103.77                     119.19                      138.73                    140.02                     137.28                   176.23                    20.96                         5.81                           159.04                                   174.19                                    312.75           59.42                               332.9                                -                    
71      0           733.59    474.42   0.89        739.39       466.68       0.84            732.3         466.04        0.76             761.32       469.91       0.77            925.78        469.26        0.45             783.25            513.77            0.81                 752.29             516.35             0.74                  809.69         573.75         0.86              744.55          567.94          0.76               760.67         607.29         0.8               685.86          587.29          0.83               781.96       631.79       0.71            744.55        622.77        0.68             718.11        709.84        0.79             739.39         712.41         0.71              720.04         791.1          0.73              792.92          771.11          0.72               100.59                     116.78                      139.35                    134.34                     141.34                   179.13                    24.42                         4.37                           155.58                                   175.63                                    306.68           117.07                              304.43                               -                    
72      0           732.29    477.54   0.84        738.7        469.84       0.78            731.01        468.56        0.7              761.78       471.77       0.74            747.03        471.77        0.43             781.01            516.65            0.8                  746.39             519.21             0.74                  809.86         576.91         0.86              738.06          571.14          0.75               755.37         608.97         0.78              677.15          588.45          0.84               775.24       635.25       0.7             737.42        623.07        0.68             713.05        713.47        0.77             713.05         709.62         0.72              718.82         791.69         0.69              775.88          762.19          0.7                94.88                      114.98                      137.29                    114.2                      144.3                    169.22                    28.37                         4.18                           151.63                                   175.82                                    299.4            167.93                              265.02                               -                    
73      0           732.3     477.96   0.84        738.72       470.25       0.79            730.38        468.97        0.72             761.83       472.18       0.74            747.07        472.18        0.43             781.09            516.47            0.81                 746.42             519.04             0.74                  809.97         576.81         0.86              737.44          571.68          0.75               754.77         608.91         0.78              676.45          588.37          0.84               775.31       635.23       0.7             737.44        623.03        0.68             712.4         713.54        0.78             713.04         709.05         0.72              718.82         791.86         0.69              775.95          762.33          0.7                94.59                      114.99                      136.54                    114.43                     144.01                   169.11                    28.37                         4.75                           151.63                                   175.25                                    299.14           18.16                               21.18                                -                    
74      0           731.53    481.3    0.84        738.55       473.65       0.83            729.62        471.74        0.76             762.13       475.56       0.76            915.73        473.01        0.39             779.97            522.09            0.81                 742.37             522.73             0.74                  807.38         582.0          0.88              732.17          573.72          0.75               747.47         611.96         0.78              672.9           590.93          0.86               768.5        637.45       0.7             730.26        624.71        0.69             710.5         713.94        0.76             699.03         715.85         0.76              718.15         792.97         0.72              757.67          758.55          0.74               91.98                      117.5                       137.3                     107.15                     148.5                    167.86                    30.26                         4.54                           149.74                                   175.46                                    294.46           238.65                              132.13                               -                    
75      0           730.99    482.55   0.92        738.62       475.56       0.91            728.44        473.65        0.86             762.15       477.46       0.78            912.26        474.28        0.42             779.33            524.53            0.83                 736.08             523.26             0.78                  803.5          587.5          0.89              726.54          576.05          0.75               741.8          612.94         0.8               672.47          594.5           0.86               762.79       640.29       0.71            722.72        626.94        0.7              708.73        719.17        0.8              687.1          718.53         0.8               716.99         794.86         0.8               734.17          759.87          0.77               91.41                      119.08                      139.34                    110.04                     153.7                    166.09                    29.13                         2.9                            150.87                                   177.1                                     294.81           173.52                              108.54                               -                    
76      0           733.69    478.78   0.9         742.6        472.41       0.83            730.51        469.23        0.81             764.88       474.96       0.78            727.96        469.23        0.43             780.8             522.7             0.83                 726.69             513.15             0.79                  796.71         589.54         0.88              719.69          570.44          0.74               729.23         601.0          0.8               677.67          595.27          0.85               759.15       639.83       0.69            712.68        623.28        0.69             710.77        727.04        0.82             675.13         713.67         0.83              717.78         794.52         0.84              698.04          763.96          0.84               86.25                      127.55                      145.06                    132.94                     161.45                   164.68                    23.86                         0.28                           156.14                                   179.72                                    300.46           523.03                              158.61                               -                    
77      0           733.72    478.86   0.9         742.63       471.86       0.83            730.54        469.32        0.81             764.9        475.04       0.78            727.99        469.32        0.43             780.81            522.77            0.83                 726.72             513.23             0.79                  796.72         589.59         0.88              719.72          569.86          0.74               729.9          601.04         0.8               677.72          595.32          0.84               759.18       639.86       0.69            712.72        623.32        0.69             710.81        727.04        0.81             675.18         713.68         0.83              717.81         794.5          0.84              698.08          763.95          0.84               86.34                      128.26                      145.06                    132.94                     161.45                   164.68                    23.86                         0.2                            156.14                                   179.8                                     300.36           20.23                               2.05                                 -                    
78      0           734.32    478.98   0.91        742.59       472.62       0.84            730.5         469.43        0.82             764.86       474.52       0.78            727.96        469.43        0.43             780.77            522.24            0.83                 726.68             513.34             0.79                  796.67         589.69         0.88              719.68          569.96          0.74               729.87         601.14         0.8               677.69          595.41          0.84               759.13       639.95       0.69            712.69        623.41        0.69             710.78        727.76        0.81             675.15         713.76         0.83              717.78         794.57         0.84              698.05          764.03          0.84               86.46                      128.26                      145.18                    132.94                     161.57                   164.68                    23.68                         0.2                            156.32                                   179.8                                     300.32           3.13                                3.08                                 -                    
79      0           736.01    473.07   0.9         745.12       466.56       0.85            732.1         462.66        0.83             766.6        469.82       0.79            727.55        462.66        0.48             782.23            517.34            0.82                 724.29             506.92             0.78                  795.25         586.34         0.86              718.43          565.51          0.7                729.5          589.59         0.8               685.24          592.85          0.79               757.49       636.46       0.67            710.62        618.23        0.68             715.18        723.69        0.8              673.52         702.86         0.81              718.43         792.69         0.84              683.93          769.25          0.86               82.15                      135.18                      151.42                    147.41                     165.85                   163.33                    22.42                         1.29                           157.58                                   178.71                                    307.9            348.55                              240.42                               -                    
80      0           737.57    464.3    0.94        748.18       458.33       0.92            734.26        453.69        0.89             768.08       462.31       0.79            728.29        453.03        0.51             783.33            508.73            0.81                 723.65             496.79             0.79                  797.92         579.69         0.85              718.34          555.15          0.68               731.6          580.35         0.79              692.48          589.63          0.75               754.81       630.08       0.66            707.73        610.19        0.66             719.0         717.61        0.78             674.58         693.08         0.79              718.34         789.9          0.83              673.25          774.64          0.86               78.95                      148.32                      158.28                    159.13                     170.97                   166.19                    24.84                         2.79                           155.16                                   177.21                                    317.97           285.99                              239.07                               -                    
81      0           746.72    450.34   0.99        757.71       444.16       0.95            741.92        438.67        0.95             773.49       448.28       0.82            734.37        439.36        0.65             787.91            494.96            0.83                 722.7              481.23             0.8                   805.76         565.66         0.88              713.77          538.2           0.71               738.49         568.41         0.81              695.93          573.9           0.76               754.27       615.77       0.71            706.22        598.61        0.71             724.76        698.14        0.8              679.45         687.16         0.79              720.64         781.89         0.84              667.1           786.69          0.88               78.17                      162.34                      163.1                     170.25                     175.84                   171.17                    29.72                         0.91                           150.28                                   179.09                                    333.95           415.76                              485.87                               -                    
82      0           752.4     446.48   1.0         762.26       438.74       0.93            746.06        434.51        0.92             775.64       445.07       0.82            736.91        435.21        0.74             791.83            491.55            0.85                 720.01             478.17             0.82                  810.14         563.38         0.9               705.22          533.1           0.79               742.54         566.9          0.81              693.95          569.01          0.83               753.81       615.49       0.71            705.92        600.0         0.71             723.53        699.99        0.84             681.98         692.95         0.82              720.71         775.34         0.88              670.71          794.35          0.9                78.68                      177.65                      162.43                    171.9                      177.34                   172.15                    31.36                         8.47                           148.64                                   171.53                                    338.36           130.52                              159.05                               -                    
83      0           752.41    446.5    1.0         762.97       438.76       0.94            746.07        434.53        0.93             775.64       445.09       0.83            736.92        435.24        0.74             791.83            491.56            0.85                 720.02             478.19             0.82                  810.14         563.38         0.9               705.23          533.11          0.79               742.55         566.9          0.81              693.97          569.01          0.83               753.81       615.48       0.71            705.94        599.99        0.71             723.54        699.97        0.84             682.0          692.93         0.82              720.72         775.31         0.88              670.73          794.32          0.9                78.68                      177.65                      162.43                    171.9                      177.34                   172.15                    31.36                         8.47                           148.64                                   171.53                                    338.31           0.24                                0.44                                 -                    
84      0           752.4     446.33   1.0         762.96       438.59       0.93            746.06        434.36        0.92             775.64       444.93       0.83            736.9         435.07        0.75             791.84            491.41            0.85                 719.29             478.03             0.82                  809.45         563.26         0.9               705.21          533.67          0.79               741.83         566.78         0.81              693.23          568.89          0.83               753.81       615.38       0.71            705.91        600.59        0.71             723.52        699.9         0.84             681.96         693.56         0.82              720.7          775.27         0.87              671.4           794.28          0.9                79.21                      175.43                      162.43                    171.54                     177.34                   171.79                    30.83                         7.98                           149.17                                   172.02                                    338.44           21.93                               22.46                                -                    
85      0           761.04    449.78   1.09        770.39       442.59       1.03            753.13        438.28        1.01             781.17       446.91       0.81            740.9         436.12        0.87             798.43            495.09            0.88                 712.14             484.3              0.84                  818.57         565.56         0.93              684.09          543.27          0.9                756.72         579.95         0.87              686.25          577.79          0.9                758.88       623.81       0.74            709.98        609.43        0.74             717.89        716.58        0.85             690.56         704.35         0.84              722.92         766.2          0.89              679.06          800.72          0.92               87.15                      150.99                      150.37                    175.25                     173.24                   169.43                    33.03                         24.45                          146.97                                   155.55                                    333.68           599.65                              341.18                               -                    
86      0           766.35    454.07   1.07        776.36       446.2        1.05            759.21        441.92        1.07             785.65       450.49       0.73            744.2         439.06        0.85             799.94            499.09            0.89                 711.33             489.8              0.84                  820.67         566.27         0.93              673.45          550.54          0.91               765.64         589.85         0.88              684.88          581.27          0.92               762.78       627.01       0.75            712.04        614.15        0.75             720.62        727.07        0.84             694.89         709.91         0.83              722.04         765.66         0.9               679.88          803.53          0.94               96.05                      127.65                      155.03                    178.95                     173.35                   169.52                    33.34                         32.27                          146.66                                   147.73                                    330.53           402.03                              112.97                               -                    
87      0           775.59    453.6    1.06        783.44       445.74       1.04            767.02        442.17        1.03             792.73       450.03       0.72            749.88        439.32        0.85             804.15            499.31            0.89                 711.31             490.74             0.84                  823.43         565.72         0.92              669.18          550.72          0.92               777.73         593.57         0.88              692.74          582.86          0.91               766.3        628.57       0.75            714.17        615.71        0.75             728.45        739.98        0.81             697.03         715.7          0.83              720.6          767.83         0.84              680.6           806.39          0.93               105.17                     108.66                      176.99                    179.46                     177.56                   168.96                    32.51                         36.39                          147.49                                   143.61                                    333.51           381.59                              241.9                                -                    
88      0           775.52    453.59   1.06        783.38       445.74       1.04            766.96        442.17        1.03             792.65       450.02       0.72            749.83        439.31        0.85             804.79            499.26            0.89                 711.29             490.7              0.84                  824.06         566.35         0.92              669.19          550.65          0.93               777.67         593.47         0.88              692.74          582.76          0.91               766.25       628.44       0.75            714.15        615.59        0.75             728.42        739.77        0.81             697.02         716.22         0.83              720.57         768.32         0.85              680.6           806.86          0.93               104.29                     108.66                      176.61                    179.39                     177.85                   169.03                    32.64                         36.39                          147.36                                   143.61                                    334.01           3.7                                 2.98                                 -                    
89      0           787.25    447.8    1.08        795.18       439.87       1.06            780.05        436.99        1.03             803.1        444.19       0.65            759.16        434.11        0.84             811.75            495.35            0.92                 713.77             486.7              0.87                  830.48         555.86         0.96              668.38          546.5           0.96               793.74         583.96         0.93              708.73          573.15          0.9                769.24       625.74       0.79            715.93        616.38        0.8              741.87        735.97        0.87             700.08         720.84         0.89              720.25         772.71         0.89              679.91          808.02          0.98               110.21                     86.25                       163.48                    175.6                      175.89                   170.42                    35.25                         38.15                          144.75                                   141.85                                    342.57           563.33                              562.74                               -                    
90      0           801.82    438.46   1.09        809.16       430.38       1.1             795.22        426.72        1.07             815.76       434.79       0.64            773.21        423.78        0.85             820.9             484.68            0.92                 725.52             475.14             0.86                  837.78         540.44         0.95              676.36          534.57          0.96               808.43         569.06         0.94              729.92          563.19          0.87               776.88       616.01       0.82            723.32        610.14        0.81             760.0         717.26        0.86             707.18         721.67         0.91              727.72         780.36         0.94              680.76          802.37          0.97               117.44                     78.52                       162.37                    170.11                     170.93                   172.7                     35.37                         38.66                          144.63                                   141.34                                    352.91           631.3                               706.58                               -                    
91      0           819.83    426.98   1.15        827.45       418.59       1.15            812.97        414.78        1.08             832.02       423.17       0.57            789.34        410.97        0.81             832.02            472.71            0.93                 738.26             461.28             0.88                  843.46         525.31         0.92              689.48          521.5           0.95               821.35         553.51         0.92              752.75          551.99          0.88               786.29       606.11       0.82            732.93        601.54        0.8              781.71        699.87        0.88             713.11         711.3          0.92              736.74         790.58         0.92              680.33          797.44          0.95               129.65                     76.72                       156.42                    169.4                      163.87                   171.94                    31.19                         36.83                          148.81                                   143.17                                    367.03           609.79                              767.0                                -                    
92      0           855.51    405.06   1.03        862.62       396.37       1.03            849.98        393.21        1.09             866.57       403.48       0.47            823.13        390.05        0.78             854.72            455.61            0.86                 766.26             439.03             0.81                  852.35         505.38         0.8               725.97          503.8           0.87               843.66         536.97         0.83              796.27          534.6           0.81               806.54       584.36       0.76            752.83        581.99        0.73             810.49        686.26        0.81             728.34         691.79         0.83              779.68         802.37         0.82              682.53          771.56          0.88               167.35                     81.78                       162.92                    162.71                     157.26                   172.79                    17.79                         26.51                          162.21                                   153.49                                    381.91           837.92                              1413.89                              -                    
93      0           856.35    405.57   1.03        862.66       396.88       1.03            850.03        392.94        1.09             866.61       403.2        0.46            823.19        389.78        0.79             854.77            456.1             0.86                 766.34             439.52             0.81                  852.4          505.84         0.8               726.07          503.47          0.87               842.92         536.63         0.83              796.34          534.26          0.81               806.61       584.79       0.76            752.13        581.63        0.73             810.55        685.85        0.81             728.44         691.38         0.83              779.76         801.91         0.82              682.65          771.91          0.88               165.62                     81.47                       162.9                     162.56                     157.25                   173.53                    17.79                         26.49                          162.21                                   153.51                                    381.34           24.61                               10.45                                -                    
94      0           872.4     400.96   0.96        879.62       392.13       0.96            867.59        388.12        1.03             882.83       400.16       0.4             840.32        384.11        0.73             867.59            453.9             0.82                 782.57             433.04             0.79                  856.36         506.84         0.73              742.46          499.62          0.84               853.15         538.92         0.76              821.07          535.71          0.78               817.06       583.84       0.72            762.51        579.83        0.69             821.07        693.73        0.76             736.85         696.14         0.81              798.61         806.03         0.8               687.92          763.51          0.85               173.73                     83.6                        166.6                     156.46                     156.66                   175.33                    9.27                          23.29                          170.73                                   156.71                                    383.81           316.25                              747.23                               -                    
95      0           872.51    400.94   0.96        879.74       392.11       0.97            867.69        388.09        1.04             882.95       400.14       0.41            840.4         384.08        0.73             867.69            453.93            0.82                 781.79             433.05             0.79                  857.26         506.92         0.73              742.45          499.69          0.85               853.24         539.03         0.76              821.13          535.82          0.78               817.11       583.19       0.72            762.52        579.18        0.7              821.13        693.18        0.76             737.63         695.59         0.81              798.65         806.39         0.8               687.85          763.03          0.85               175.98                     84.11                       166.68                    155.64                     156.54                   175.44                    10.23                         23.04                          169.77                                   156.96                                    383.77           4.29                                3.71                                 -                    
96      0           887.81    398.23   0.95        893.75       387.21       0.97            883.58        385.51        1.02             894.59       394.84       0.32            854.76        382.97        0.68             878.49            455.01            0.83                 796.28             432.13             0.81                  859.0          511.8          0.69              761.53          503.32          0.85               862.39         551.63         0.65              838.66          538.92          0.79               825.94       584.68       0.75            772.55        579.6         0.73             833.57        691.47        0.79             749.67         698.25         0.81              801.37         816.91         0.81              694.58          761.82          0.84               156.19                     88.76                       161.51                    150.0                      153.86                   178.23                    3.11                          16.88                          176.89                                   163.12                                    391.13           469.58                              537.0                                -                    
97      0           918.67    395.38   0.99        921.23       384.27       0.99            912.69        381.7         1.04             652.88       393.67       0.26            881.92        381.7         0.62             896.45            459.47            0.8                  828.08             436.4              0.8                   872.52         524.42         0.67              799.02          511.6           0.79               895.59         569.72         0.67              875.94          549.21          0.79               857.14       591.08       0.72            801.59        584.24        0.7              861.41        698.76        0.74             787.91         716.71         0.77              805.86         820.97         0.78              722.96          773.11          0.8                132.78                     94.93                       153.28                    136.87                     161.1                    175.73                    3.59                          10.97                          176.41                                   169.03                                    401.67           1140.71                             1166.72                              -                    
98      0           918.63    395.37   0.99        921.2        384.27       0.98            912.65        381.7         1.04             652.86       393.67       0.26            881.89        381.7         0.62             896.42            459.47            0.8                  828.05             436.39             0.8                   872.49         524.41         0.67              798.99          511.6           0.79               895.56         569.71         0.67              875.91          549.2           0.79               857.11       591.07       0.72            802.41        584.23        0.7              861.38        698.75        0.74             787.89         716.69         0.77              805.83         820.95         0.78              722.94          773.09          0.8                132.78                     94.93                       153.28                    137.23                     161.1                    176.42                    3.59                          11.29                          176.41                                   168.71                                    401.65           1.04                                1.01                                 -                    
99      0           930.36    389.41   0.98        933.81       379.04       0.99            926.9         376.45        1.06             933.81       388.55       0.29            895.8         377.31        0.64             904.44            456.79            0.79                 844.83             430.88             0.81                  879.38         521.59         0.65              816.32          509.49          0.81               910.49         560.46         0.62              891.48          545.78          0.78               875.06       592.43       0.73            822.37        584.65        0.72             869.02        707.33        0.75             824.09         716.83         0.79              806.82         824.82         0.8               748.93          776.44          0.81               120.2                      95.84                       155.12                    127.67                     170.79                   170.94                    8.92                          11.62                          171.08                                   168.38                                    411.22           529.56                              480.99                               -                    
100     0           944.47    376.97   0.94        946.66       364.93       0.93            938.99        366.03        0.99             937.9        374.78       0.48            911.62        368.21        0.73             913.81            445.95            0.77                 861.26             419.67             0.86                  889.73         511.64         0.72              831.7           495.21          0.89               930.23         534.63         0.77              909.43          532.44          0.83               895.2        589.37       0.75            849.22        580.61        0.76             873.3         713.09        0.77             874.4          692.28         0.78              809.8          824.76         0.8               786.81          768.92          0.83               99.44                      94.22                       160.41                    118.48                     177.36                   163.01                    12.74                         17.09                          167.26                                   162.91                                    419.87           981.01                              674.72                               -                    
101     0           945.0     376.19   0.93        947.2        364.1        0.91            939.5         365.2         0.98             937.31       375.09       0.46            912.03        368.5         0.7              914.23            445.42            0.77                 861.48             419.05             0.86                  891.15         511.36         0.72              831.8           494.88          0.89               930.71         535.54         0.77              909.83          532.25          0.83               894.45       589.39       0.75            849.39        580.6         0.76             874.66        712.48        0.78             874.66         691.6          0.78              809.82         824.58         0.8               786.74          768.53          0.83               102.14                     94.22                       159.08                    118.36                     178.69                   162.89                    11.47                         17.09                          168.53                                   162.91                                    420.36           31.09                               13.37                                -                    
102     0           972.9     341.55   0.93        974.13       330.43       0.87            970.43        331.67        0.94             965.49       342.78       0.52            944.49        337.84        0.8              938.31            404.55            0.73                 904.96             384.78             0.84                  919.78         477.43         0.73              865.43          452.72          0.89               970.43         482.37         0.81              949.43          500.9           0.85               914.84       542.9        0.71            891.37        537.96        0.77             886.43        684.95        0.78             967.96         635.54         0.86              820.96         803.54         0.84              879.02          743.01          0.85               81.31                      89.64                       162.41                    102.26                     178.32                   136.81                    4.64                          25.12                          175.36                                   154.88                                    431.73           2002.1                              1523.51                              -                    
103     0           972.82    342.61   0.94        974.05       330.26       0.88            970.35        331.5         0.94             965.41       343.84       0.52            944.43        337.67        0.8              939.5             404.32            0.73                 903.7              385.8              0.84                  920.98         477.13         0.73              865.44          452.45          0.89               970.35         483.3          0.81              949.37          500.58          0.85               914.81       542.54       0.71            891.36        538.84        0.77             886.43        685.71        0.79             967.88         635.11         0.86              821.01         802.96         0.84              879.02          743.72          0.85               82.86                      89.98                       162.06                    102.23                     178.91                   136.91                    4.14                          25.25                          175.86                                   154.75                                    430.73           28.26                               9.73                                 -                    
104     0           987.64    326.56   0.91        986.66       310.97       0.75            985.69        310.97        0.89             961.33       324.61       0.53            966.2         315.84        0.76             951.58            385.03            0.7                  926.25             363.59             0.8                   937.94         457.13         0.68              890.19          431.8           0.86               990.56         457.13         0.82              970.1           477.6           0.82               926.25       519.5        0.65            921.38        514.63        0.71             912.61        670.53        0.75             1009.07        613.04         0.85              833.68         788.44         0.8               924.3           731.92          0.8                79.29                      91.96                       151.36                    102.8                      174.49                   136.45                    0.04                          26.01                          179.96                                   153.99                                    433.62           997.43                              933.67                               -                    
105     0           1001.73   310.85   0.84        1000.74      296.03       0.67            1000.74       295.04        0.82             975.04       311.84       0.57            985.91        299.98        0.76             965.16            368.18            0.69                 949.34             346.43             0.82                  956.26         447.25         0.68              915.74          413.65          0.86               1010.62        437.37         0.81              996.78          461.09          0.82               940.45       505.57       0.68            951.32        498.65        0.73             940.45        664.7         0.79             1044.23        602.43         0.85              853.47         775.4          0.82              969.11          726.97          0.8                73.28                      93.78                       141.84                    107.07                     169.8                    138.91                    3.78                          27.31                          176.22                                   152.69                                    440.33           849.63                              946.66                               -                    
106     0           1019.06   299.67   0.81        1016.71      292.61       0.62            1019.06       289.08        0.77             964.92       300.85       0.51            1006.12       287.9         0.8              981.4             349.11            0.69                 979.04             331.45             0.85                  968.45         432.68         0.69              949.62          404.43          0.84               1034.37        422.09         0.76              1022.59         446.8           0.81               959.03       498.59       0.72            977.87        486.82        0.75             967.27        661.03        0.83             1075.56        597.47         0.88              881.35         774.03         0.84              1013.18         730.48          0.86               72.06                      98.18                       139.85                    113.43                     168.59                   138.12                    0.3                           21.53                          179.7                                    158.47                                    452.58           851.78                              889.9                                -                    
107     0           1019.1    299.28   0.8         1015.7       291.34       0.6             1019.1        289.06        0.76             968.01       299.28       0.52            1006.61       286.79        0.79             982.77            346.97            0.69                 979.36             331.08             0.83                  969.14         427.59         0.69              949.84          403.75          0.83               1035.0         418.51         0.78              1022.51         446.9           0.82               958.92       497.99       0.71            980.5         487.77        0.74             968.01        660.37        0.82             1075.88        597.92         0.86              881.71         773.91         0.83              1013.43         728.5           0.83               72.55                      98.59                       139.56                    113.55                     167.83                   139.52                    0.62                          22.52                          179.38                                   157.48                                    451.92           109.57                              3.76                                 -                    
108     0           1034.44   285.93   0.81        1027.26      272.6        0.65            1036.49       273.63        0.75             988.31       291.05       0.66            1030.34       274.65        0.78             983.19            339.22            0.72                 1007.79            322.82             0.83                  985.24         422.25         0.68              985.24          395.6           0.84               1050.84        412.0          0.78              1054.93         443.77          0.82               974.99       493.99       0.73            1007.79       482.72        0.77             994.46        657.98        0.79             1102.08        602.64         0.86              922.72         779.95         0.81              1056.98         736.91          0.83               82.53                      107.44                      142.76                    123.26                     170.2                    141.82                    4.45                          17.22                          175.55                                   162.78                                    472.5            516.48                              982.65                               -                    
109     0           1052.65   282.89   0.81        1046.3       270.19       0.67            1052.65       271.25        0.77             1010.33      285.0        0.78            1047.36       273.36        0.87             994.46            338.97            0.8                  1039.96            316.75             0.85                  1006.1         418.32         0.7               1025.14         390.81          0.84               1074.87        407.74         0.8               1086.51         444.77          0.82               995.52       496.62       0.74            1038.9        487.1         0.76             1023.03       658.51        0.81             1125.66        610.89         0.85              963.77         792.88         0.83              1103.44         746.33          0.86               89.6                       120.02                      146.56                    135.66                     170.74                   144.62                    7.96                          10.95                          172.04                                   169.05                                    486.72           736.42                              953.07                               -                    
110     0           1063.37   279.57   0.81        1060.15      268.84       0.62            1074.1        268.84        0.77             1033.31      284.94       0.75            1073.03       275.28        0.89             1011.85           342.9             0.81                 1073.03            317.14             0.86                  1034.39        415.89         0.7               1067.66         391.2           0.84               1099.86        406.23         0.77              1122.4          453.46          0.82               1015.07      506.05       0.77            1069.81       494.24        0.76             1046.19       670.27        0.82             1149.24        621.97         0.82              1009.7         807.67         0.84              1153.53         754.0           0.85               98.77                      134.53                      154.39                    149.99                     170.4                    147.08                    16.03                         3.1                            163.97                                   176.9                                     501.26           755.23                              1113.94                              -                    
111     0           1064.1    278.68   0.81        1060.88      269.02       0.62            1073.76       269.02        0.77             1034.05      285.12       0.76            1073.76       275.46        0.9              1011.51           343.08            0.81                 1073.76            317.32             0.86                  1035.12        413.91         0.7               1067.32         391.37          0.85               1100.59        405.32         0.77              1123.13         453.62          0.82               1015.81      506.21       0.77            1069.47       494.41        0.77             1045.86       670.42        0.82             1148.89        622.12         0.83              1009.37        807.8          0.84              1154.26         754.13          0.85               100.96                     133.15                      154.75                    150.45                     171.14                   146.74                    16.93                         3.58                           163.07                                   176.42                                    502.28           35.02                               22.52                                -                    
112     0           1100.1    286.0    0.8         1087.32      279.61       0.54            1108.62       279.61        0.52             1074.53      295.59       0.62            1120.34       289.2         0.73             1047.89           365.91            0.77                 1139.52            340.34             0.76                  1048.96        453.28         0.64              1167.22         417.05          0.78               1090.51        492.7          0.53              1204.51         485.24          0.77               1058.55      529.99       0.67            1129.93       515.07        0.64             1102.23       698.33        0.78             1216.23        657.84         0.75              1043.63        837.9          0.78              1256.72         767.58          0.42               134.19                     171.18                      142.68                    169.1                      169.17                   145.71                    3.02                          23.0                           176.98                                   157.0                                     516.74           2653.22                             2633.84                              -                    
113     0           1100.14   287.02   0.79        1087.35      279.56       0.54            1110.79       280.62        0.51             1074.57      295.54       0.63            1120.37       289.15        0.73             1047.94           365.84            0.77                 1139.55            340.27             0.76                  1049.01        454.24         0.64              1167.24         416.96          0.77               1090.55        492.59         0.53              1204.52         485.13          0.77               1058.59      529.87       0.67            1129.96       514.95        0.64             1102.27       698.16        0.78             1216.23        657.68         0.74              1043.68        837.69         0.78              1256.71         766.33          0.42               133.4                      171.18                      142.68                    169.28                     169.17                   145.71                    3.03                          23.0                           176.97                                   157.0                                     514.99           3.51                                3.26                                 -                    
114     0           1125.46   293.83   0.79        1120.12      286.35       0.46            1123.32       288.49        0.52             1105.17      303.44       0.53            1150.02       292.76        0.67             1069.92           373.93            0.77                 1177.79            353.64             0.78                  1066.72        468.99         0.68              1216.24         431.61          0.78               1168.18        458.31         0.55              1240.81         496.76          0.72               1090.21      542.68       0.61            1168.18       527.73        0.63             1115.85       711.43        0.75             1238.67        663.37         0.68              1043.22        843.87         0.79              1059.24         812.9           0.15               82.06                      174.41                      142.62                    102.35                     178.22                   149.38                    8.79                          29.41                          171.21                                   150.59                                    534.56           2560.07                             1149.56                              -                    
115     0           1156.9    298.55   0.73        1143.11      293.24       0.43            1174.94       293.24        0.41             1131.43      302.8        0.6             1182.37       295.37        0.68             1097.47           376.03            0.78                 1215.27            357.98             0.77                  1083.67        482.16         0.81              1240.75         429.09          0.62               1138.86        477.91         0.61              1201.48         458.81          0.37               1125.06      554.33       0.68            1206.78       544.78        0.7              1128.25       713.52        0.77             1243.93        662.58         0.57              1045.46        841.94         0.8               1056.08         834.51          0.21               78.19                      107.41                      146.05                    114.97                     172.35                   159.9                     16.2                          22.31                          163.8                                    157.69                                    539.68           1064.05                             1648.7                               -                    
116     0           1156.87   298.58   0.73        1143.07      293.27       0.43            1174.91       294.33        0.41             1131.39      302.82       0.6             1183.4        295.39        0.68             1097.43           376.05            0.78                 1215.24            358.01             0.77                  1083.64        482.18         0.81              1240.71         429.12          0.62               1138.82        479.0          0.61              1201.44         459.89          0.37               1126.09      555.41       0.68            1206.75       544.8         0.7              1128.21       713.54        0.77             1243.89        662.6          0.57              1045.43        841.96         0.8               1056.04         834.53          0.22               79.29                      108.38                      146.42                    114.97                     171.69                   159.9                     16.48                         22.31                          163.52                                   157.69                                    539.67           32.76                               32.77                                -                    
117     0           1156.64   298.56   0.73        1142.83      294.31       0.43            1175.75       294.31        0.41             1132.21      302.81       0.6             1183.19       295.37        0.68             1097.17           376.08            0.78                 1216.11            358.03             0.77                  1083.37        482.27         0.81              1239.47         429.18          0.61               1138.59        479.09         0.61              1200.18         458.91          0.38               1125.84      554.48       0.68            1206.55       544.93        0.7              1127.97       712.71        0.77             1242.65        662.8          0.56              1045.14        842.27         0.8               1055.76         834.83          0.22               79.29                      108.94                      146.64                    115.6                      171.64                   160.04                    16.54                         21.11                          163.46                                   158.89                                    539.99           7.64                                48.29                                -                    
118     0           1157.82   298.64   0.73        1142.96      294.39       0.43            1175.86       294.39        0.42             1131.29      302.88       0.6             1183.29       295.45        0.69             1097.32           376.11            0.78                 1216.19            358.07             0.77                  1083.53        483.31         0.81              1240.61         429.18          0.62               1138.72        480.13         0.61              1201.34         458.9           0.39               1125.98      555.48       0.68            1207.7        544.87        0.7              1128.1        713.62        0.77             1243.79        662.68         0.57              1045.32        842.05         0.8               1055.93         834.62          0.22               79.36                      108.17                      146.42                    115.44                     171.69                   160.37                    16.41                         21.55                          163.59                                   158.45                                    539.7            31.64                               34.94                                -                    
119     0           488.14    424.36   0.14        657.67       437.82       0.17            463.92        448.58        0.18             654.98       453.96       0.14            533.89        456.65        0.16             700.73            432.43            0.17                 477.38             435.12             0.18                  730.33         488.94         0.21              453.16          507.78          0.22               681.89         532.0          0.18              461.23          545.45          0.19               657.67       607.35       0.19            547.34        604.66        0.19             665.75        976.01        0.12             480.07         620.8          0.11              663.06         1002.92        0.19              453.16          1005.61         0.19               103.99                     149.47                      173.03                    107.5                      164.92                   81.07                     41.47                         40.86                          138.53                                   139.14                                    579.9            13869.48                            22478.71                             peak_hand_velocity   
120     0           488.14    488.94   0.13        488.14       448.58       0.16            466.61        456.65        0.17             536.58       459.34       0.14            490.83        464.73        0.16             671.13            445.89            0.14                 480.07             445.89             0.15                  708.8          480.87         0.18              474.69          491.64          0.18               668.44         515.85         0.15              493.52          532.0           0.16               657.67       593.89       0.15            552.73        580.44        0.16             665.75        569.67        0.09             480.07         569.67         0.09              663.06         984.08         0.13              461.23          984.08          0.13               83.79                      148.27                      18.06                     84.18                      13.24                    53.2                      52.32                         35.08                          127.68                                   144.92                                    495.14           634.02                              1055.31                              -                    
121     0           488.14    427.05   0.13        485.45       440.51       0.16            461.23        448.58        0.17             541.96       456.65       0.12            488.14        462.03        0.14             671.13            437.82            0.15                 477.38             440.51             0.16                  706.11         480.87         0.18              453.16          486.25          0.18               668.44         513.16         0.15              477.38          521.24          0.16               657.67       596.58       0.15            550.03        580.44        0.16             668.44        550.84        0.08             480.07         553.53         0.08              663.06         978.7          0.14              463.92          976.01          0.14               91.51                      117.41                      12.52                     71.15                      8.4                      41.52                     43.94                         55.34                          136.06                                   124.66                                    550.3            81.18                               585.38                               -                    
122     0           482.76    427.05   0.12        477.38       435.12       0.15            450.47        443.2         0.16             539.27       459.34       0.12            132.93        464.73        0.16             668.44            448.58            0.13                 450.47             445.89             0.15                  703.42         480.87         0.16              450.47          483.56          0.16               665.75         505.09         0.13              458.54          510.47          0.13               636.15       596.58       0.12            550.03        575.06        0.13             665.75        970.63        0.09             480.07         946.41         0.07              668.44         976.01         0.14              450.47          970.63          0.14               75.44                      163.3                       157.96                    139.96                     163.17                   131.7                     59.6                          37.63                          120.4                                    142.37                                    546.27           256.71                              654.48                               -                    
123     0           482.76    427.05   0.12        480.07       435.12       0.15            450.47        443.2         0.16             539.27       459.34       0.12            132.93        464.73        0.16             668.44            448.58            0.13                 450.47             445.89             0.15                  703.42         480.87         0.16              450.47          483.56          0.16               665.75         505.09         0.13              458.54          510.47          0.14               638.84       596.58       0.13            550.03        575.06        0.13             665.75        970.63        0.09             480.07         946.41         0.07              665.75         976.01         0.14              450.47          970.63          0.14               75.44                      163.3                       175.89                    139.96                     164.58                   131.7                     58.6                          37.63                          121.4                                    142.37                                    546.27           0.0                                 0.0                                  -                    
124     0           482.76    488.94   0.1         477.38       440.51       0.13            450.47        448.58        0.13             544.65       462.03       0.09            132.93        472.8         0.12             700.73            451.27            0.1                  447.78             445.89             0.12                  727.64         483.56         0.13              447.78          486.25          0.13               673.82         973.32         0.13              453.16          951.79          0.13               657.67       951.79       0.11            547.34        599.27        0.11             671.13        976.01        0.09             477.38         954.48         0.07              676.51         984.08         0.14              458.54          978.7           0.14               133.92                     179.34                      175.36                    153.27                     146.03                   135.87                    44.72                         32.99                          135.28                                   147.01                                    492.45           14127.08                            13314.19                             -                    
125     0           482.76    488.94   0.1         477.38       443.2        0.13            447.78        451.27        0.13             544.65       462.03       0.09            485.45        470.11        0.11             673.82            451.27            0.1                  445.09             443.2              0.12                  727.64         486.25         0.13              447.78          505.09          0.13               673.82         981.39         0.12              450.47          973.32          0.13               657.67       620.8        0.11            504.29        601.97        0.12             671.13        984.08        0.09             477.38         967.94         0.07              676.51         989.47         0.14              453.16          984.08          0.13               116.82                     177.84                      137.12                    127.9                      172.44                   155.35                    62.42                         17.96                          117.58                                   162.04                                    497.83           243.53                              654.48                               -                    
126     0           488.14    841.46   0.07        100.64       1021.76      0.12            127.55        994.85        0.11             541.96       997.54       0.1             130.24        1010.99       0.15             703.42            488.94            0.07                 447.78             451.27             0.09                  703.42         935.65         0.1               477.38          892.59          0.11               673.82         976.01         0.13              455.85          970.63          0.14               563.49       962.56       0.11            506.98        957.17        0.11             673.82        976.01        0.09             -155.0         965.25         0.09              679.2          978.7          0.13              -155.0          967.94          0.12               143.75                     160.74                      160.39                    90.7                       80.49                    84.02                     16.46                         2.84                           163.54                                   177.16                                    131.86           162.36                              181.52                               -                    
127     0           490.83    989.47   0.08        100.64       1021.76      0.14            127.55        994.85        0.12             116.79       997.54       0.12            130.24        1008.3        0.16             700.73            994.85            0.08                 453.16             989.47             0.09                  700.73         951.79         0.12              -155.0          943.72          0.12               676.51         984.08         0.15              455.85          976.01          0.16               555.42       976.01       0.12            509.67        967.94        0.12             676.51        978.7         0.1              -155.0         970.63         0.1               679.2          984.08         0.13              -155.0          973.32          0.13               36.87                      1.28                        117.84                    90.23                      6.11                     20.62                     82.61                         154.84                         97.39                                    25.16                                     10.76            256.71                              162.36                               -                    
128     0           490.83    989.47   0.08        100.64       1021.76      0.14            127.55        994.85        0.12             116.79       997.54       0.12            130.24        1010.99       0.16             700.73            994.85            0.09                 458.54             992.16             0.09                  700.73         951.79         0.12              485.45          943.72          0.12               676.51         986.77         0.15              455.85          978.7           0.16               558.11       984.08       0.12            544.65        970.63        0.12             676.51        981.39        0.1              -155.0         973.32         0.1               679.2          986.77         0.13              -155.0          973.32          0.13               34.7                       11.18                       115.26                    90.0                       5.62                     13.82                     85.68                         46.91                          94.32                                    133.09                                    9.42             81.18                               81.18                                -                    
129     0           490.83    989.47   0.08        100.64       1021.76      0.14            127.55        994.85        0.12             116.79       997.54       0.12            130.24        1010.99       0.16             700.73            994.85            0.08                 458.54             989.47             0.09                  700.73         951.79         0.12              -155.0          943.72          0.12               676.51         984.08         0.15              455.85          976.01          0.16               558.11       978.7        0.12            544.65        970.63        0.12             676.51        981.39        0.1              -155.0         970.63         0.1               679.2          984.08         0.13              -155.0          973.32          0.13               36.87                      1.24                        136.3                     90.0                       5.16                     12.34                     83.54                         163.4                          96.46                                    16.6                                      10.76            81.18                               81.18                                -                    
130     0           840.66    698.84   0.42        864.88       688.08       0.46            840.66        685.39        0.46             878.33       677.31       0.4             829.9         671.93        0.36             894.48            642.33            0.35                 816.44             647.71             0.33                  910.62         739.2          0.36              778.77          723.06          0.34               848.73         747.28         0.32              784.15          744.59          0.34               883.72       809.17       0.35            811.06        798.41        0.35             862.19        965.25        0.22             786.84         841.46         0.2               875.64         793.02         0.25              797.6           779.57          0.26               87.97                      139.4                       3.39                      19.49                      175.84                   152.69                    13.15                         24.52                          166.85                                   155.48                                    87.46            8833.13                             12117.03                             -                    
131     0           840.66    701.53   0.41        864.88       688.08       0.46            840.66        685.39        0.46             875.64       674.62       0.4             827.2         671.93        0.35             894.48            639.64            0.34                 813.75             647.71             0.33                  910.62         739.2          0.36              778.77          723.06          0.34               851.42         747.28         0.32              786.84          744.59          0.35               881.02       809.17       0.35            811.06        798.41        0.36             867.57        838.77        0.22             789.53         841.46         0.21              878.33         806.48         0.24              797.6           784.95          0.26               88.55                      134.54                      6.01                      18.43                      160.09                   154.46                    13.75                         23.88                          166.25                                   156.12                                    94.18            81.18                               81.18                                -                    
132     0           840.66    698.84   0.41        864.88       688.08       0.45            840.66        685.39        0.45             875.64       677.31       0.4             827.2         671.93        0.35             894.48            642.33            0.34                 813.75             647.71             0.33                  910.62         739.2          0.36              778.77          723.06          0.34               848.73         747.28         0.31              784.15          744.59          0.34               881.02       809.17       0.35            808.37        798.41        0.35             862.19        838.77        0.22             786.84         841.46         0.2               875.64         803.79         0.24              794.91          782.26          0.26               87.97                      141.06                      11.43                     18.8                       152.14                   155.48                    14.07                         22.86                          165.93                                   157.14                                    94.18            81.18                               81.18                                -                    
133     0           840.66    698.84   0.41        864.88       688.08       0.46            840.66        685.39        0.46             878.33       674.62       0.4             827.2         671.93        0.35             897.17            642.33            0.34                 813.75             647.71             0.33                  913.32         739.2          0.36              778.77          723.06          0.34               848.73         747.28         0.31              784.15          744.59          0.34               881.02       809.17       0.35            811.06        798.41        0.36             864.88        838.77        0.21             786.84         838.77         0.2               340.14         809.17         0.24              794.91          784.95          0.25               87.66                      141.06                      115.38                    22.43                      156.92                   150.06                    14.99                         23.88                          165.01                                   156.12                                    98.22            0.0                                 0.0                                  -                    
134     0           843.35    698.84   0.42        867.57       688.08       0.46            843.35        682.69        0.46             881.02       674.62       0.4             827.2         671.93        0.35             899.86            639.64            0.35                 813.75             647.71             0.33                  916.01         736.51         0.37              778.77          720.37          0.35               872.95         747.28         0.32              784.15          744.59          0.35               883.72       809.17       0.36            811.06        795.72        0.36             870.26        838.77        0.22             786.84         841.46         0.21              881.02         801.1          0.25              797.6           782.26          0.26               94.57                      141.76                      8.5                       17.59                      161.0                    153.14                    14.9                          24.67                          165.1                                    155.33                                    92.84            730.6                               0.0                                  -                    
135     0           835.28    701.53   0.41        862.19       690.77       0.45            840.66        688.08        0.45             872.95       680.0        0.39            827.2         671.93        0.35             891.79            645.02            0.33                 813.75             650.4              0.32                  907.93         739.2          0.35              778.77          723.06          0.33               835.28         747.28         0.31              784.15          744.59          0.34               878.33       809.17       0.34            808.37        798.41        0.34             856.81        838.77        0.21             786.84         838.77         0.2               872.95         803.79         0.24              794.91          782.26          0.25               86.61                      140.25                      11.25                     19.94                      148.66                   154.01                    14.41                         23.63                          165.59                                   156.37                                    91.49            1136.49                             0.0                                  -                    
136     0           837.97    698.84   0.41        862.19       688.08       0.45            840.66        685.39        0.45             872.95       677.31       0.39            827.2         671.93        0.35             889.1             642.33            0.34                 816.44             647.71             0.33                  905.24         739.2          0.35              778.77          720.37          0.34               843.35         747.28         0.32              784.15          744.59          0.34               878.33       809.17       0.35            811.06        798.41        0.36             859.5         967.94        0.22             786.84         841.46         0.2               875.64         803.79         0.24              797.6           782.26          0.25               87.97                      140.06                      1.15                      19.05                      176.93                   152.69                    13.15                         25.36                          166.85                                   154.64                                    94.18            243.53                              0.0                                  -                    
137     0           837.97    698.84   0.42        862.19       688.08       0.46            837.97        685.39        0.46             872.95       677.31       0.4             827.2         669.24        0.35             886.41            645.02            0.33                 816.44             647.71             0.32                  905.24         739.2          0.35              778.77          723.06          0.33               843.35         749.97         0.31              786.84          747.28          0.34               878.33       809.17       0.35            811.06        798.41        0.36             862.19        838.77        0.22             789.53         841.46         0.2               875.64         811.86         0.24              797.6           787.64          0.25               88.56                      135.0                       2.05                      18.03                      154.21                   155.48                    14.13                         24.52                          165.87                                   155.48                                    100.91           81.18                               114.8                                -                    
138     0           837.97    698.84   0.41        862.19       688.08       0.45            837.97        685.39        0.45             872.95       677.31       0.39            824.51        669.24        0.34             886.41            645.02            0.33                 816.44             647.71             0.32                  905.24         739.2          0.35              778.77          723.06          0.33               843.35         749.97         0.31              786.84          747.28          0.34               878.33       809.17       0.35            811.06        798.41        0.35             862.19        838.77        0.21             789.53         841.46         0.2               875.64         811.86         0.24              797.6           787.64          0.25               88.56                      135.0                       2.05                      18.03                      154.21                   155.48                    14.13                         24.52                          165.87                                   155.48                                    100.91           0.0                                 0.0                                  -                    
139     0           832.59    698.84   0.39        859.5        688.08       0.44            837.97        685.39        0.44             867.57       677.31       0.38            821.82        669.24        0.33             883.72            645.02            0.31                 813.75             647.71             0.31                  905.24         739.2          0.33              778.77          723.06          0.31               832.59         749.97         0.3               786.84          747.28          0.32               878.33       809.17       0.33            808.37        798.41        0.34             856.81        817.24        0.21             786.84         838.77         0.19              340.14         814.55         0.24              334.76          798.41          0.25               85.55                      136.66                      159.15                    112.97                     112.43                   153.97                    14.75                         22.86                          165.25                                   157.14                                    107.64           324.71                              0.0                                  -                    
140     0           835.28    698.84   0.4         859.5        688.08       0.44            837.97        685.39        0.44             870.26       677.31       0.38            824.51        669.24        0.34             886.41            645.02            0.32                 813.75             647.71             0.32                  905.24         739.2          0.34              778.77          723.06          0.32               835.28         749.97         0.3               784.15          747.28          0.33               878.33       809.17       0.34            808.37        798.41        0.35             859.5         817.24        0.21             786.84         838.77         0.2               340.14         814.55         0.25              334.76          795.72          0.25               87.44                      142.57                      156.5                     112.63                     116.01                   153.97                    14.13                         22.86                          165.87                                   157.14                                    106.29           81.18                               81.18                                -                    
141     0           835.28    698.84   0.4         859.5        688.08       0.44            837.97        685.39        0.44             870.26       677.31       0.38            824.51        669.24        0.34             881.02            645.02            0.32                 813.75             647.71             0.32                  902.55         739.2          0.34              778.77          723.06          0.32               832.59         749.97         0.3               786.84          747.28          0.33               878.33       809.17       0.34            808.37        798.41        0.34             856.81        836.08        0.21             786.84         838.77         0.2               340.14         814.55         0.24              794.91          793.02          0.25               85.87                      136.66                      126.27                    18.06                      142.28                   153.97                    13.81                         22.86                          166.19                                   157.14                                    104.95           81.18                               81.18                                -                    
142     0           832.59    698.84   0.4         859.5        688.08       0.44            837.97        685.39        0.44             867.57       674.62       0.38            824.51        669.24        0.34             883.72            645.02            0.32                 813.75             647.71             0.32                  905.24         739.2          0.34              778.77          723.06          0.32               835.28         749.97         0.3               784.15          747.28          0.33               878.33       809.17       0.34            808.37        798.41        0.35             859.5         817.24        0.21             789.53         838.77         0.2               340.14         817.24         0.25              334.76          801.1           0.25               85.87                      142.57                      156.8                     110.28                     115.08                   157.03                    14.75                         22.86                          165.25                                   157.14                                    110.33           81.18                               81.18                                -                    
143     0           832.59    698.84   0.4         856.81       688.08       0.45            837.97        685.39        0.45             867.57       677.31       0.39            824.51        671.93        0.34             881.02            645.02            0.32                 813.75             650.4              0.32                  902.55         739.2          0.34              778.77          723.06          0.32               835.28         749.97         0.3               784.15          747.28          0.33               878.33       809.17       0.34            808.37        798.41        0.35             856.81        838.77        0.21             786.84         838.77         0.2               340.14         811.86         0.24              797.6           790.33          0.25               86.22                      141.76                      123.05                    15.54                      144.91                   154.01                    13.81                         23.63                          166.19                                   156.37                                    102.26           0.0                                 0.0                                  -                    
144     0           835.28    698.84   0.4         859.5        688.08       0.45            837.97        682.69        0.45             870.26       677.31       0.39            824.51        669.24        0.34             881.02            645.02            0.32                 813.75             647.71             0.32                  905.24         739.2          0.34              778.77          723.06          0.32               835.28         749.97         0.3               784.15          747.28          0.33               878.33       809.17       0.34            808.37        798.41        0.35             859.5         817.24        0.21             789.53         838.77         0.2               340.14         814.55         0.25              334.76          798.41          0.25               84.33                      142.57                      156.5                     109.94                     114.14                   157.03                    15.36                         22.86                          164.64                                   157.14                                    107.64           0.0                                 0.0                                  -                    
145     0           835.28    698.84   0.4         859.5        688.08       0.44            837.97        685.39        0.44             867.57       677.31       0.38            824.51        671.93        0.34             881.02            645.02            0.32                 813.75             650.4              0.32                  902.55         739.2          0.34              778.77          723.06          0.32               832.59         749.97         0.3               784.15          747.28          0.33               878.33       809.17       0.34            808.37        798.41        0.34             856.81        838.77        0.21             786.84         838.77         0.2               340.14         811.86         0.24              794.91          790.33          0.25               85.87                      141.76                      123.05                    18.61                      144.91                   154.01                    13.81                         23.63                          166.19                                   156.37                                    102.26           81.18                               0.0                                  -                    
146     0           837.97    698.84   0.4         862.19       685.39       0.45            837.97        682.69        0.45             875.64       674.62       0.39            824.51        669.24        0.34             891.79            642.33            0.32                 813.75             647.71             0.32                  910.62         739.2          0.34              778.77          723.06          0.32               837.97         749.97         0.3               786.84          747.28          0.33               878.33       809.17       0.34            811.06        798.41        0.35             862.19        814.55        0.2              786.84         836.08         0.19              340.14         817.24         0.26              334.76          803.79          0.27               87.42                      136.66                      161.86                    118.65                     113.05                   148.29                    15.61                         23.88                          164.39                                   156.12                                    111.68           162.36                              81.18                                -                    
147     0           837.97    698.84   0.4         862.19       688.08       0.45            837.97        682.69        0.45             872.95       674.62       0.38            827.2         669.24        0.33             889.1             639.64            0.32                 816.44             645.02             0.32                  907.93         739.2          0.34              778.77          723.06          0.33               837.97         749.97         0.3               786.84          747.28          0.33               878.33       809.17       0.34            811.06        798.41        0.35             862.19        819.93        0.21             789.53         838.77         0.2               340.14         814.55         0.25              334.76          793.02          0.25               88.03                      135.8                       145.72                    112.33                     127.32                   153.94                    14.35                         23.76                          165.65                                   156.24                                    104.95           0.0                                 0.0                                  -                    
148     0           837.97    698.84   0.4         862.19       688.08       0.45            837.97        682.69        0.45             872.95       674.62       0.39            824.51        669.24        0.34             889.1             642.33            0.32                 813.75             647.71             0.32                  907.93         739.2          0.34              778.77          723.06          0.32               837.97         749.97         0.3               786.84          747.28          0.33               878.33       809.17       0.34            811.06        798.41        0.35             859.5         814.55        0.21             789.53         838.77         0.2               340.14         817.24         0.25              334.76          801.1           0.26               87.74                      136.66                      164.35                    113.34                     109.64                   152.95                    14.69                         23.88                          165.31                                   156.12                                    110.33           0.0                                 0.0                                  -                    
149     0           837.97    698.84   0.4         862.19       688.08       0.45            837.97        682.69        0.45             872.95       674.62       0.38            824.51        669.24        0.33             889.1             642.33            0.32                 813.75             647.71             0.32                  907.93         739.2          0.34              778.77          723.06          0.32               835.28         749.97         0.3               786.84          747.28          0.33               878.33       809.17       0.34            811.06        798.41        0.35             859.5         817.24        0.2              789.53         838.77         0.19              340.14         814.55         0.25              334.76          798.41          0.26               87.42                      136.66                      156.5                     113.0                      116.89                   152.95                    14.69                         23.88                          165.31                                   156.12                                    107.64           81.18                               0.0                                  -                    
150     0           832.59    698.84   0.4         856.81       688.08       0.45            837.97        685.39        0.45             870.26       677.31       0.38            824.51        669.24        0.34             889.1             642.33            0.32                 813.75             647.71             0.32                  907.93         739.2          0.34              778.77          723.06          0.33               832.59         749.97         0.31              784.15          747.28          0.34               878.33       809.17       0.34            811.06        798.41        0.35             856.81        819.93        0.21             786.84         838.77         0.2               340.14         811.86         0.25              337.45          787.64          0.25               87.13                      142.57                      152.54                    114.47                     120.26                   150.06                    14.69                         23.88                          165.31                                   156.12                                    100.91           81.18                               81.18                                -                    
151     0           832.59    698.84   0.39        856.81       688.08       0.44            835.28        685.39        0.44             870.26       674.62       0.38            824.51        669.24        0.33             889.1             642.33            0.32                 813.75             647.71             0.32                  907.93         739.2          0.34              778.77          723.06          0.32               832.59         749.97         0.3               786.84          747.28          0.33               878.33       809.17       0.34            811.06        798.41        0.35             856.81        817.24        0.2              786.84         838.77         0.19              340.14         814.55         0.25              334.76          795.72          0.26               87.13                      136.66                      159.15                    115.52                     114.25                   150.06                    14.69                         23.88                          165.31                                   156.12                                    106.29           0.0                                 81.18                                -                    
152     0           835.28    698.84   0.4         862.19       685.39       0.45            835.28        682.69        0.45             872.95       671.93       0.38            824.51        666.55        0.34             891.79            639.64            0.32                 813.75             647.71             0.32                  910.62         739.2          0.34              778.77          723.06          0.33               837.97         749.97         0.3               786.84          747.28          0.34               881.02       809.17       0.34            811.06        798.41        0.36             864.88        803.79        0.21             789.53         819.93         0.2               340.14         819.93         0.27              334.76          809.17          0.27               87.71                      136.66                      159.8                     133.64                     75.2                     136.02                    14.35                         23.88                          165.65                                   156.12                                    115.71           162.36                              0.0                                  -                    
153     0           835.28    698.84   0.39        859.5        685.39       0.44            837.97        682.69        0.45             870.26       674.62       0.38            824.51        669.24        0.33             889.1             639.64            0.32                 813.75             645.02             0.32                  910.62         739.2          0.34              778.77          723.06          0.33               837.97         749.97         0.3               786.84          747.28          0.33               881.02       809.17       0.34            811.06        798.41        0.35             859.5         814.55        0.21             789.53         838.77         0.2               340.14         817.24         0.26              334.76          801.1           0.26               86.23                      137.42                      166.26                    113.34                     106.76                   152.93                    14.93                         23.14                          165.07                                   156.86                                    110.33           0.0                                 0.0                                  -                    
154     0           832.59    698.84   0.4         859.5        685.39       0.45            835.28        682.69        0.45             872.95       671.93       0.38            824.51        666.55        0.34             889.1             639.64            0.32                 813.75             647.71             0.32                  910.62         739.2          0.34              778.77          723.06          0.33               837.97         749.97         0.3               786.84          747.28          0.34               878.33       809.17       0.35            811.06        798.41        0.36             862.19        806.48        0.21             789.53         819.93         0.2               340.14         819.93         0.26              334.76          806.48          0.27               86.23                      136.66                      169.06                    133.31                     84.17                    136.02                    15.83                         23.88                          164.17                                   156.12                                    114.37           0.0                                 0.0                                  -                    
155     0           832.59    698.84   0.39        859.5        688.08       0.44            835.28        682.69        0.44             870.26       674.62       0.38            824.51        669.24        0.33             886.41            639.64            0.32                 813.75             645.02             0.32                  907.93         739.2          0.34              778.77          723.06          0.32               835.28         749.97         0.3               786.84          747.28          0.33               878.33       809.17       0.34            811.06        798.41        0.35             859.5         814.55        0.2              789.53         838.77         0.2               340.14         817.24         0.26              334.76          806.48          0.26               86.23                      137.42                      164.35                    114.01                     108.67                   152.93                    14.93                         23.14                          165.07                                   156.86                                    113.02           81.18                               0.0                                  -                    
156     0           835.28    698.84   0.4         859.5        688.08       0.45            837.97        682.69        0.45             872.95       674.62       0.38            824.51        669.24        0.34             891.79            639.64            0.33                 813.75             647.71             0.33                  910.62         739.2          0.35              778.77          723.06          0.34               835.28         749.97         0.31              784.15          747.28          0.34               881.02       809.17       0.35            811.06        798.41        0.36             862.19        817.24        0.21             786.84         838.77         0.2               340.14         814.55         0.25              334.76          790.33          0.26               87.42                      142.57                      156.51                    114.85                     116.83                   150.06                    14.35                         23.88                          165.65                                   156.12                                    103.6            0.0                                 81.18                                -                    
157     0           832.59    698.84   0.4         859.5        688.08       0.45            835.28        682.69        0.45             872.95       674.62       0.38            824.51        669.24        0.34             891.79            642.33            0.32                 813.75             647.71             0.32                  907.93         739.2          0.34              778.77          723.06          0.33               837.97         749.97         0.3               786.84          747.28          0.34               881.02       809.17       0.34            811.06        798.41        0.35             859.5         814.55        0.21             786.84         836.08         0.2               340.14         817.24         0.26              334.76          803.79          0.27               89.28                      136.66                      166.26                    118.65                     107.73                   148.29                    13.15                         23.88                          166.85                                   156.12                                    111.68           81.18                               81.18                                -                    
158     0           835.28    698.84   0.41        859.5        685.39       0.46            835.28        682.69        0.46             872.95       671.93       0.39            824.51        666.55        0.35             891.79            639.64            0.34                 816.44             645.02             0.33                  910.62         739.2          0.35              778.77          720.37          0.34               846.04         749.97         0.31              786.84          747.28          0.35               881.02       809.17       0.35            813.75        798.41        0.36             867.57        838.77        0.21             789.53         838.77         0.2               340.14         811.86         0.25              800.3           784.95          0.25               88.75                      136.74                      111.52                    19.65                      159.19                   150.04                    14.35                         25.56                          165.65                                   154.44                                    99.57            243.53                              0.0                                  -                    
159     0           835.28    698.84   0.41        859.5        685.39       0.46            835.28        682.69        0.46             872.95       671.93       0.39            824.51        669.24        0.35             891.79            639.64            0.33                 813.75             645.02             0.33                  910.62         739.2          0.35              778.77          720.37          0.34               846.04         749.97         0.31              786.84          747.28          0.35               881.02       809.17       0.35            811.06        798.41        0.37             867.57        817.24        0.21             789.53         838.77         0.2               340.14         814.55         0.25              337.45          790.33          0.26               88.75                      138.4                       148.74                    111.96                     124.6                    152.93                    14.35                         23.9                           165.65                                   156.1                                     103.6            0.0                                 0.0                                  -                    
160     0           832.59    698.84   0.41        859.5        685.39       0.46            835.28        682.69        0.46             872.95       671.93       0.39            824.51        666.55        0.34             891.79            639.64            0.33                 813.75             647.71             0.33                  910.62         739.2          0.35              778.77          723.06          0.33               848.73         749.97         0.31              786.84          747.28          0.34               881.02       809.17       0.35            811.06        798.41        0.36             867.57        814.55        0.21             789.53         836.08         0.2               340.14         817.24         0.26              334.76          803.79          0.27               89.15                      136.66                      158.49                    115.68                     115.43                   151.28                    14.35                         23.88                          165.65                                   156.12                                    111.68           81.18                               0.0                                  -                    
161     0           835.28    698.84   0.41        859.5        685.39       0.46            835.28        682.69        0.46             872.95       671.93       0.39            824.51        669.24        0.35             891.79            639.64            0.33                 813.75             647.71             0.33                  910.62         739.2          0.35              778.77          723.06          0.34               851.42         749.97         0.31              786.84          747.28          0.35               881.02       809.17       0.35            813.75        798.41        0.37             867.57        817.24        0.21             789.53         838.77         0.2               340.14         817.24         0.26              334.76          793.02          0.26               89.59                      136.66                      149.04                    115.22                     124.6                    149.04                    14.35                         24.9                           165.65                                   155.1                                     106.29           81.18                               0.0                                  -                    
162     0           832.59    698.84   0.41        859.5        685.39       0.46            835.28        682.69        0.46             872.95       671.93       0.39            821.82        666.55        0.34             891.79            639.64            0.33                 813.75             647.71             0.33                  913.32         739.2          0.35              778.77          723.06          0.33               851.42         749.97         0.3               786.84          747.28          0.34               881.02       809.17       0.35            811.06        798.41        0.36             867.57        811.86        0.21             789.53         819.93         0.2               340.14         819.93         0.27              334.76          806.48          0.27               87.67                      136.66                      169.57                    133.31                     104.94                   136.02                    15.83                         23.88                          164.17                                   156.12                                    114.37           0.0                                 0.0                                  -                    
163     0           832.59    698.84   0.4         859.5        685.39       0.45            835.28        682.69        0.45             872.95       674.62       0.38            824.51        669.24        0.34             891.79            642.33            0.32                 813.75             647.71             0.32                  910.62         739.2          0.34              778.77          723.06          0.32               837.97         749.97         0.3               786.84          747.28          0.33               881.02       809.17       0.34            811.06        798.41        0.35             862.19        814.55        0.2              786.84         836.08         0.19              340.14         817.24         0.26              334.76          806.48          0.27               87.42                      136.66                      164.35                    118.99                     109.64                   148.29                    14.69                         23.88                          165.31                                   156.12                                    113.02           405.89                              0.0                                  -                    
164     0           832.59    698.84   0.4         859.5        685.39       0.45            835.28        682.69        0.45             872.95       674.62       0.38            824.51        669.24        0.34             891.79            642.33            0.32                 813.75             647.71             0.32                  910.62         739.2          0.34              778.77          723.06          0.33               840.66         749.97         0.3               786.84          747.28          0.33               881.02       809.17       0.34            811.06        798.41        0.35             862.19        814.55        0.21             786.84         836.08         0.2               340.14         817.24         0.26              337.45          801.1           0.26               87.74                      136.66                      164.35                    118.28                     109.64                   148.29                    14.69                         23.88                          165.31                                   156.12                                    110.33           81.18                               0.0                                  -                    
165     0           835.28    698.84   0.4         859.5        685.39       0.45            835.28        682.69        0.45             872.95       674.62       0.38            824.51        669.24        0.34             891.79            642.33            0.32                 813.75             647.71             0.32                  910.62         739.2          0.34              778.77          723.06          0.33               840.66         749.97         0.3               786.84          747.28          0.34               881.02       809.17       0.34            811.06        798.41        0.35             862.19        814.55        0.21             786.84         836.08         0.2               340.14         817.24         0.26              334.76          801.1           0.27               87.74                      136.66                      164.35                    118.31                     109.64                   148.29                    14.69                         23.88                          165.31                                   156.12                                    110.33           0.0                                 0.0                                  -                    
166     0           835.28    698.84   0.4         862.19       685.39       0.45            837.97        680.0         0.45             872.95       669.24       0.38            824.51        666.55        0.33             897.17            634.26            0.33                 813.75             642.33             0.33                  916.01         739.2          0.35              778.77          723.06          0.34               848.73         749.97         0.31              786.84          747.28          0.35               881.02       809.17       0.36            813.75        798.41        0.37             867.57        801.1         0.21             786.84         819.93         0.2               340.14         819.93         0.28              334.76          806.48          0.28               88.91                      138.14                      146.99                    139.64                     64.31                    128.66                    15.45                         23.43                          164.55                                   156.57                                    114.37           243.53                              0.0                                  -                    
167     0           835.28    698.84   0.39        862.19       685.39       0.45            837.97        680.0         0.45             872.95       669.24       0.38            824.51        666.55        0.33             894.48            636.95            0.33                 813.75             645.02             0.33                  916.01         739.2          0.34              778.77          723.06          0.33               846.04         749.97         0.3               786.84          747.28          0.34               881.02       809.17       0.35            811.06        798.41        0.36             867.57        782.26        0.2              786.84         814.55         0.2               340.14         838.77         0.29              334.76          814.55          0.29               86.86                      137.42                      110.45                    146.31                     31.03                    124.7                     16.36                         23.14                          163.64                                   156.86                                    127.82           81.18                               0.0                                  -                    
168     0           835.28    698.84   0.4         862.19       685.39       0.45            837.97        682.69        0.45             872.95       669.24       0.38            827.2         666.55        0.34             894.48            636.95            0.34                 816.44             642.33             0.33                  913.32         736.51         0.35              778.77          720.37          0.34               848.73         749.97         0.31              786.84          747.28          0.35               881.02       809.17       0.35            813.75        798.41        0.37             867.57        809.17        0.21             786.84         819.93         0.2               340.14         817.24         0.27              334.76          801.1           0.27               91.06                      137.53                      179.12                    138.95                     94.47                    129.65                    15.18                         24.78                          164.82                                   155.22                                    110.33           81.18                               0.0                                  -                    
169     0           835.28    698.84   0.39        862.19       685.39       0.45            837.97        682.69        0.45             872.95       671.93       0.38            824.51        666.55        0.33             894.48            636.95            0.33                 813.75             645.02             0.33                  913.32         739.2          0.34              778.77          723.06          0.33               840.66         752.66         0.3               786.84          747.28          0.34               881.02       809.17       0.35            811.06        798.41        0.36             867.57        784.95        0.2              786.84         814.55         0.2               340.14         836.08         0.28              334.76          814.55          0.29               90.05                      137.42                      113.52                    146.31                     33.52                    124.7                     14.9                          23.14                          165.1                                    156.86                                    126.48           256.71                              0.0                                  -                    

==========================================================================================
 Total de Registros Exportados: 170 | Colunas: 67
